4	What color was used to emphasize the 50th anniversary of the Super Bowl?
5	What was the theme of Super Bowl 50?
7	What is the AFC short for?
8	What was the theme of Super Bowl 50?
11	Who won Super Bowl 50?
12	What venue did Super Bowl 50 take place in?
13	What city did Super Bowl 50 take place in?
15	Super Bowl 50 decided the NFL champion for what season?
16	What year did the Denver Broncos secure a Super Bowl title for the third time?
17	What city did Super Bowl 50 take place in?
18	What stadium did Super Bowl 50 take place in?
19	What was the final score of Super Bowl 50? 
20	What month, day and year did Super Bowl 50 take place? 
21	What year was Super Bowl 50?
24	Who won Super Bowl 50?
25	Super Bowl 50 determined the NFL champion for what season?
26	Which team won Super Bowl 50.
27	Where was Super Bowl 50 held?
28	The name of the NFL championship game is?
29	What 2015 NFL team one the AFC playoff?
30	Which Carolina Panthers player was named Most Valuable Player?
31	How many appearances have the Denver Broncos made in the Super Bowl?
32	What year was the Carolina Panthers franchise founded?
33	What team did the Panthers defeat?
35	Who did the Panthers beat in the NFC Championship Game?
40	What was the win/loss ratio in 2015 for the Carolina Panthers during their regular season?
41	Which Carolina Panthers team member was picked as the team's MVP in 2015? 
42	What were the win/loss game stats for the Denver Bronco's regular season in 2015?
45	Who is the quarterback for the Panthers?
46	Who did Carolina beat in the NFC championship game?
47	How many times have the Panthers been in the Super Bowl?
49	Who was the Most Valuable Player for the 2015 NFL season?
50	Who did Denver beat in the 2015 AFC Championship game?
51	Who did the Carolina Panthers beat in the 2015 NFC Championship game?
52	Who was the 2015 NFL MVP?
53	Who did the Panthers beat to become the NFC champs?
54	What year did the Carolina Panthers form?
55	Who was the Super Bowl 50 MVP?
56	How many fumbles did Von Miller force in Super Bowl 50?
58	Which Denver linebacker was named Super Bowl MVP?
65	Who was given the esteemed status of MVP for Super Bowl 50?
66	What position does Von Miller play for the Denver Broncos?
72	How many times did the Denver defense force Newton into turnovers?
73	Which Newton turnover resulted in seven points for Denver?
74	Who was the Most Valuable Player of Super Bowl 50?
75	What position does Von Miller play?
78	What Denver player caused two fumbles for the Panthers?
81	What was the average cost for a 30 second commercial during Super Bowl 50?
82	Which group headlined the Super Bowl 50 halftime show?
83	Which performers joined the headliner during the Super Bowl 50 halftime show?
84	At which Super Bowl did Beyonce headline the halftime show?
86	What was the average cost of a 30-second commercial?
87	What halftime performer previously headlined Super Bowl XLVII?
88	What halftime performer previously headlined Super Bowl XLVIII?
90	Which network broadcasted the 50th Super Bowl game? 
91	What was the average cost for a TV ad lasting 30 seconds during Super Bowl 50?
92	Who was the male singer who performed as a special guest during Super Bowl 50?
95	How much money did a 1/2 minute commercial cost?
97	What two artists came out with Coldplay during the half-time show?
99	Who headlined the halftime show for Super Bowl 50?
100	Who were special guests for the Super Bowl halftime show?
101	Which Super Bowl halftime show did Beyoncé headline?
103	Who lead the Super Bowl 50 halftime performance?
106	Who was the NFL Commissioner in early 2012?
138	When did the San Francisco Bay area last host the Super Bowl?
141	In what venue did Super Bowl XIX take place?
147	What was the entity that stepped in and caused Miami's Sun Life Stadium to no longer be in the running to host Super Bowl 50?
149	What other city has hosted the Super Bowl ten times?
152	What city is tied with Miami for hosting the Super Bowl?
154	Who decided not to approve paying for renovations at Sun Life Stadium that the league wanted for them to do to host Super Bowl 50?
158	How much did it cost to build Levi's Stadium?
166	When did Levi's stadium open to the public? 
190	Prior to Super Bowl 50, when were the Broncos last there?
191	Prior to Super Bowl 50, when were the Carolina Panthers last there?
195	Before Super Bowl 50, what was the coach's name that coached both teams for their last Super Bowl appearances?
197	Which Carolina Panthers wide receiver suffered a torn ACL before the season began?
199	In what year did the NFL switch to a 16-game regular season?
204	What year did the league begin having schedules with 16 games in them?
207	What injury did the Carolina Panthers lose Kelvin Benjamin to during their preseason?
210	When did the NFL start their 16 game seasons?
237	How many career sacks did Jared Allen have?
254	Who is Denver's defensive coordinator?
257	What was the first team Peyton Manning began playing for?
258	How old was Peyton Manning in 2015?
259	In the 10th week of the 2015 season, what injury was Peyton Manning dealing with?
260	When John Fox left as head coach for the Broncos, who replaced him?
261	Who was the quarterback for the Broncos 2015 season?
265	What coach left the Broncos after the season prior to Super Bowl 50?
267	Who was the Denver head coach for Super Bowl 50?
269	Who was the defensive coordinator for the Broncos in 2015?
270	What was Peyton Manning's passer rating for the season?
275	What was the passer rating for Peyton Manning that he finished out with for the season? 
276	How may yards did Peyton Manning throw?
280	What was Manning's passer rating at the end of the season?
284	What was Manning's passer rating for the 2015 season?
295	What is the position Derek Wolfe plays currently? 
296	How many points did the Broncos defense allow their opponents to get?
303	Who lost to the Panthers in the divisional round of the playoffs?
312	Who did the Panthers play to advance to the Super Bowl?
315	What was the score for the 2015 NFC championship game?
320	Who won Super Bowl XLIX?
324	What was the final score of the game between the Broncos and Steelers?
325	Who won Super Bowl XLIX?
335	What injury did Thomas Davis suffer in the NFC Championship?
336	How many times had Thomas Davis torn his ACL in his career?
343	What injury did Thomas Davis suffer during the playoff games?
345	Who suffered a broken arm in the NFC Championship Game?
348	How old was John Elway when he played in Super Bowl XXXIII?
349	What role does John Elway currently have in the Broncos franchise?
350	Who did John Elway play for in Super Bowl XXXIII?
351	What team was the winner of Super Bowl XXXIII?
353	How old was Elway during his Super Bowl XXXIII win?
354	Who has the record of being the oldest quarter back in any Super Bowl game?
361	How old was Manning when he played Super Bowl 50?
390	What team did Justin Tucker play for?
391	What position did Justin Tucker play?
393	What position does Tucker play for with the Ravens?
402	What was the final score of Super Bowl XXXIII?
403	What team lost Super Bowl XXXIII?
405	What was Elway's final game as the Denver quarterback?
407	What was the final score for Super Bowl XXXIII?
408	What team did the Denver Broncos play in  Super Bowl XXXIII?
409	What color were the Bronco's uniforms in Super Bowl 50?
410	What jersey did the Broncos wear for Super Bowl 50?
414	What color jersey has Denver 0-4?
450	What yard marker on the field was painted gold?
453	Because of the gold theme, what was Super Bowl 50 known as?
456	Since this was the 50th one, what was the theme color for the Super Bowl?
457	In what venue did the NFL Experience take place?
458	In what city is the Moscone Center located?
461	When was the opening of "Super Bowl City"?
463	Who was the mayor of San Francisco during Super Bowl 50? 
464	Which building was the NFL Experience held at for Super Bowl 50?
465	What was the name of the event at the The Embarcadero that was held prior to Super Bowl 50 to help show off some of the things that San Francisco has to offer?
467	What opened on January 30th at the Justin Herman plaza?
469	What football associated thing started at Justin Herman Plaza in January?
473	What did the Moscone Center host?
503	What date was Super Bowl Opening Night held?
512	What is the Super Bowl program called that gives local companies business opportunities for the Super Bowl?
513	What is the name of the service that gets local businesses contract chances with the Super Bowl?
516	What is the name of the Host Committee's charitable initiative?
555	In what language did ESPN Deportes broadcast the game?
585	What brand sponsored the "Crash the Super Bowl" contest?
586	What anniversary of the Pokémon franchise was celebrated during the Super Bowl?
589	Which company held a contest whereupon contestants could enter for a chance to have their own commercial shown during Super Bowl 50?
615	Disney paid for The Jungle Book, Alice Through the Looking Glass, and which other film trailer to be aired during the game?
620	Who did play-by-play on Westwood One?
650	Who was the Most Valuable Player of Super Bowl II?
651	What player won the MVP in Super Bowl V?
652	Who was the Most Valuable Player of Super Bowl XLI?
654	Who is the present quarterback of the Broncos?
660	Who was the MVP of Super Bowl I and II?
661	Who was the MVP of Super Bowl XLI?
664	What did Lady Gaga sing?
665	What award has Marlee Matlin won?
666	What did Marlee Matlin translate?
667	Into what language did Marlee Matlin translate the national anthem?
670	Who did the National Anthem at Super Bowl 50?
671	What actor did sign language for the National Anthem at Superbowl 50?
672	Who did the Super Bowl 50 National Anthem?
674	Who did the sign language of the National Anthem at Super Bowl 50?
677	At what Super Bowl did Beyoncé headline the halftime show?
678	What was the name of the single that Coldplay and Beyoncé collaborated on?
679	What previous Super Bowl halftime show did Bruno Mars headline?
680	Who lead the halftime show of Super Bowl 50?
682	What song did Coldplay and Beyoncé collaborate on for the Super Bowl 50 halftime show?
683	Who headlined the Super Bowl 50 halftime show?
686	What other former halftime show performer joined Coldplay and Beyoncé for the Super Bowl 50 halftime show?
701	Which former referee served as an analyst for CBS?
703	Who stripped the ball from Cam Newton while sacking him on this drive?
706	Who received the pass that was ruled incomplete and confirmed after a challenge?
708	Who, according to the text, caused Cam Newton to lose the ball during a tackle?
709	Who received the ball that cam Newton lost during a tackle to make it a Denver touchdown?
740	Who sacked Newton with 11 seconds left in the first half?
742	Who missed a field goal for the Panthers?
749	Who recovered Ward's fumble?
800	Who is the only quarterback to win a Super Bowl with two teams?
801	How many yards did Denver have for Super Bowl 50?
810	What was Maria Curie the first female recipient of?
811	What year was Casimir Pulaski born in Warsaw?
814	How old was Chopin when he moved to Warsaw with his family?
816	What is a popular strolling destination for the Varsovians?
819	What park covers an area of 76 ha.?
826	How many of Warsaw's inhabitants spoke Polish in 1933?
827	What percentage of the population of Warsaw was Jewish in 1897?
828	What was there a significant minority of in Warsaw?
829	What is most of Warsaw's modern growth based on?
832	What is the largest medical school in Poland?
833	What year was the University of Warsaw established?
837	What profession does Zbigniew Badowski have?
838	Who designed the garden for the University Library?
839	How much area does the University Library garden cover?
843	Warsaw's sidewalks and sanitation facilities are some examples of things which have what?
844	Where are some of the best medical facilities in East-Central Europe located?
849	What type of venue is the Teatr Wielki?
851	Where is the Congress Hall located?
852	Where is the Jazz Jamboree hosted?
878	When is the Warsaw Gallery Weekend held?
879	Who won the Ekstraklasa Championship in 2000?
880	When did Polonia Warsaw win the country's championship prior to 2000?
882	Where is Polonia's home venue located?
884	What is polish for "mermaid"?
885	What is Warsaw's symbol?
886	How long has the imagery of the mermaid been used by Warsaw?
887	When is the oldest armed seal of Warsaw from?
891	Where did one of Triton's daughters decide she wanted to hang out and stay?
892	A mermaid stopped to rest on the sandy beach by what village?
893	What did a greedy merchant do to the mermaid?
894	Where was the famous artist Tamara de Lempicka born?
895	When did Tamara marry a lawyer?
896	What did Lempicka represent better than anyone else?
897	What profession was Nathan Alterman?
899	Who ranked Warsaw as the 32nd most liveable city in the world?
900	When was Warsaw ranked as the 32nd most liveable city in the world?
901	What is Warsaw's economy characterized by?
902	What exchange in Warsaw is one of the most important for Central and Eastern Europe?
903	What is the name of the European Union agency for external border security?
904	When is the first reference in history to Warsaw?
905	What city served as Poland's capital in 1313?
906	When did Warsaw become the capital of the Kingdom of Poland?
907	Who moved his court from Kraków to Warsaw in 1596?
908	Why did Warsaw gain the title of the "Phoenix City"?
933	When was the Royal University of Warsaw established?
936	Who set up what became the Second Polish Republic?
939	When did Germany invade Poland and in doing so start World War II?
940	Who was Warsaw under the administration of when it came under the rule of the General Goverment?
941	How much of Warsaw's population was Jewish?
943	How long were the fighters of the Warsaw Ghetto Uprising able to hold out?
945	Why did the exiled Polish government in London order the underground Home Army to seize control of Warsaw prior to the arrival of the Red Army?
947	How many days did the Warsaw Uprising last?
948	What is the estimated death toll for Polish civilians? 
952	What building was a gift from the Soviet Union?
953	What list was Warsaw's Old Town inscribed onto in 1980?
954	What pope as a native of Poland?
955	What did John Paul II's visits in 1979 and 1983 encourage?
957	Where did John Paul II celebrate Mass in Warsaw?
958	What did the Polish citizens understand the subtext of John Paul II's words to be?
959	How many kilometers is Warsaw from the Carpathian Mountains?
960	How many miles east of Berlin is Warsaw?
961	What river does Warsaw straddle?
962	How high is the highest point in Warsaw?
963	Where is the lowest point of Warsaw located?
966	Which plateau is the left part of Warsaw on?
969	What plateau has groups of clay pits?
970	What does the highest level of the Vistula plateau contain?
971	What does the currently flooded terrace still have visible?
972	Where can Aeolian sand with a number of dunes be found?
974	What does Warsaw's mixture of architectural styles reflect?
975	When was Warsaw completely razed to the ground by bombing raids?
978	What style were the mass constructed residential blocks designed in?
982	The house of the Baryczko merchant family is a notable example of what type of architecture?
983	What is the Royal Castle the most interesting example of?
985	When did building activity occur on St. Kazimierz Church?
987	What is being described when simplicity of geometrical forms are teamed with inspiration from the Roman period?
989	The Kronenberg Palace had been an exceptional example of what type of architecture?
991	What style was the Warsaw Philharmony edifice built in?
992	What building is the most interesting of the late 19th-century architecture?
993	What were the Saxon Palace and Brühl Palace in prewar Warsaw?
994	What commemorates Warsaw's heroic history?
996	What fortification was built in the 19th century after the defeat of the November Uprising?
997	Who does the statue of Little Insurgent commemorate?
998	What monument is in memory of the largest insurrection of WWII?
999	What type of space in Warsaw are the Botanic Garden and University Library garden?
1001	Where was the first horse racetrack located?
1003	When was a zoological garden established in the Praga Park?
1004	Why is Warsaw's flora very rich in species?
1007	What forest is by Warsaw's southern border?
1008	How many botanical gardens does Warsaw have?
1009	How many people lived in Warsaw in 1939?
1011	When did the Warsaw area enlargement take place?
1014	What type of city has Warsaw been for as long as it's been a city?
1015	What was Warsaw's population in 1901?
1016	Of Warsaw's inhabitants in 1901, what percentage was Catholic?
1017	What percentage of Warsaw's population was Protestant in 1901?
1018	When were most of the places of religious worship destroyed in Warsaw?
1019	What is the basic unit of territorial division in Poland?
1022	Who in Warsaw has the power of legislative action?
1024	How often are elections for the counsel held?
1025	What does the City Council divide itself into?
1026	How many days does the Council have to override the mayor's veto?
1027	What is the mayor of Warsaw called?
1028	Who was the first Warsaw President?
1030	Who has elected the President of Warsaw since 1990?
1031	What district of Warsaw chose the President between 1994 and 1999?
1032	What is the city centre of Warsaw called in Polish?
1033	How many companies were registered in Warsaw in 2006?
1034	What was Warsaw ranked the 7th greatest of?
1035	How much of Poland's national income does Warsaw produce?
1037	When was Warsaw's first stock exchange established?
1038	What brought Warsaw's stock exchange to a stop?
1039	When was Warsaw's stock exchange brought back to life?
1042	When was the FSO Car Factory founded?
1046	What did the license to build this type of car expire in 2011?
1047	What is Warsaw known as in Polish?
1048	What is the largest city in Poland?
1049	What river runs through Warsaw?
1050	How many people live in the greater metropolitan area?
1052	What is the largest city of Poland?
1053	On what river does Warsaw stand?
1055	How many residents does the greater metropolitan area have?
1056	What rank for most populous city in the European Union does Warsaw hold?
1057	In what country is Normandy located?
1058	When were the Normans in Normandy?
1061	What century did the Normans first gain their separate identity?
1062	Who was the duke in the battle of Hastings?
1064	What religion were the Normans
1067	When was the Duchy of Normandy founded?
1068	Who did Rollo sign the treaty of Saint-Clair-sur-Epte with?
1071	What was the Norman religion?
1072	What part of France were the Normans located?
1074	When did the attack occur in which the Normans impressed Prince Guaimar III occur?
1075	Whose shrine did the pilgrims go to in 1016?
1076	Where was the Archangel Michael shrine located?
1077	What was the name of the leader ennobled by Henry III
1078	Who was Count of Melfi
1080	In what year was Roger II made king?
1081	Where was William Iron Arm's castle located?
1082	What is another name for the Tabula Rogeriana?
1083	What does Kitab Rudjdjar mean in English?
1084	What kind of bureaucracy did the Normans institute?
1086	When did Herve serve as a Byzantine general?
1087	When did Robert Crispin go up against the Turks?
1088	Who ruined Roussel de Bailleul's plans for an independent state?
1089	What was the name of the Norman castle?
1090	Who was the leader when the Franks entered the Euphrates valley?
1094	When did Dyrrachium  fall to the Normans?
1096	Where did the Normans and Byzantines sign the peace treaty?
1097	Who was Robert's son?
1098	What river was Petrela located by?
1099	When did the Normans attack Dyrrachium?
1101	Where was Dyrrachium located?
1102	Who did Emma Marry?
1103	Who was Emma's brother?
1104	To where did Ethelred flee?
1105	Who kicked Ethelred out?
1106	Who was Edward the Confessor's half-brother?
1107	When did Edward return?
1108	Who did Edward make archbishop of Canterbury?
1109	Where did Harold II die?
1111	When was the Battle of Hastings?
1114	In what year did the Norman's invade at Bannow Bay?
1115	What country did the Normans invade in 1169?
1116	What culture did the Normans combine with in Ireland?
1117	Who was Margaret's brother?
1118	Who was Margaret's husband?
1119	When was Scotland invaded by William?
1121	Who did Alexander I marry?
1122	What culture's arrival in Scotland is know as the "Davidian Revolution"?
1125	Who made Ralph earl?
1127	What year did Roger de Tosny fail to accomplish what he set out to do?
1128	Who was in charge of the papal army in the War of Barbastro?
1129	When did the Siege of Antioch take place?
1130	What was the name of Bohemond's nephew?
1131	What major conquest did Tancred play a roll in?
1133	What ruined Richard's plans to reach Acre?
1134	Who was Richard's fiancee?
1136	Who ruled Cyprus in 1191?
1137	Who was Guy's Rival?
1138	What were Isaac's chains made out of?
1139	Who led Richard's troops when Cyprus was conquered?
1140	Who did Berengaria of Navarre marry?
1141	What was the wedding date?
1143	When did the Venetians take total control of Cyprus?
1144	What group bought Cyprus after the Norman conquest?
1145	What continent are the Canarian Islands off the coast of?
1146	Who became the King of the Canary Islands?
1147	Who bought the rights?
1148	Who sold the rights?
1149	Where are Jersey and Guernsey
1150	How many customaries does Norman customary law have?
1151	What is the Norman architecture idiom?
1152	What kind of arches does Norman architecture have?
1153	What architecture type came after Norman in England?
1155	What place had the Norman Arab architectural style?
1158	When were the French wars of religion?
1159	What kind of needlework was used in the creation of the Bayeux Tapestry?
1161	Who commissioned the Tapestry?
1163	In what century did important classical music developments occur in Normandy?
1164	Who were the two abbots at Fécamp Abbey?
1168	What tradition were the Saint-Evroul monks known for?
1169	In what year was Nikola Tesla born? 
1170	What was Nikola Tesla's ethnicity?
1171	In what year did Tesla die? 
1172	When was Nikola Tesla born?
1173	In what year did Tesla die?
1176	In what year did Nikola Tesla emigrate to the United States?
1178	Tesla's induction motor and transformer was licensed by whom?
1179	In what area of the United States did Tesla move to?
1180	What "war" was Tesla involved in?
1181	When did Tesla come to the US?
1183	Where did Tesla work with Edison?
1185	What other invention of Tesla's did Westinghouse license?
1186	When did Tesla discover the possibility of wireless connectivity?
1188	What were some of Tesla's experiments?
1189	Other than New York where did Tesla conduct experiments?
1191	What remote control vehicle did he make?
1192	Where was his unfinished project called?
1193	What year did Tesla die? 
1194	What was named "The Tesla" in his honor?
1195	Where did Tesla live for much of his life?
1196	What was Tesla's reputation in popular culture?
1198	What year did Tesla die?
1199	What did the General Conference on Weights and Measures name after Tesla in 1960?
1201	Other than his scientific achievements what was Tesla famous for?
1202	What modern-day country was Tesla born in?
1203	What was the occupation of Tesla's father?
1204	What was special about Tesla's memory?
1205	Who did Tesla credit for his abilities?
1206	What was Tesla's fathers occupation?
1207	What was Tesla's father's name?
1208	What was Tesla's mother's name?
1209	What were Tesla's mother's special abilities?
1211	How many siblings did Tesla have?
1213	In what year did Tesla's family move to Gospic?
1214	What was Tesla's brother's name?
1217	Where did the family move in 1862?
1218	What job did Tesla's father have in Gospic?
1221	What could Tesla perform in his head?
1228	When did Tesla graduate?
1230	How long was he bedridden with cholera?
1231	What did Tesla's father promise him while he were bedridden?
1232	What did Tesla's father originally want him to do?
1233	Where did Tesla return to in 1873?
1234	What was the year when Tesla went back to Smiljan?
1235	What disease did Tesla catch?
1237	What was Tesla's father's original plans for Tesla?
1238	What bargain did his father make with him if Tesla recovered?
1240	Whose works helped Tesla recover from illness?
1241	What did Tesla explore in Tominaj?
1242	What year did Tesla avade the draft? 
1243	What did Tesla dress in while in Tominaj?
1244	Why did Tesla avoid by fleeing Smiljan?
1245	When did Tesla go to Tomingaj?
1246	What did Tesla do in Tomingaj?
1247	What author did Tesla credit for his recovery?
1248	What year did Tesla enroll at an engineering school?
1249	What school did he enroll in during 1875?
1250	In what year did Tesla's father die?
1251	What did Tesla struggle with while in school? 
1252	Did Tesla graduate from the university?
1253	Where was Austrian Polytechnic located?
1254	When did Tesla enroll in Austrian Polytechnic?
1255	When did Tesla's father die?
1256	How did Tesla lose his tuition money?
1257	What was Tesla's father afraid would happen to him in school?
1258	What did Tesla do in December 1878?
1259	Why did Tesla sever ties with his family?
1260	What did Tesla work as after dropping out? 
1261	Before he died, what did Tesla's father ask him to do?
1263	When did Tesla depart Graz?
1265	What was Tesla's friends' theory as to what became of him?
1266	What did Tesla do in Maribor for work?
1267	What health problem did Tesla have in 1879?
1268	Why was Tesla returned to Gospic?
1269	When was Tesla returned to Gospic?
1270	Milutin Tesla died at what age?
1272	what did tesla do at his old school in 1879?
1273	Why did the police bring Tesla back to Gospic?
1277	What city did Tesla move to in 1880?
1278	Why was he unable to enroll at the university? 
1279	How did Tesla attend the university?
1280	Which university did Tesla audit in 1880?
1282	When did Tesla go to Prague?
1283	Where was Tesla hoping to attend classes in Prague?
1284	Who gave Tesla money to go to Prague?
1285	Where did Tesla move in 1881?
1286	Which company did Tesla work for in 1881?
1287	What position did Tesla accept at the exchange?
1288	What did Tesla claim to perfect while at the exchange?
1289	What position did Tesla hold in the Central Telegraph Office?
1290	In what year did Tesla go to Budapest?
1291	Where did Tesla work in Budapest?
1292	What was the name of the telegraph company Tesla returned to after it became functional?
1293	What was Tesla's position at the Budapest Telephone Exchange?
1294	When did Tesla begin working for the Continental Edison Company?
1295	Where was the Continental Edison Company located? 
1296	In June 1884, where did Tesla relocate? 
1297	Who hired Tesla when he moved to New York?
1298	Where did Tesla begin working in 1884?
1299	Where did Tesla begin a new job at in 1882?
1300	Where was the  Continental Edison Company located?
1301	When did Tesla move to New York City?
1302	Who hired Tesla in New York?
1304	How much did Edison offer Tesla to redesign a motor and generators?
1305	What did Edison offer Tesla after completing the project?
1306	how long did Tesla spend redesigning the motor and generators?
1307	How much did Tesla say Edison offered him to redesign his motor and generators?
1308	What was Edison's reply as to what Tesla didn't understand when Tesla asked for payment?
1309	What alternate payment did Edison offer Tesla?
1311	What did lane and vail finance?
1312	What did Tesla Electric Light & Manufacturing do?
1315	What were the names of Tesla's new partners?
1317	What was the name of the company the businessmen financed? 
1318	What did Tesla Electric Light & Manufacturing do?
1323	which years did tesla refer to as a time of terrible headaches and bitter tears?
1324	What did Tesla do with his patents causing him to lose them?
1325	What did Tesla do for a job that paid two dollars a day?
1326	What else did Tesla do for work at this time?
1327	Who was Alfred S brown?
1328	When was Tesla Electric Company formed?
1331	When did Tesla first encounter Alfred S. Brown
1334	Where was Tesla's new lab?
1335	What was Tesla, Brown and Peck's new company?
1336	What did Tesla develop in 1887?
1337	When was Tesla's innovative motor patented? 
1339	What did his design avoid in not having a commutator?
1341	When did Tesla make the induction motor?
1367	What was Tesla's AC system used for in Pittsburgh?
1369	Who was the War of Currents waged between? 
1373	Which current type was Tesla in favor of?
1374	Who was Westinghouse's chief rival?
1378	In 1893, who won the bid to light the World's Columbian Exposition?
1379	Where was the 1893 World's Columbian Exposition held?
1380	Who did George Westinghouse beat out to light the World's Columbian Exposition?
1385	In what year was the World's Columbian Exposition?
1386	What type of power was displayed at the World's fair by Westinghouse and Tesla?
1389	What company was chosen to build a two-phase AC generating system at Niagara Falls?
1390	What company was chosen to build an AC distribution system at Niagara Falls?
1391	What system did Tesla recommend to Niagara Falls in 1893?
1393	When did Richard Dean Adams make his inquiry?
1394	What type of system did Tesla suggest to Adams?
1396	When was a patent-sharing agreement signed between Westinghouse Electric and General Electric?
1397	How much did Tesla sell his AC patents to Westinghouse Electric for?
1398	What was the overly generous royalty amount that Tesla had been receiving? 
1400	Who financed General Electric's attempts to takeover Westinghouse?
1402	How much did Westinghouse pay for Tesla's patents in order to escape its financial problems?
1403	How old was tesla when he became a US citizen?
1405	What did he light at his laboratories to demonstrate his wireless power transmission?
1407	When did Tesla get his US citizenship?
1409	How old was Tesla when he became a citizen of the US?
1411	What organization did Tesla serve as vice president of? 
1412	What was the forerunner of the modern-day IEEE?
1413	When did Tesla stop serving as the vice president of American Institute of Electrical Engineers?
1414	What position did Tesla hold in the American Institute of Electrical Engineers?
1416	Along with the American Institute of Electrical Engineers what other institute eventually became the IEEE?
1417	Why did Tesla begin investigating invisible energy?
1421	When die Tesla turn his attention to trying to understand invisible radiant energy?
1447	Who demonstrated the Egg of Columbus?
1451	What other projectiles did Tesla compare the electric particles to?
1452	What association did Tesla demonstrate his radio wave theories to?
1453	Which of Tesla's inventions was used in radio development?
1454	What Philadelphia institution did Tesla give a demonstration to?
1455	When did Tesla give a demonstration of his remote control boat?
1456	What was the boat called?
1457	Where was the boat demonstration given?
1458	What was the occasion for the boat demonstration?
1459	What type of animal did onlookers claim was piloting the boat?
1460	When did Tesla attain his electrical transmitter patent?
1461	Who first sent radio waves across the Atlantic?
1463	When were Tesla's patents restored?
1464	A decision made by what entity restored Tesla's patents?
1465	In what year did Tesla go to Colorado Springs?
1471	What was Tesla's idea regarding Earth?
1503	How tall was the tower's ultimate height?
1506	When did Tesla first show off the turbine?
1508	How was Tesla's mechanical oscillator powered?
1509	Where did he work on the oscillators?
1511	What publication published an article about Tesla in 1912?
1512	What did Tesla claim his resonant frequencies could do in the World Today article?
1515	Who approved of this plan?
1519	What did he do with Wardenclyffe?
1520	How much did Tesla receive from the sale of Wardenclyffe?
1521	What award was given to Tesla?
1525	Who played a part in the development of radar in France?
1526	Who did Reuters claim won the 1915 Nobel prize in Physics?
1527	Who actually won the prize?
1528	What was the rumored reason Edison and Tesla were not awarded the prize?
1530	What was another possible reason that Tesla and Edison did not get the award?.
1531	How many possible bids for the prize were there in 1915?
1532	Who received a bid in 1915?
1533	In what year did Tesla receive a Nobel Prize bid?
1534	What was the patent number for Tesla's final patent?
1535	For what invention was U.S. Patent 1,655,114 granted?
1538	What was Tesla's salary from Westinghouse in 1934?
1559	Of what material were the death rays pellets made?
1562	What kind of weapons did Tesla's treatise concern?
1563	Where can the Treatise be found?
1564	In what city is the Nikola Tesla Museum?
1565	How many volts could particles be charged to in his weapon design?
1566	What did he claim the weapon would end?
1568	Where did he claim the blueprint was stored?
1569	According to Tesla what had been gone over by the thieves, or spies who entered his room?
1570	How old was Tesla when he died?
1571	What was the date of Tesla's death?
1575	What happened to Tesla's belongings?
1576	Who analyzed Tesla's belongings?
1578	To where were the belongings taken?
1579	Who gave Tesla's eulogy? 
1605	How much did Tesla spend on the injured pigeon?
1607	Where did Tesla go to feed the pigeons daily?
1608	To what place did he bring the injured pigeons to take care of them?
1609	How much did Tesla weigh?
1611	In what time frame did Tesla weigh almost exactly the same amount?
1613	How many languages did Tesla know?
1614	What did Tesla see during his strange illnesses when he was young?
1616	What other visual phenomena accompanied Tesla's visions?
1617	What kind of memory was Tesla thought to have?
1619	What amount of time was the longest that Tesla spent working without stopping to rest?
1620	Where was Tesla studying when he started playing cards and billiards?
1621	Who did Tesla call in the middle of the night?
1623	What characteristic did Tesla say helped his scientific abilities?
1624	Who reportedly wanted Tesla's company?
1626	Who was Tesla's secretary? 
1627	Who said Tesla had a "distinguished sweetness"?
1630	What was Julian Hawthorne's relation to Tesla?
1660	What religion did Tesla grow up in?
1663	What article was published in 1937?
1666	What did Tesla write?
1667	Who published Tesla's writings?
1668	Who edited Tesla's autobiography?
1671	What was one of Tesla's books where articles can be read?
1675	On which magazine's cover did Tesla appear in 1931
1698	What is one example of an instance that the quantitative answer to the traveling salesman problem fails to answer?
1699	What does computational complexity theory most specifically seek to answer? 
1702	What is another term for the string of a problem instance?
1703	In the encoding of mathematical objects, what is the way in which integers are commonly expressed?
1704	What is one way in which graphs can be encoded? 
1705	What kind of problems are one of the main topics studied in computational complexity theory?
1706	What are the two simple word responses to a decision problem?
1707	What are the two integer responses to a decision problem?
1708	What will the output be for a member of the language of a decision problem?
1710	What kind of graph is an example of an input used in a decision problem?
1711	What is the term for the set of all connected graphs related to this decision problem?
1712	What encoding decision needs to be made in order to determine an exact definition of the formal language?
1713	A function problem is an example of what?
1716	In addition to the traveling salesman problem, what is another example of a function problem?
1720	What is a commonly used measurement used to determine the complexity of a computational problem?
1745	What commonality do alternate machine models, such as random access machines, share with Turing machines?
1746	What type of Turing machine can be characterized by checking multiple possibilities at the same time?
1752	What is the expression used to identify any given series of problems capable of being solved within time on a deterministic Turing machine?
1756	What is typically used to broadly define complexity measures?
1762	Case complexities provide three likelihoods of what differing variable that remains the same size? 
1763	What provides a solution to a list of integers provided as input that ned to be sorted?
1785	Bounding of time and space or similar measurements is often used by algorithms to define what?
1786	What are three examples of complexity classes associated with definitions established by probabilistic Turing machines?
1787	AC and NC are complexity classes typically associated with what type of circuit?
1788	BQP and QMA are examples of complexity classes most commonly associated with what type of Turing machine?
1789	What is the expression used to represent a complexity class of counting problems?
1790	IP and AM are most commonly defined by what type of proof system?
1791	What is an example of a measurement within a complexity class that would create a bigger set of problems if the bounds were relaxed?
1792	In what expression can one expect to find DTIME(n)
1793	What theorems are responsible for determining questions of time and space requirements?
1794	Resources are constrained by hierarchy theorems to produce what?
1795	What kind of statement is made in the effort of establishing the time and space requirements needed to enhance the ultimate number of problems solved?
1796	What is the foundation for separation results within complexity classes?
1797	What is responsible for constraining P according to the time hierarchy theorem?
1798	Within what variable is L constrained according to the space hierarchy theorem?
1799	What concept is frequently used to define complexity classes?
1800	Reduction essentially takes one problem and converts into what?
1801	According to reduction, if X and Y can be solved by the same algorithm then X performs what function in relationship to Y?
1826	What is the name for a problem that meets Ladner's assertion?
1827	What is an example of an NP-intermediate problem not known to exist in P or NP-complete? 
1829	What class is most commonly not ascribed to the graph isomorphism problem in spite of definitive determination?
1830	What finite hierarchy implies that the graph isomorphism problem is NP-complete? 
1831	To what level would the polynomial time hierarchy collapse if graph isomorphism is NP-complete?
1832	Who are commonly associated with the algorithm typically considered the most effective with respect to finite polynomial hierarchy and graph isomorphism?
1833	What computational problem is commonly associated with prime factorization?
1835	That there currently exists no known integer factorization problem underpins what commonly used system?
1836	What is the most well-known algorithm associated with the integer factorization problem?
1838	What is an expression that can be used to illustrate the suspected inequality of complexity classes?
1839	Where can the complexity classes RP, BPP, PP, BQP, MA, and PH be located?
1841	In what complexity class do complement problems of NP problems exist?
1842	How do the yes/no answers of a complement problem of NP appear?
1845	What variable is associated with all problems solved within logarithmic space?
1871	What is the concrete choice typically assumed by most complexity-theoretic theorems?
1872	In the effort of maintaining a level of abstraction, what choice is typically left independent?
1873	Who is responsible for axiomatic complexity theory?
1874	What theorem was implicated by Manuel Blum's axioms?
1875	What is the paper written by Richard Karp in 1972 that ushered in a new era of understanding between intractability and NP-complete problems?
1876	How many combinatory and graph theoretical problems, formerly believed to be plagued by intractability, did Karp's paper address?
1877	What is a course of study called?
1878	What is another name to describe the science of teaching?
1883	What is similar to literacy that a teacher would teach?
1885	What type of teaching would help the most with everyday life?
1887	If someone is being taught at their place of residence, what is it called?
1889	What is the opposite of an ongoing role of teaching?
1894	Who would generally teach from a work like the Quran, Torah or Bible?
1925	What type of disability would a teacher help a student with?
1930	What would a teacher do for someone who is timid?
1931	What would a teacher do for someone who is cocky?
1933	What's the biggest difference in the teaching relationship for primary and secondary school?
1937	What type of parenting role does a teacher take on?
1939	What type of system takes students from one specialist to another for each subject?
1940	In a platoon style teaching, what gives the children security?
1941	The teacher's in a platoon style teaching are usually more _____?
1944	How many teachers are usually involved when co-teaching?
1969	If a detention requires a pupil to just sit there, how are they required to sit?
1970	If a detention asks the student to write, what do they write?
1971	What type of teacher is required in the Western Europe model of discipline?
1976	Who wants a more confrontational type of discipline?
1981	What country has such unmanageable students that many teachers do not discipline them?
2013	Students build stronger relationships with what type of teachers?
2014	What do supportive teachers spend more time doing?
2022	How many students have received unwanted sexual attention from a teacher or other education figure?
2026	Where was it shown to have a 0.3% prevalence of sexual abuse by professionals?
2055	What might also be required of a teacher to pass, in addition to certification?
2057	Who is responsible for education in the country of Australia?
2059	What follows secondary education?
2065	What are teachers considered to be in Germany?
2066	Where are teachers recruited from?
2067	What is the name of Elementary Schools?
2068	What is used to decide a teacher's salary?
2071	What is the basic pay for a teacher, in Euros?
2106	Who is Welsh medium education available to?
2110	What is the NASUWT?
2112	In the US, who decides on the requirements for teachers?
2115	Who may not require that its teachers be certified?
2117	In general, what were teachers paid in the past?
2121	What website are teachers using to sell their lesson plans?
2126	What is an abbreviation for the Church of Jesus Christ of Latter-day Saints?
2131	What is the name of the spiritual teacher in Hinduism?
2135	What is the name of a teacher in Tibetan Buddhism?
2136	What has a Lama determined to do?
2139	What helped the Lama determine to be reborn?
2142	What is the name of the mystical type of Islam?
2146	When did Martin Luther die?
2147	What organization's teaching did Luther reject?
2148	What did the Church claim could be avoided with money?
2149	What did the Church do when Luther refused to retract his writings?
2150	Since he didn't believe that salvation was acquired through good deeds, how was it achieved?
2151	What did Martin Luther believe achieved God's Grace?
2152	Whose authority did Luther's theology oppose?
2154	To Luther, what were all baptized Christians considered to be?
2155	What book did Martin Luther translate to impact German culture?
2158	What development did Luther's hymns translations influence?
2159	What did Martin Luther's marriage allow?
2160	When was Martin Luther born?
2161	Where was Luther born?
2162	Of what region was Saxony a part?
2164	What profession did Martin's father want his son to pursue?
2165	Where did Martin Luther go to school?
2166	How did Luther describe the University of Erfurt?
2172	What fields of study did Martin Luther prefer?
2175	What did Martin Luther fear after a lightening bolt struck near him?
2176	When did the lightening event happen?
2177	Where did Luther go on 17 July 1505?
2178	On what did Luther's friend blame his sadness and entrance into the cloister?
2179	What did Martin's father view his entering the cloister as a waste of?
2181	How did Luther describe his time in the order?
2182	What did Luther feel he made of Christ?
2183	Who directed Luther away from self-reflection and towards the merits of Christ?
2184	What lesson did Johann von Staupitz teach Luther  repentance was?
2185	When was Martin Luther ordained as a priest?
2186	Who asked Luther to teach theology at the University of Wittenberg?
2187	When was Luther  called by von Staupitz to Wittenberg?
2188	When did Luther receive a degree in Biblical studies?
2189	What did Luther's degree in 1509 concern?
2190	When did Martin Luther receive his Doctor of Theology?
2191	When did Luther enter into the senate of the Theology faculty of the University of Wittenberg?
2192	What position did Luther have in Wittenberg?
2193	Where did Luther spend his career?
2194	What degree did Martin Luther receive on 19 October, 1512?
2195	When was Johann Tetzel sent by the Roman Catholic Church to Germany to sell indulgences?
2196	Why was Tetzel seeking money in Germany?
2225	Who translated and printed Luther's 95 These?
2226	How long did it take for the Theses printing to spread thought Germany?
2227	How long did it take for the Theses to spread through Europe?
2228	When did Luther's writings to spread to France, England and Italy?
2230	What part of Luther's career was one of his most productive?
2231	When were some of Luther's best-known works published?
2232	Besides publishing To the Christian Nobility of the German Nation and On the Babylonian Captivity of the Church, what other work did Luther produce in 1520?
2233	What did Martin Luther do during 1510 to 1520?
2234	What sections of Church dogma did Luther come to view in another way?
2235	What did Luther decide about the Catholic Church?
2236	What, to Luther had the Church lost sight of?
2237	What is the central article of the Christian doctrine?
2238	Of whom, to Luther, was justification entirely the work ?
2239	When did Luther publish On the Bondage of the Will?
2242	By what did Luther believe the just person lives?
2247	To whom did Luther send a letter containing his 95 Theses?
2248	After Archbishop Albrecht reviewed the Theses, where did he send them?
2249	What did Albrecht need the indulgences to pay for?
2252	Which Pope sought to undermine Luther's theories?
2253	What did Pope Leo X launch against Luther?
2254	When was Luther examined at Augsburg by the papal legate?
2255	What did Luther tell the legate about the papacy?
2257	When did papal nuncio Karl von Miltitz get Luther to make concessions ?
2258	What did Luther promise to do as a concession?
2259	Who was determined to expose Luther at this time?
2262	When did the Pope warned Luther of excommunication? 
2263	What did Luther need to do to avoid excommunication? 
2264	What was the time limit on Luther's recantation of sentences?
2265	Who attempted to arrange a compromise?
2266	When did Pope Leo X  excommunicate Luther? 
2269	Of what was the Diet of Worms an assembly? 
2270	Who presided over the assembly?
2272	Who spoke to Luther about his books on behalf of the Empire?
2273	To whom was Johann Eck the assistant?
2274	After asking if the books were his, what else did Eck ask Luther?
2275	When did Luther give his response to Eck?
2277	What did Luther do at the end of his speech?
2278	What was the style of Luther's salute at the end of his speech?
2279	Who considers Luther's speech a world classic?
2280	What did Michael Mullet call Luther's speech?
2281	What did Luther refuse to do?
2282	Who said, "Here I stand. I can do no other"?
2285	How was the fate of Luther decided?
2286	When was the Edict of Worms presented?
2287	Who presented the Edict of Worms declaring Luther to be an outlaw?
2288	Besides declaring Luther to be an outlaw and banning his works, what else was decided?
2289	What could anyone do to Martin Luther without legal consequence?
2290	What was planned for Luther by Frederick III after the meeting?
2291	Where did the highwaymen take Luther?
2292	What did Luther call his stay a Wartburg Castle?
2293	What book did Luther translate into German at this time?
2294	How did Luther persuade Archbishop Albrecht to stop the sale of indulgences?
2296	What did Luther explain about acquiring God's grace?
2297	When did Luther write to Melanchhon about God's grace?
2303	After rejecting compulsory confession, what did Luther call for?
2304	What did Luther tell monks and nuns about their vows?
2330	What was Nicholas Storch ?
2332	When did The German Peasants War happen?
2333	What did the peasants believe Luther would do for them?
2334	Who did the peasants think Luther would support an attack on?
2335	Who did Luther remind the peasants to obey?
2337	What did Luther call the revolting peasants?
2340	How many ways did Luther justify his opposition to revolt?
2343	What is this doctrine of God appointing authorities called?
2344	What kind of death did Luther say the revolting peasants deserve?
2345	What did Luther deny the rebels?
2347	When was the Battle of Frankenhausen?
2348	What event followed the battle?
2349	What protection caused Luther's Reformation to flourish?
2350	Who did Martin Luther marry?
2351	How did Luther smuggle 12 nuns out of a convent during the rebellion?
2352	How old was Katharina when she married Luther?
2353	How old was Martin Luther when he married?
2354	When did Luther save the group of nuns from the convent?
2355	When were Luther and his prospective bride engaged?
2359	Who married the wedding couple?
2360	What was Luther's marriage seen as by others?
2362	Why did Luther condemn vows of celibacy?
2363	What did Luther fear to cause him to avoid marriage?
2364	What did Melanchthon call the marriage?
2367	How many children did Luther and his wife have?
2368	What did Luther state he would not exchange for his life with his wife?
2369	Besides taking in boarders, how did Katharina help support the family?
2370	In organizing a new church, what did Luther find to be unworkable for congregations?
2371	What did Luther form in 1525 to 1529?
2372	What did Luther establish as a worship service in his church?
2373	What did Luther write as an outline of the new faith?
2377	What role did Luther play in other areas' churches?
2378	Who was the new elector of Saxony?
2379	What unintended development did the relationship with the elector have on church government?
2380	When did Luther write  a German mass?
2385	When did Luther introduce the new worship?
2386	What began in 1527 when Luther introdued the new order of worship?
2388	What did Luther say the common people knew nothing about?
2390	What did Luther devise to teach  Christianity to the congregation?
2391	When did Luther write the Large Catechism?
2392	To whom was the Large Catechism directed?
2396	What effort was Luther not particularly in favor of?
2402	What are the Catechisms of Martin Luther written in?
2403	How did Luther show the Trinity in his catechisms?
2405	When did Martin Luther publish his translation of the New Testament?
2407	What did he work on refining until the end of his life?
2408	What word was Luther criticized for adding in Romans3:28?
2409	According to Luther what justifies us?
2410	Where was the language Luther used in his translations spoken?
2411	Which Germans could understand the language Luther used?
2412	What group did Luther want to understand his works?
2413	Why did he want to make the language accessible to people?
2417	What did the popularity of Luther's translation contribute to?
2418	What artist provided the woodcuts for Luther's Bible?
2420	In what type of work was Luther prolific?
2421	What art forms did Luther use to connect his hymns?
2424	What instrument became a national instrument in Germany?
2427	What hymn did Luther write after the martyrdom of Esch and Voes?
2429	What is the hymn known as in English?
2433	What earlier hymn was Luther's  adapted from?
2434	Why have modern Lutherans stopped using the hymn?
2435	When did Luther produce a hymnic version of the Lord's Prayer?
2437	What was the hymn meant to examine students on?
2439	What do later versions of the Lord's Prayer hymn still use?
2440	When did Luther write the hymn From Depths of Woe I cry to You?
2442	What did Luther use the hymn to encourage colleagues to do?
2443	What was the first Lutheran hymnal?
2444	What did the hymn, Aus tiefer Not express?
2445	Which of Luther's hymn was the main one for Advent?
2447	What is a Hauptlied?
2448	How many hymns did Luther write based on the Ten Commandments?
2449	What did Herr Gott, dich loben wir become known as ?
2450	What does Luther's hymn Christ unser Herr zum jordan kam concern?
2451	Whose tune did Luther adapt for the hymn of Psalm 67?
2454	Where was the baptismal hymn used to introduce the Reformation?
2456	How many hymns of Luther were included in the Achtliederbuch?
2459	What was the title of the first choral hymnal?
2460	What composer used Luther's hymns in his works?
2461	What did Bach base entirely on Luther chorales?
2465	What did Luther believe that the soul does after death?
2467	What did Luther expound happened to souls after death?
2479	When did Philip I convene an assembly to set doctrine in the Protestant states?
2480	Who was Philip I?
2504	How did Luther view the Ottoman Turks?
2505	What was the purpose of the Turks in Luther's mind?
2507	Who did Luther view to be the Antichrist?
2508	What kind of war did Luther support against the Turks, even if he did not oppose a religious war?
2509	What book did Luther read in 1542?
2512	How did Luther view Islam?
2513	What purpose would Luther have in not wanting to ban the Qur'an?
2515	Who did Luther think was behind the antinomian theses circulating in Wittenberg?
2517	How did Luther respond to Agricola?
2518	What book did Luther write in response to Agricola and the antinomians?
2525	What is God's expression of eternal will, according to Luther?
2526	Teaching Christians how they should live is what use of the law?
2529	What sacrament accords Christians renewed life?
2532	What did Philip I wish to do around 1539?
2533	What did Luther get implicated in concerning Philip I?
2534	Who did Philip I want to marry?
2536	What did this affair cause to Luther's reputation?
2537	What had Luther's community done to Jews years earlier?
2539	What did Luther's area and tradition believe Jews to be guilty of?
2540	What did Jews refuse to accept that caused Luther to call them blasphemers and liars?
2541	What did Luther try to do for the Jews?
2542	What was Luther's major work of 60,000 words on the Jews?
2545	What did Luther contend the Jews to be?
2546	As what did Robert Michael view Luther's violent language towards the Jews?
2548	Who did Josel of Rosheim blame for the condition of Jews in Saxony?
2549	What did Josel of Rosheim claimed that Luther said of those who might aid the Jews?
2550	What did Josel ask the city of Strasbourg to forbid the sale of?
2551	When did riots cause the expulsion of Jews from several German states?
2553	What action by Luther added to antisemitism in Germany?
2555	Whose writings were widely quoted by the Third Reich?
2556	How did Der Sturmer describe Luther's On the Jews and their Lies
2557	When did seven Protestant churches agree with the Nazi policy of forcing Jews to wear yellow arm bands?
2560	Who agreed with the burning of synagogues?
2561	What did Sasse proclaim Luther to be?
2562	How do some scholars view the Nazi use of Luther's work?
2564	What did this agitation provide later generations material for?
2565	When was Luther's writings about the Jews ignored, according to Johannes Wallmann?
2566	What did Roland Bainton say about Luther's position on Jews?
2573	What about Luther declined as his antisemitism increased?
2598	When did Luther travel to Mansfeld twice?
2599	When was a third visit to Mnafeld scheduled? 
2600	For whom was Luther concerned about in Mansfeld?
2601	When were the negotiations finished in Mansfeld?
2602	After the negotiations were done what did Luther experience?
2603	Luther went to bed quoting what scripture?
2606	What event took away his ability of speech?
2607	At what time did Martin Luther die?
2608	On what date did Luther die?
2609	Where was Luther buried?
2610	Who performed the funeral for Martin Luther?
2611	What was later discovered written by Luther?
2617	What was the image of Luther a contrast to the life of?
2624	What is Southern California often abbreviated as?
2628	The reasons for the las two counties to be added are based on what?
2629	What is the name of the region that is not defined by the eight or 10 county definitions?
2630	How many megaregions are there in the United States?
2632	Which border does the megaregion extend over?
2633	What is the name of the area past the border that the megaregion extends into?
2635	How many metropolitan areas does Southern California's population encompass?
2636	How many inhabitants does the Los Angeles area contain?
2638	How many people does the Greater Los Angeles Area have?
2667	Geographically speaking, where is California's north - south midway point in terms of latitude?
2669	The term "southern" California usually refers to how many of the southern-most counties of the state?
2670	Other than Point Conception, what landmark is used in the other definition of southern California?
2672	Which country used to rule California?
2673	Los Angeles is in the lower part of what?
2676	The legislation allowed California to be admitted to the Union as what kind of state?
2677	Other than land laws, what else were the Californios dissatisfied with?
2709	What type of landscapes other than geologic and natural ecosystem landscapes can be found in southern California?
2712	How many earthquakes does southern California experience in a year?
2714	What magnitude was the 1994 Northridge earthquake?
2715	What kind of destruction did the 1994 earthquake cause the most of in US history?
2716	How much was the 1994 earthquake estimated to have cost?
2717	Which fault can produce a magnitude earthquake of 8.0?
2720	Which organization released a California Earthquake forecast?
2722	Southern California's distinctive regions are divided culturally, politically and what other trait?
2725	Southern California had a population of 22,680,010 according to the census from which year?
2726	What does southern California have a reputation for?
2730	What is the name associated with the eight areas that make up a part of southern California?
2758	Other than San Bernardino, what is the name of the other city that maintains the districts including University Town?
2761	Where are international corporations headquartered?
2762	Jamboree Business Parks belongs to which business center?
2763	What other business district does Orange County envelop outside of Downtown Santa Ana and Newport Center?
2765	What is the central business district of San Diego?
2769	What is the second busiest airport in the United States?
2772	Which airport is home to the busiest single runway in the world?
2778	What is the United States busiest commercial port?
2780	The Port of Long Beach belongs to which region of California?
2781	What is the moniker that is being used to describe the region's diversified technology?
2786	The Los Angeles Rams are an example of what kind of sports team?
2787	The Los Angeles Clippers are a team belonging to which sport?
2788	The Los Angeles Angels of Anaheim are from which sport?
2789	What is the other NHL team aside from the Anaheim Ducks to reside in Southern California?
2797	The Bruins belong to which college?
2798	What is the name of the team from USC?
2801	What is a growing sport in southern California?
2804	What company was formed by the merger of Sky Television and British Satellite Broadcasting?
2805	Who is the UK's largest digital subscription television company?
2808	What is the name of the United Kingdom operation for BSkyB?
2809	What year was Setanta Sports awarded Primeier Leage rights to broadcast?
2810	How many of the six total packages available to broadcasters was Setanta awarded?
2818	What service did BSkyB chare additional subscription fees for?
2820	WHat allows customers to get Sky+ functions if they do not subscribe to BSkyB's channels?
2821	When did BSkyB discontinue the Sky+ Box?
2823	What is the name of the TV scrambling system BSkyB uses?
2824	Who is VideoGuard owned by?
2826	Who has design authority over all of the digital satellite receivers that are capable of using their service?
2827	What is the name brand of the personal video recorder that BSkyB offers?
2857	When was Sky Digital launched?
2858	What satellite was used when Sky digital was launched?
2870	What were NTL's services rebranded as?
2873	What do some encrypted broadcasts require to view?
2879	What did ITV increase their yearly offer for control of the rights to broadcast the Primer League to?
2881	How much was BSkyB going to pay for the Primier League rights?
2914	At what rank does GPS per capita set Victoria?
2915	What city in Victoria is called the sporting capital of Australia?
2916	What is the largest stadium in Australia?
2918	Where were the Lambing Flat riots?
2919	Where was the 1857 riot?
2920	How many miners died in the typhoid outbreak of 1854?
2921	What were the conditions for miners in the gold fields in Victoria?
2922	What kind of representational system does the Victorian Legislative Council have?
2923	How many electorates does the State of Victoria have?
2926	How often are elections held for the Victorian Parliament?
2927	What political party is strongest in Melbourne's working class suburbs?
2928	What party is strongest in Melbourne's affluent areas?
2929	Which party is strongest in Victoria's northwestern and eastern regions?
2932	What percentage of Victorians are Christian?
2933	How many Victorians are Catholic?
2934	What is Victoria's largest non-Christian religion?
2936	How many Victorians are non-religious?
2939	How populous is Victoria compared to other Australian states?
2940	What city is the capital of Victoria?
2941	Compared to other Australian cities, what is the size of Melbourne?
2942	What is the term for the original Aboriginal people of Victoria?
2945	Where was the first settlement in Victoria?
2970	When will Ford's manufacturing plants close?
2971	What brand of car is manufactured in Broadmeadows?
2974	How high is Victoria's Mount Bogong?
2976	What is the Victoria state bird?
2977	Where is the coldest section of Victoria?
2978	Of what mountain system are the Victorian Alps a part?
2980	What is the temperature in the highest portion of the mountain range in winter?
2981	What is the lowest recorded temperature in Victoria?
2982	Who owns the rail lines in Victoria?
2983	Which rail line operates in Melbourne?
2987	How many seats does Victoria have in the Australian House of Representatives?
2989	What is the lower house of the Victorian parliament called?
2990	What is the upper house of the Parliament of Victoria called?
2991	Who is the current Governor of Victoria?
2992	On what date was Victoria declared independent from New South Wales?
2993	When was gold found near Ballarat?
2995	How much did the population of Victoria increase in ten years after the discovery of gold?
2996	How much gold did Victoria produce in the years of 1851-1860?
2997	By August 2010 how many public schools did Victoria have?
2998	How many Catholic schools were in Victoria?
2999	How many students were enrolled in public schools in Victoria?
3000	How many full time teachers does Victoria have?
3002	What state in Australia is the center of dairy farming?
3004	What percentage of Australia's dairy cattle are found in Victoria?
3005	How much of Australia's milk is produced in Victoria?
3007	What is the gauge of the Victorian rail lines?
3010	Where were the narrow gauge rail lines built in Victoria?
3012	When was the colony of New South Wales founded?
3013	What was the name of the eastern half of the colony of 1788?
3016	When was there a armed protest at Ballarat about mining taxes?
3018	What was the incident over taxes at Ballarat called?
3019	What did colonial authorities  reduce because of the Ballarat revolt?
3020	The passage of what act gave Victoria its own government?
3021	What does the Premier of Victoria need to lead in the Legislative Assembly? 
3022	Who sets the legislative agenda in Victoria?
3023	Who can be in the Victorian cabinet?
3026	How much did the gross agricultural product increase from 2003-04?
3028	How many farms are there in Victoria?
3029	How much land do farms use in Victoria?
3030	How much percentage of Victoria's land is taken up by farms?
3035	What event is held at Bells Beach in Victoria?
3037	What was the proportion of Huguenots to Catholics at their peak?
3038	When were the Wars of Religion fought?
3039	What treaty ended the Wars of Religion?
3041	The term Huguenot was originally meant to confer?
3042	What Swiss city was the center of the Calvinist movement?
3043	The term may be related to what politician from Switzerland?
3044	What name was given to the plot to usurp power from the French House of Guise?
3046	What helped spread Protestantism in France?
3047	When did the first French language bible appear?
3048	Who translated this version of the scriptures?
3049	An illustrated, paraphrased version of this appeared when?
3051	What were the towns granted to the Huguenots in 1598 collectively called?
3053	What proclamation officially ended limited Huguenot autonomy?
3054	France laid siege to Montpellier in what year?
3056	Where did the first Huguenot colonists settle?
3057	What modern city is located on the original Huguenot colony?
3059	What trading company helped settle Huguenots near the Cape?
3061	When did Huguenots colonize in North America?
3062	Who led the North American Huguenot colonial expedition?
3063	What was the name of the first Huguenot church in the New World?
3065	The Huguenots were the first Europeans to live in what modern New York borough?
3066	Where in South Carolina did Huguenot nobility settle?
3067	From whom did the Huguenots in South Carolina purchase land from?
3068	Charleston settler Elie Prioleau was from what French town?
3069	When did the Huguenots secure the right to own land in the Baronies?
3070	What southern city did the Huguenots settle near?
3071	Who was Louis XIV's main rival?
3073	What coalition rose up to oppose Louis XIV's France?
3074	With what European country did the Huguenots feel kinship for emigration to?
3076	What proclamation abolished protestantism in France?
3079	How many Huguenots fled France by the 1700s?
3080	What group specifically opposed the Huguenots?
3081	What event was the worst example of Huguenot persecution?
3082	How many Huguenots were killed during this purge?
3087	What King and former Huguenot looked out for the welfare of the group?
3088	Which successor to Henry resumed persecution of the Huguenots?
3089	What were the civil wars caused by the Huguenots called?
3090	How many protestants live in France today?
3093	What is the southern region where protestants are concentrated?
3095	What city north of New York was settled by Huguenots?
3096	What town in upstate New York was settled by Huguenots?
3097	What Huguenot area is designated as a historical landmark?
3099	In what borough is there a neighborhood called Huguenot?
3100	What country initially received the largest number of Huguenot refugees?
3101	How many refugees emigrated to the Dutch Republic?
3103	What two areas in the Republic were first to grant rights to the Huguenots?
3104	What declaration predicated the emigration of Huguenot refugees?
3106	By what other name was the Gate known?
3107	Who allegedly haunted the gate?
3108	By what name were the "supposedly reformed" known?
3109	What time of day did these reformed supposedly gather to engage in Huguenot rituals?
3111	What house was the site of a weaving school in Canterbury?
3112	What social construct did Huguenot refugees in Canterbury practice?
3113	What other English towns were sites of Huguenot settlement?
3115	French Church Street is in what Irish town?
3116	What Irish cities had Huguenot mayors in the 1600s and 1700s?
3117	Where is D'Olier Street?
3118	D'Olier Street is named after whom?
3119	The French church in Portarlington was built when?
3120	What is the common term for the loss of key members of French society to Huguenot emigration?
3122	What persons were not allowed to settle in New France?
3123	The French and Indian War was the New World aspect of what European conflict?
3125	What was Henry IV known as before taking the throne?
3126	When did Henry issue the Edict of Nantes?
3127	What did the Edict do for Huguenots in France?
3128	The edict protected Catholics by discouraging what?
3129	What religion did Henry renounce upon ascending the throne?
3130	What was required of Huguenot children after the Edict was revoked?
3131	How did the revocation restrict Huguenot travel?
3132	How many Huguenots emigrated to North America as colonists?
3133	What were Huguenots who stayed in France eventually known as?
3136	When was the French colony in modern day Brazil founded?
3137	What was the Brazilian French colony called?
3138	In what year was Fort Coligny destroyed?
3139	By what document did the Huguenots confess their faith to the Portuguese in Brazil?
3140	Families with French names in South Africa speak what language today?
3141	What South African industry descended from Huguenot settlers?
3144	What Revolutionary War midnight rider was a Huguenot descendant?
3145	What signer of the Articles of Confederation was descended from Huguenots?
3146	In what city is the last Huguenot congregation in the US?
3147	What church in Virginia is maintained by Huguenots as a historic shrine?
3148	In what state is the largest Huguenot Society located?
3150	What style of lace is erroneously believed by some to have Huguenot influence?
3151	What reference is there to Huguenot lacemakers in the 19th century?
3152	When did Mechlin lace develop?
3153	What were the two Huguenot neighborhoods created in Berlin?
3155	Why did Berlin Huguenots switch to German from French in their services?
3157	What other Northern European cities had Huguenot congregations?
3159	After Huguenots fled France, their last remaining bastion was where?
3160	What did the 18th century Huguenot group call themselves?
3161	Against whom did the Camisards rise up to fight?
3163	There was a 16th century Huguenot settlement near what modern day Florida city?
3165	What was the name of the Florida Huguenot colony?
3168	What was the name of the first Huguenot outpost in South Carolina?
3170	Which Spanish officer established the settlement at St. Augustine?
3171	When did Ribault first establish a settlement in South Carolina?
3172	What European event caused the Huguenots to abandon Charlesfort?
3173	In what English colony were Huguenot settlers promised land?
3174	In what area of this British colony were Huguenot land grants?
3175	What town was actually granted to the Huguenots on arrival?
3176	How many settlers original settled in Manakintown?
3178	When was the Dutch Revolt?
3179	Who did the Dutch fight in the Dutch Revolt?
3180	What Dutch document condemned the Spanish Inquisition?
3181	What leader led the Dutch Revolt and wrote Apologie?
3183	What English law made that country more welcoming to Huguenots?
3185	About how many Walloons and Huguenots emigrated to England and Ireland in this era?
3186	Who was the famous Huguenot theologian and writer in London?
3188	What war in Ireland featured Huguenot regiments?
3190	Which Irish cities had large Huguenot enclaves?
3191	Huguenots in Killeshandra and County Cavan expanded what agricultural industry?
3192	What textile industry did the Huguenots contribute to in Ireland?
3193	Which noble helped establish the Huguenot settlement in Saarland?
3199	What general religious belief did the nations that received Huguenot refugees have in common?
3203	From what French King did the Huguenot name possibly descend?
3204	What is the theory that this King's name is the origin of "Huguenot" called?
3206	According to the theory, what does the name "Huguenot" mean?
3211	What leader of the Swiss reformation was a student of Lefevre?
3212	What other European Protestant leader was educated at the University of Paris?
3213	When was the St. Bartholomew's Day Massacre?
3214	What group killed thousands of Huguenots?
3215	How many Huguenots were killed in Toulouse?
3216	When was amnesty granted to those responsible for the massacre?
3217	Reports document that how many Parisien Protestants were killed by September 17?
3218	Who became king in 1643?
3219	How did the new king react to the Huguenots?
3222	The practice of occupying and looting Huguenot homes was called?
3224	Where did the Huguenots land in New York originally?
3225	From whom did the Huguenots purchase the land where they settled?
3226	What French City was New Rochelle named after?
3227	What is the name of the third, permanent Huguenot church in New Rochelle?
3229	How were Huguenot settlers assimilated into North American society at large?
3230	Who was one prominent Huguenot-descended arms manufacturer?
3231	For how long did Huguenots continue to use French names?
3232	What was the name of du Pont's gunpowder operation?
3233	Who was a prominent Huguenot in Holland?
3235	What books did Bayle publish?
3237	Who is the patron saint of the Huguenots?
3238	What early Huguenot Church was established in England?
3241	What London neighborhood attracted Huguenot refugees?
3242	When was the Old Truman Brewery founded?
3243	What protestant religions made Northern European counties safe for Huguenot immigration?
3245	What proclamation gave Huguenots special privileges in Brandenburg?
3246	What dual titles did Frederick William hold?
3247	What military impact did Huguenot immigration have on Frederick's army?
3248	What German ruler invited Huguenot immigration?
3250	What German general and fighter pilot was of Huguenot ancestry?
3251	Who was the final Prime Minister of East Germany?
3252	Thomas de Maiziere serves what role in the German cabinet?
3255	In the Rankine cycle, what does water turn into when heated?
3256	At what pressure is water heated in the Rankine cycle?
3257	What types of engines are steam engines?
3258	What was the first true engine that was commercially successful?
3259	Who was the inventor of the atmospheric engine?
3260	About what year was the atmospheric engine invented?
3261	What was invented by Savery?
3263	In what country was a full-scale working railway steam locomotive first invented?
3264	On what date did the first railway trip in the world occur?
3265	Where did the world's first railway journey terminate?
3266	In what constituent country of the United Kingdom is Merthyr Tydfil located?
3268	What device is used to recycle the boiler water in most steam engines?
3270	In what decade were injectors widely used in steam engines?
3271	What is a notable application of injectors today?
3273	How many expansion stages are used by the triple expansion engine?
3274	What are engines using four expansion stages known as?
3275	In what century was the Yarrow-Schlick-Tweedy balancing system used?
3276	What sort of engines utilized the Yarrow-Schlick-Tweedy balancing system?
3280	How is lap provided by overlapping the admission side port?
3281	What are sometimes present in the boiler's firebox crown?
3282	What happens to the lead fusible plugs if the water level of the boiler drops?
3283	What happens after the lead melts?
3284	After the operators are warned by the escape of the steam, what may they then do?
3285	What is the escape of the steam unlikely to accomplish in all but the smallest boilers?
3287	What sort of motion did Watt's steam engine continuously produce?
3290	What was the steam engine an important component of?
3292	Who conceptualized the aeolipile?
3294	Who described a steam turbine in 1629?
3298	In what field were double and triple expansion engines common?
3302	In what part of the 19th century were steam turbines introduced?
3303	Above what horsepower are steam turbines usually more efficient than steam engines that use reciprocating pistons?
3306	What is the usual source of heat for boiling water in the steam engine?
3308	Along with nuclear, geothermal and internal combustion engine waste heat, what sort of energy might supply the heat for a steam engine?
3309	What type of heating element is often used in toy steam engines?
3310	What instrument is used to examine steam engine performance?
3312	What company developed the most successful steam engine indicator?
3313	Who developed a successful steam engine indicator for Charles Porter?
3314	Where was the Charles Porter steam engine indicator shown?
3315	At what degree are the pistons of a two-cylinder compound connected to the cranks?
3318	What is a term for the reversing of steam flow in a piston engine after each stroke?
3322	Along with admission, exhaust and compression, what is an event in the engine cycle?
3323	What is the name of a uniflow engine that takes in steam in hot areas and exhausts it in cold?
3324	The uniflow engine is an attempt to fix an issue that arises in what cycle?
3325	What part is added to the uniflow engine to resolve the issue in the counterflow cycle?
3328	Along with toys, where are oscillating cylinder steam engines typically used?
3329	Full size working engines on what vehicles sometimes use oscillating cylinder steam engines?
3330	What happens to the working fluid in a closed loop system?
3331	What sort of system releases the exhaust steam into the atmosphere?
3333	What is the typical working fluid in a steam engine?
3335	What is the turbine entry temperature of a steam turbine, in degrees Celsius?
3364	What was the average duty of a low-pressure Watt engine?
3365	What was the ideal duty of a Newcomen engine?
3368	What type of engines became popular for power generation after piston steam engines?
3371	Along with electric motors, what type of engines superseded piston steam engines?
3372	Who developed the first commercial steam powered device?
3373	What was the first steam powered device used commercially?
3374	In what year was the first commercial steam powered device invented?
3375	Who notably improved the Savery water pump?
3377	Who invented a high-pressure steam engine around 1800?
3379	In what year did Richard Trevithick patent his device?
3380	High pressure steam engines were small enough that they could be used in what application?
3381	What were steam engines used as a source of?
3382	What modern company has been notably working on a steam engine using modern materials?
3384	How many cylinders does the Energiprojekt AB engine have?
3386	What percentage of a high pressure engine's efficiency has the Energiprojekt AB engine achieved?
3387	What do power station steam turbines use as a cold sink in the absence of CHP?
3388	What device is a dry cooling tower similar to?
3389	In what sort of places are dry cooling towers used?
3390	An evaporative cooling tower is also referred to as what kind of cooling tower?
3391	About how many cubic meters of make-up water is used by a 700-megawatt coal-fired power plant for evaporative cooling hourly?
3392	What did Watt add to the steam engine in 1788?
3393	What was the name of Watt's partner?
3394	Where was the centrifugal governor first observed by Boulton?
3395	What is an examine of work that a centrifugal governor-equipped steam engine wasn't suitable for?
3425	What did Watt add to Newcomen's engine between 1763 and 1775?
3426	Compared to Smeaton's improvement on Newcomen's engine, how much coal did Watt's engine use?
3427	In addition to Watt, Boulton and Smeaton, whose engine was an atmosphere design?
3430	What is restrained with a lever in the top of a boiler?
3432	In an adjustable spring-loaded valve, what needs to be broken to allow an operator to tamper with it?
3435	In what year was the Corliss engine patented?
3437	How many valves did the Corliss engine use?
3438	What award was given to Corliss?
3440	Who made experimental measurements on a model steam engine?
3441	What was developed from Watt's measurements on a model steam engine?
3443	What concept, originally discovered by Black, was later discovered independently by Watt?
3444	What is a main advantage of the Rankine cycle?
3445	During the compression stage of the Rankine cycle, what state is the working fluid in?
3446	How much turbine power is consumed by the pump while the work fluid is condensed?
3447	What is the approximate turbine entry temperature of a gas turbine?
3449	In addition to recirculating water, what do condensers do?
3450	What components raise steam temperature above its saturated vapor point?
3451	What is another name for a coal supply bin?
3481	Compared to other elements, how abundant does oxygen rank?
3482	Under normal conditions, what do two atoms of oxygen form?
3484	Photosynthesis uses which energy to for oxygen from water?
3485	_____ Helps the biospher from UV.
3488	What life process produces oxygen in the presence of light?
3490	What form of oxygen is composed of three oxygen atoms?
3492	What English chemist showed that fire only needed nitoaereus?
3493	What is consumed in both combustion and respiration?
3494	John Mayow died in what year?
3495	What researcher showed that air is a necessity for combustion?
3496	What did John Mayow  name the part of air that caused combustion?
3497	In what century did Mayow and Boyle perform their experiments?
3498	Besides combustion, for what other action did Mayow show nitroaereus responsible?
3499	What chemist showed that fire needed only a part of air?
3500	"An Account of Further Discoveries in Air" was published by who in 1775?
3502	The symbol for mercuric oxide is?
3503	By sunlight, what compound did  Priestley concentrate on to make the gas he called "dephlogisticated air"?
3504	What chemical did Priestley use in his experiments on oxygen?
3505	What did Priestley name the gas his experiment produced?
3506	In what year did Priestley publish the findings of his experiments?
3507	Why is Priestley usually given credit for being first to discover oxygen?
3508	What effect did breathing Priestley's discovered gas have on the experiment's mouse?
3509	What inventor built on to the findings of Philo of  Byzantium?
3510	Pneumatica was written by what Greek writer?
3511	In what year was the first known experiments on combustion and air conducted?
3512	Philo of Byzantium ____ surmised that air converted to fire
3513	What early Greek wrote about experiments on air and combustion?
3514	What did Philo incorrectly assume that the air became?
3515	What was the title of Philo's work?
3517	Of what did da Vinci think a part  was consumed during combustion?
3520	Peroxides, nitrates and dichromates are examples of what type of compounds?
3523	Rather than the fuel, what is oxygen to a fire?
3524	What can concentrated oxygen produce?
3526	What other sources of high oxidative potential can add to a fire?
3527	What chemical element was the cause of the Apollo 1 disastrous outcome?
3530	To reduce the chances of combustion ___ is required for safely handeling pure O.
3534	Who did a pressurized oxygen cabin fire kill?
3537	Silicates of magnesium and iron make up of the Earth's ___
3540	What part of the Earth is composed of mostly of silicates of iron and magnesium?
3543	What did John Dalton think that all elements were in number present in compounds?
3544	What did Dalton think the atomic ratios were between atoms in compounds?
3569	In what way did Lavoisier see that the tin he used in his experiment had increased?
3570	What did Lavoisier perceive the air had lost as much as the tin had gained
3572	What second part of air was deemed lifeless by Lavoisier?
3573	What is the name for O3 most often used?
3574	Of what is ozone a reactive part of oxygen?
3575	What  does ozone's characteristic to cause damage effect?
3576	What function does ozone perform for the planet?
3577	What light radiation does ozone absorb?
3578	What is the most common form of oxygen on the planet?
3579	What is the scientific designation of oxygen? 
3582	For what purpose is oxygen used by animal life?
3583	What chemist managed to make enough liquid oxygen to use for study?
3584	In what year did Dewar experiment on liquid oxygen?
3585	When was liquid oxygen developed for commercial use?
3586	What welding process was demonstrated in 1901?
3589	How much oxygen is found is a liter of fresh water under normal conditions?
3591	How much more oxygen dissolves at 0 degrees C than at 20 degrees C?
3593	How is oxygen ranked as abundant in the universe?
3598	By what means were scientists able to liquefy air?
3599	What scientist told the French Academy of Sciences that he had found how to liquefy oxygen?
3600	What minor amount of liquid oxygen was produced by early French experimenters?
3624	The spin of what can produce a magnetic effect to oxygen molecules?
3627	What do the reactive forms of oxygen produce in organisms?
3629	Against what does reactive oxygen play in plant defense?
3630	To what type of organisms is oxygen toxic?
3631	When did O2 begin to acculturate in the atmosphere?
3632	At what temperature will oxygen condense?
3634	What substance is used to make high quality liquid O2?
3638	At what temperatures is O2 more soluble?
3640	Pollution of water by nitrates and phosphates will encourage the growth of what?
3641	What measurement do scientists used to determine the quality of water?
3644	At first, what did oxygen and iron combine to form?
3646	When did oxygen begin to move from the oceans to the atmosphere?
3648	What type of process is the oxygen cycle?
3650	What process is responsible for the planet's oxygen content?
3651	What does photosynthesis release into the Earth's atmosphere?
3653	What percentage of oxygen will a zeolite sieve produce?
3679	What does oxygen cause to form on metals?
3681	What event would necessitate airline passengers to need a supplemental supply of oxygen? 
3682	What is the type of oxygen production for emergency oxygen in airlines?
3683	What type of reaction is present in the emergency oxygen generator of an airplane?
3684	What gas does the airline exothermic reaction produce?
3685	What do oxygen tanks, cryogenics, and chemical compounds serve as for oxygen?
3686	By what means is bulk oxygen shipped?
3688	In what form is oxygen transported in smaller containers?
3693	In what compound is oxygen part of a ring arrangement?
3695	In what type of molecules are oxygen found?
3700	What health condition can deep sea diving cause?
3701	To what can the use of prolonged breathing of oxygen at 60 kPa lead?
3702	Pressures greater than what can lead to convulsions?
3704	What physical condition can acute oxygen toxicity cause?
3706	What is the oxygen partial pressure of space suits?
3707	How much of normal is the oxygen breathed in space suits?
3709	What si the comparison to sea level with the oxygen level in space suits?
3710	When can oxygen gas produce a toxic condition?
3711	At what point does oxygen toxicity begin to happen?
3712	To what is 50 kilopascals equal?
3713	What medical appliance can be a concern for oxygen toxicity?
3714	What percentage of oxygen is usually supplied by a medical mask?
3716	What was the price of oil in March of 1974?
3717	When was the second oil crisis?
3719	Who proclaimed the oil embargo?
3720	Why did the European nations and Japan separated themselves from United States during the crisis?
3722	On what date did Henry Kissinger negotiate an Israeli troop withdrawal from the Sinai Peninsula?
3723	When did the Arab oil producers lift the embargo?
3752	What has a negative influence over the US economy?
3754	Which problem consists of both  inflationary and deflationary impacts?
3757	Which country faced a complete embargo in the EEC?
3761	Who wanted Israel to withdraw from its border?
3763	What caused UK to have an oil crisis in its own country?
3764	When did the series of strikes happen?
3765	Name one country that banned boating, driving and flying on Sundays.
3766	Which country rationed gasoline and heating gas?
3768	Why are newly discovered oil sold at a higher price?
3769	Why was old oil withdrawn from the market?
3796	When did the Wahhabi seized the Grand Mosque in Mecca?
3800	Which country's imports became the de facto mass market leaders?
3801	When did Honda, Toyota and Nissan open US assembly plants?
3802	Name a larger car that Toyota came up with as buyers lamented the small sized compacts?
3804	Name a luxury division of Toyota.
3805	Name a type of Toyota compact trucks?
3806	What did Mitsubishi rename its Forte to?
3808	When American car companies rolled out with their domestic replacement cars, which policy ended?
3834	What happened to Apollo 13?
3835	What was the first spacecraft to orbit another celestial body?
3836	What Apollo mission was the sixth moon landing?
3837	How many kgs of moon rocks did the program bring back?
3838	What other areas did the Apollo missions help spur advancements in?
3839	How many people could the Mercury capsule hold?
3840	How many people could Apollo be projected to hold?
3841	Who named the Apollo missions?
3843	When was the Apollo project conceived? 
3845	Who led the in house design studies for NASA?
3847	Who was the deputy administrator of NASA in 1960?
3848	Who was elected President in November 1960?
3850	What was President Kennedy put off by regarding the space program?
3853	Who was the first person in space?
3855	How many days after Gagarin's flight did the US House Committee on Science and Astronautics meet?
3856	What did President Kennedy do in response to the Soviet flight in regards of America's program?
3857	What month and day did Kennedy message his vice president about the status of the program?
3858	Who was Kennedy's vice president?
3859	How long did it take Johnson to respond to Kennedy?
3860	What was the general consensus Johnson came to regarding America's progress on going to space and reaching a position of leadership?
3862	Where was the Space Task Group located?
3863	Where was the Manned Spacecraft Center located?
3864	What university donated the land for the Manned Spacecraft Center?
3865	In what state were the original launching facilities for missions?
3868	Kurt H. Debus was appointed what position for the Launch Operations Center?
3869	President Johnson issued an executive order to rename the Launch Operations Center after whom?
3870	How many launch pads were originally planned?
3895	Who was keeping pressure and showing disagreements for the LOR, even in front of the President?
3896	What did Wiesner shout out in front of the press during a presentation by von Braun?
3897	What does the acronym LEM stand for?
3898	Who was announced as the LEM contractor in November 1962?
3899	What was the advantage that the LOR method produced in the event of a spacecraft failure?
3900	What Apollo mission was this LOR method used and needed?
3905	How many men would the LM take to the lunar surface and return to the CSM?
3909	What was incorporated to help slow the CM's decent back to Earth?
3911	What helped support the Command Module with a propulsion engine and propellants?
3914	How much did the initial version of the SM weigh in pounds?
3915	What was carried on extended lunar missions?
3916	Who was rewarded with building the CSM?
3917	How much thrust was estimated for the translunar flight?
3918	In what year was a program study done on the modules labeled as Block I and Block II?
3919	What was the name of the launch vehicle for NASA, which North American Aviation designed the second stage of?
3920	How many astronauts was the LM intended to take from orbit of the moon to the surface of the moon?
3946	In what year were the Distinguished Service Medals awarded to Grissom, White, and Chaffee?
3947	What happened during the Apollo 7 test mission to elicit them a lesser version of the DSM?
3948	From what mission and onward were the DSMs awarded?
3950	How high in miles did the first block, AS-201, reach when launched?
3951	How far did the second block, AS-202, travel downrange in km? 
3956	What type of undergarment, if any, was included into the Apollo spacesuit?
3957	What did the LMP acronym stand for regarding the Block II launch positions?
3959	For which project did Deke Slayton work with before becoming Director of Flight Crew Operations?
3963	What happened to the AS-205 mission originally?
3965	What was the dual mission AS-258 a combination of?
3968	What was the nickname given to the team Samuel Phillips was appointed to?
3970	Who appointed Samuel Phillips to man the tiger team to find answers?
3971	Where did Apollo 1's crew conduct tests at Kennedy Space Center?
3973	What was a plugs-out test done to simulate on the LC-34?
3976	When did the very first plugs-out test occur?
3977	What happened during the plugs-out test during the delay for the spacesuit odor? 
3978	What happened to the crew onboard during the plugs-out test?
3980	Who kept tabs on the accident review board that NASA created?
3981	What was found to be at fault for the fire in the cabin on Apollo 1 regarding the CM design?
3982	Who ended up replacing Joseph Francis Shea as ASPO Manager?
3983	How soon after the cabin fire incident did NASA create its accident review board?
3984	What type of mixture was created to replace the pure oxygen atmosphere inside the cabin?
4015	What would the latter Apollo missions carry to the moon to increase exploration?
4018	How long would the astronauts be project to be able to stay on the moon for in the latter missions?
4020	What happened to the Apollo 13 crew to force them to use the LM as a "life boat" as it had been designed?
4021	Along with one veteran, what other two types of crew could be included in lieu of veterans after the successful landings of Apollo 11 and 12?
4024	What month and year was Apollo 13 launched?
4025	What Apollo mission was first cancelled due to not being needed to build the Skylab in space, as it was pre-built on the ground?
4026	What happened to NASA's budget after the first successful moon landing?
4027	After Apollo missions 18 and 19 were cancelled, what happened to the Saturn Vs that were never used?
4028	What year was the decision made to cancel Apollo missions 18 and 19?
4031	What new component was found in certain rocks from the moon?
4033	As the moon has no atmosphere, what is prevalant in many moon rock samples brought back from Apollo missions?
4036	How much was NASA's procured spending on the Apollo project estimated to be at in 2005 after inflation?
4038	How much was the Apollo project estimated to have cost from 1959 to 1973, the length of the program?
4039	What did NASA name the series seeking up to 30 more flights to Earth's orbit?
4040	What did the acronym AAP stand for?
4041	What planet was named for a fly-by mission by an empty S-IVB?
4042	When was the Skylab launched?
4044	When was Skylab's last crew on the station before it re-entered Earth's atmosphere?
4046	Which NASA orbiter photographed evidence of each site on the moon that a manned Apollo mission landing occurred?
4047	The flags on the moon left by the U.S. manned Apollo missions are all still standing save for which mission's flag?
4049	What crew sent the first ever live images of the Earth and Moon to earth?
4050	From what Bible book did the crew of Apollo 8 read from during this stream of images?
4055	What happened to prompt NASA to record over archived magnetic tapes?
4058	Who compiled the original surviving Apollo 11 landing data?
4084	What is one supplementary source of European Union law?
4086	Who can enforce European Union law?
4087	What is the highest court in European Union law?
4088	What are some supplementary sources of European Union law?
4089	What are the two primary constitutional sources of the European Union?
4090	Who has the power to initiate legislation within the European Union?
4091	Who elects the members of the European Parliament?
4092	What court is able to interpret European Union law?
4099	What are the core treaties that the primary law of the EU consists of?
4102	Who is suited to interpret the Treaties?
4132	What commission was censured in 1999, and paved the way for Commissioners to abuse their power?
4135	Who appoints the board of the European Central Bank?
4136	Can the President of the Council vote on important matters related to the European Central Bank?
4137	When was the Santer Commission censured by Parliament?
4138	The censuring of the Santer Commission  resulted in which main case?
4140	The corruption found by the Committee of Independent Experts resulted to the creation of what office?
4141	When did the European Anti-Fraud Office investigate John Dalli?
4142	Which two governing bodies have legislative veto power?
4144	How often do Parliament elections take place?
4145	How much of a voting majority must there be to effectively censure the Commission?
4147	Which entity has a monopoly on initiating legislation?
4148	Which entities have powers of amendment and veto during the legislative process?
4149	When did the first direct elections take place?
4150	How often do Parliament elections take place?
4153	Who is currently the President of the Council?
4156	Currently, how many votes out of the 352 total votes are needed for a majority?
4159	How many votes in total does the Council have?
4195	In which case was it held that the provisions of the treaties are directly effective if they are clear, unconditional, and don't require further action by EU or national authorities?
4197	What type of company is Van Gend en Loos?
4208	Which courts have a duty to interpret domestic law as far as possible?
4233	What year was the Treaty of Amsterdam created?
4240	What year was the Maastricht treaty signed?
4241	What lead to the UK to subscribe to the agreement on Social Policy?
4242	When did the UK formally subscribe to the Agreement on Social Policy?
4244	When was the Parental Leave directive created?
4246	Which countries were the European Coal and Steel Community agreement between?
4247	What year was the ECSC agreement established?
4248	What did article 65 of the ECSC ban?
4249	Which article made provisions for concentrations or mergers and the abuse of a dominant position by companies?
4250	When were competition rules included in the Treaty of Rome?
4251	In which article does the Treaty of Lisbon prohibit anti-competitive agreements?
4252	What does Article 102 of the Treaty of Lisbon prohibit?
4253	Which articles state that the member states' rights to deliver public services may not be obstructed?
4260	What helps the process of free movement of goods?
4266	Which country did Rewe-Zentrale AG wish to import from?
4293	In which year did a toxic waste spill from a European ship prompt the Commission to look into legislation against waste?
4295	When did the Court of Justice rule that the Commission could only propose that there must be some criminal sanctions?
4296	When was the competence for the Union to create criminal sentences for ecological crimes contested?
4297	The freedom to provide services under TFEU article 56 applies to who?
4298	Why was the Dutch lawyer who moved to Belgium while advising a client in a social society case told he couldn't continue?
4299	What did the Court of Justice reason were controlled in all member states in Josemans v Burgemeester van Maastricht?
4300	What did the Dutch health authorities regard as unnecessary in Geraets-Smits v Stichting Ziekenfonds?
4306	Which name is also used to describe the Amazon rainforest in English?
4307	How many square kilometers of rainforest is covered in the basin?
4309	How many nations contain "Amazonas" in their names?
4334	The amazon rainforest became a mostly inland forest around which global event?
4335	Savannah areas expanded over the last how many years?
4336	In which point did the drainage basin of the Amazon split?
4338	What is the name of the basin that was created from a enclosed lake?
4339	How long ago was it when the water broke through the Purus Arch?
4341	When was the drainage basin of the Amazon believed to have split in the middle of South America?
4344	What did water that flowed towards the Pacific have to flow across during the mid-Eocene?
4345	What basin was formed when the Andes Mountains rose?
4346	During what period the drainage basin of the Amazon likely split?
4347	Near where in the continent is it believed that the Amazon basin split?
4349	Where did the water in the Amazon Basin flow towards when moving west?
4350	What is the lake known as which was created by the rise of the Andes Mountains?
4351	What does LGM stands for?
4352	What did the analysis from the sediment deposits indicate? 
4353	What are some of scientists arguments? 
4356	There have been major changes in Amazon rainforest vegetation over the last how many years?
4359	What has the lower rainfall in the Amazon during the LGM been attributed to?
4360	Many changes in the vegetation of the amazon rainforest took place since the  Last Glacial Maximum, which was how many years ago?
4363	Scientists disagree with how the Amazon rainforest changed over time with some arguing that it was reduced to isolated refugia seperated by what?
4364	Why is it difficult to resolve disagreements about the changes in the Amazon rainforest?
4365	What is the name of the satellite that measured the amount of dust?
4366	How many tons of dust are blown from the Sahara each year?
4367	How many miles does the dust travels over the Atlantic Ocean?
4368	Which basin does the dust falls over into?
4369	How many tons of dust remains in the air?
4370	What tool has measured the amount of dust that travels from the Sahara to the Amazon?
4371	How much dust is blown out of the Sahara each year?
4372	How much Saharan dust falls over the Amazon basin each year?
4373	How much Saharan dust remains in the air over the Amazon each year?
4374	How much Saharan dust is blown and falls upon the Caribbean Sea each year?
4375	A satellite that measured the amount of dust going to the Amazon was named what?
4376	What organization runs the satellite that measured dust that landed on the Amazon?
4377	How much windblown dust leaves the Sahara each year?
4378	How many miles across the Atlantic Ocean does Saharan dust travel?
4379	How many tons of Saharan dust falls on the Amazon Basin each year?
4380	What is the name of the book written by Archeologist Betty Meggers?
4381	What is the maximum square miles did Betty Meggers claim that can be sustained in the rainforest? 
4383	Which findings suggested that the region was densely populated? 
4384	How many people may have lived in the Amazon region during AD 1500?
4385	What feature of the Amazon made people believe it couldn't have many inhabitants?
4386	What well-known archeologist believed the Amazon didn't have many inhabitants?
4387	How many inhabitants did Betty Meggers believe could occupy each square kilometre of the Amazon?
4388	In what book did Betty Meggers describe the idea of the Amazon being sparsely populated?
4389	Which archaeologist proposed the idea that the Amazon rainforest couldn't sustain large populations? 
4390	Which book discussed the theory about low populations in the Amazon rainforest?
4391	What was the theorized maximum population density per square kilometre for the Amazon rainforest?
4393	In the 1980s what was the population of the amazon region?
4394	Who was the first European to travel the Amazon River?
4395	During what time did civilization in the Amazon was flourishing when Orellana made his observations?
4396	What was believed to be the cause of devastation to the civilization?
4397	How long since it's been that geoglyphs were first discovered on deforested land?
4399	Who was the first European to travel the entire length of the Amazon River?
4400	In what year did the first European travel the entire length of the Amazon River?
4424	How many kilometers of acres of the Ecuadorian rainforest is supported?
4426	How many tons of living plants are in the rainforest?
4428	What is the number of plant species in economics and social interest?
4430	How many tree species were found in one square kilometer of Ecuadorian rainforest in 2001?
4431	How many tons of live plants were found to live in one square kilometer of the Amazon rainforest in 1999?
4432	What is the average weight of the biomass per hectare in the Amazon?
4433	How many plant species are of interest to society and manufacturers exist in the amazon rainforest?
4434	Which animal that lives in the Amazon river may produce a deadly shock?
4435	Large predators of the Amazon rainforest include the jaguar, cougar, and anaconda, what is one other example?
4436	What fish living in the Amazon river is known to bit humans?
4437	What are dart frogs are known to secrete?
4438	What type of bat that lives in the Amazon rainforest can spread rabies?
4440	Acessing the Amazon rainforest was restricted before what era?
4441	What method was used to clear forest for crop cultivation in the amazon forest?
4442	What are two factors that made it difficult for colonists to the Amazon forest to survive?
4443	What is notable about the Amazon forest when it is seen from space?
4444	How many square kilometres of the Amazon forest was lost by 1991?
4445	In the year 2000 how many square kilometres of the Amazon forest had been lost?
4446	What is most of the cleared land in the Amazon region used for?
4447	Where is Brazil ranked globally in soybean production?
4451	The rate of clearing of forest from 2000 to 2005 was how many square miles per year?
4452	What happened to the rate of deforestation in the Amazon region of Brazil between 2004 and 2014?
4478	What type of radar was used to classify trees into four categories?
4480	What organization argued that drought, among other effects, could cause the Amazon forest to reach a "tipping point?"
4481	Along with drought, what is one other factor that is pushing the Amazon rainforest towards a tipping point?
4483	What organization predicted that the Amazon forest could survive only three years of drought?
4484	In what year did the Amazon experience a drought that may have been more extreme than in 2005?
4485	How many square miles large was the region impacted by the 2010 drought?
4487	The southern part of the Amazon forest was mainly impacted by drought in what year?
4488	How many tons of carbon are absorbed the Amazon in a typical year?
4489	What are Ctenophora commonly known as?
4490	Where do Ctenophora live?
4491	What size are adult Ctenophora?
4492	What is a ctenophora?
4493	What does the ctenophora use to swim?
4494	What does ctenophora use for digestion and respiration?
4495	How large can ctenophora grow?
4496	What is the most distinctive feature of ctenophora?
4497	What are ctenophora commonly known as?
4498	How big can ctenophora grow?
4499	What does ctenophora rely on for digestion and respiration?
4500	What does ctenophora mean in Greek?
4501	Where do ctenophora live?
4504	How many species of Ctenophores have not been fully described or named?
4505	How many species of Ctenophora have been validated?
4506	What are the little tentacles that cydippids have called?
4507	How much food does a ctenophora eat in a day?
4508	What do coastal beroids not have that other ctenophora have?
4531	What does the Beroe eat? 
4533	What does  mnemiopsis eat?
4534	Where do ctenophores be found in large numbers?
4535	Where can ctenophores be found in large amounts?
4537	What ctenophore was accidentally introduced into The Black Sea?
4538	What event was blamed on the introduction of mnemiopsis into The Black Sea?
4539	What was done to counteract the overpopulation of mnemiopsis in The Black Sea?
4540	When did the Cretaceous-Paleogene extinction happen?
4541	Evidence indicates that Cydippids are not what?
4544	Fossils found that were believed to be ctenophores were how old?
4545	What event happened 66 million years ago?
4548	Jellyfish ans sea anemones belong to what phylum?
4551	Which phylum is more complex than sponges?
4552	What does ctenophore use to capture prey?
4553	Jellyfish and sea anemones belong to which group/
4554	What do ctenophores have that no other animals have?
4555	What do ctenophore use to capture their prey?
4556	Which two groups have cells bound by inter-cell connections and membranes, muscles, a nervous system and sensory organs?
4557	Ctenophores are less complex than what other group?
4558	What is the jelly-like susbtance called?
4560	Which group has two layers of cells with a middle layer of mesoglea?
4561	Ctenophores, cnidarians and what other group are labelled diploblastic?
4562	What are the hairs on ctenophores called?
4564	Comb like bands of cilia are called what?
4565	What does ctenophore mean in Greek?
4566	Which cidippid is used as a description on ctenophores in most textbooks?
4567	Which group of ctenophore are are hardest to study?
4568	Why are coastal species tough?
4571	What do photocytes produce?
4573	What does the internal cavity contain?
4574	What are the most active parts of ctenophora?
4575	What are the eight comb rows on the outer surface called?
4576	Combs are called what?
4577	What does the 9 +3 pattern of cilia thought to do?
4578	What direction do ctenophore swim?
4579	Cilia can g ow up too what length?
4580	How do ctenophores control buoyancy?
4581	Ciliary rosettes pump water into what to control buoyancy?
4582	What does pumping water into the mesoglea do?
4583	What does the ciliary rosettes do to decease bulk and increase density?
4584	What is the largest sensory feature of the ctenophora?
4585	Where is the aboral organ located?
4586	What protects the statocyst?
4588	What is a statocyst?
4589	What is the common coastal pleurobrachia called?
4590	What does the pleurobrachia have on opposite sides of its body?
4591	Cydippid are typically what shape?
4594	What are the tentacles of cydipped ctenophores are usually fringed with?
4595	What are colloblasts?
4596	What makes the tentilla of euplokamis different from other cysippids?
4597	How many types of movements do euplokamis tentilla have?
4598	What does the euplokamis use the three types of movement for?
4599	How many rows of combs are there?
4600	Where are the rows of combs located?
4602	What runs from the balancer in the statocyst to the comb rows?
4604	What are auricles?
4605	How many auricles do most species have?
4606	What do the auricles do?
4607	What do lobates feed on?
4608	What does the bathocyroe and ocyropsis do to escape danger?
4609	What happens when bathocyroe and ocyropsis clap their lobes together?
4610	The movements of the lobates combs are controlled by what?
4611	Cydippids combs are controlled by what?
4612	Beroida are known by what other name?
4613	What group has no feeding appendages?
4614	Some species of beroe have a pair of strips of adhesive cells on the stomach wall. What does it do?
4615	What does the beroe do when pursuing prey?
4616	What does the beroida have instead of feeding appendages?
4617	Which species are ribbon-shaped planktonic animals?
4619	What are cestida called?
4620	How do cestids swim?
4621	Which species moves by a darting motion?
4622	What do most platyctenida have on their aboral surface?
4623	What do platyctenida use their pharynx for?
4624	What do all but one platycenida species lack?
4625	Where do platycenida live?
4626	How are eggs and sperm released?
4627	How do platyctenids reproduce?
4628	What genus has self-fertilization been seen?
4629	Where are the gonads located?
4630	Is fertilization  internal or exeternal in most species?
4631	Juvenile and adult  beroe lack what?
4632	Where do juvenile platyctenids live?
4633	When do juvenile develop into adults?
4634	Juvenile platyctenids act like what?
4635	Which genus lack tentacles and sheaths?
4636	What do bathyctena chuni, euplokamis stationis and eurhamphaea vexilligera have in common?
4637	When do bathyctena chuni, euplokamis stationis and eurhamphaea vexilligera  excrete secretions?
4642	What happens to the jellyfish nematocysts when they are eaten by the haeckelia?
4643	What does the bolinopsis generally eat?
4644	What is the name of the two-tentacled cydippid that feedsentirely on salps called?
4645	Why was it thought that  ctenophores were a poor diet for other animals?
4647	What do beroids typically eat?
4648	Where have herbivorous fishes been seen feeding on gelatinous zooplankton?
4650	What is blamed for causing the sharp drop in fish catches in the Black Sea and the Sea of Azov?
4651	How was the ctenophore mnemiopsis leidyi introduced into The Black Sea and the Sea of Azov?
4652	How was the population of mnemiopsis in The black Sea and the Sea of Azov brought under control?
4653	When was ctenophore mnemiopsis leidyi introduced into The Black Sea and the Sea of Azov?
4654	How does cooling of the local environment affect the mnemiopsis?
4655	Why are ctenophores extremely rare as fossils?
4656	Ediacaran eoandromeda can be regarded to represent what?
4657	What was the period called that was 505 million years ago?
4661	What type of fossils were found in China?
4662	Which genus is considered the "aunt" of ctenophores?
4664	Vendobionta lived during which period?
4667	Which genus of ctenophores does not have cydipped-like larvae?
4668	A molecular phylogeny analysis confirmed that cydippid are not what?
4670	Who did a morphologically analysis in 1985 that concluded cydippids are not monophyletic?
4671	Which city is the fifth-largest city in California?
4672	How far is Fresno from Los Angeles?
4673	What does the name Fresno mean in Spanish?
4674	What is featured on the city of Fresno's city flag?
4677	What were the reasons why residents moved to the town of Fresno Station?
4678	In what year did Fresno become an incorporated city?
4679	How many streetcars did the Fresno Traction Company operate in 1931?
4681	In 1940, what percentage of the population in Fresno was Asian?
4682	What ethnic neighborhood in Fresno had primarily Japanese residents in 1940?
4683	In 1942, what was North Fresno previously called?
4684	What was the Pinedale Assembly Center?
4685	What was the Fresno Fairgrounds used as?
4686	What new product did Bank of America introduce in 1958?
4689	In what year did BankAmericard change its name?
4690	What present-day company did BankAmericard turn into?
4691	Who wrote "Walking in Fresno?"
4692	Who recorded "Walking in Fresno?"
4694	On what show did Bill Aiken make is television debut?
4695	Who was Bill Aiken's adopted mother?
4696	How many large public parks does Fresno have?
4697	Which park is home to the Fresno Chafffee Zoo?
4699	Which is one of the park features located in North Fresno?
4700	Which park hosts the largest Civil War reenactment on the west coast?
4701	During what period did downtown Fresno thrive?
4702	What were two of Fresno's most beautiful architectural buildings that are now demolished?
4729	Which district in Fresno is known as the center for the heavy metal community?
4730	What type of homes is Fresno known for?
4732	Does the residential architecture of the Tower District compare or contrast with other part of Fresno?
4733	How recently has the homes in Fresno been restored?
4737	How many homes did the Alta Vista Tract have five years after Billings & Meyering acquired it?
4738	Which company provided streetcar connections between downtown and the hospital?
4739	What is another name for the west side of Fresno?
4740	In which direction does the west side of Fresno neighborhood lie to the 99 freeway?
4741	The west side of Fresno is the center of which ethnic community?
4742	What are the two principal Asian-American groups living in the west side neighborhood of Fresno?
4744	Who is Kearney Boulevard named after?
4746	Between which two streets along Kearney Boulevard were wealthy African-Americans at one time residing?
4750	On which corner is the shopping center located?
4754	Who founded Woodward Park?
4755	How many total acres is Woodward Park?
4756	How many seats does the amphitheatre at Woodward park have?
4757	How many miles, once completed, will the the Lewis S. Eaton trail cover?
4758	What months out of the year is Woodward Park open?
4759	When was the Sierra Sky Park Airport formed?
4760	Who created the nation's first aviation community?
4761	What is the name of the first aviation community built?
4763	Are there any other aviation communities such as Sierra Sky Park in the United States?
4764	How would one describe the summers in Fresno?
4765	What month is the warmest in Fresno?
4766	How much rain per year does Fresno get on average?
4768	In which months does Fresno experience increased wind coming from the southeastern direction?
4769	What is the hottest temperature record for Fresno?
4770	On what date was the record low temperature in Fresno?
4771	In what year did Fresno experience the most rainfall?
4772	What is the most snow Fresno has ever had?
4773	What is the most rainfall recorded in a 24 hour period in Fresno?
4774	what was Fresno's population in 2010?
4775	What was the percentage of whit people in Fresno in 2010?
4776	How many Native American people resided in Fresno in 2010?
4777	What was the percentage of Non-Hispanic Whites in 2010? 
4778	How many people per square mile lived in Fresno in 2010?
4808	What did Distributed Adaptive Message Block Switching do
4811	What did Paul Baran develop in the late 1950's
4813	Who is credited with the modern name for this system 
4814	Packet Switching contrast with what other principal 
4815	What is circuit switching characterized by
4816	How is packet switching charecterized
4817	What does Packet switching contrast with 
4818	How is circuit switching allocated 
4819	How is circuit switching charecterized 
4820	How is packet switching characterized 
4821	How is packet mode communication implemented 
4822	How are packets normally forwarded
4824	How is packet mode communication implemented 
4825	How are packets normally forwarded
4860	What did the Apple system assign automatically 
4862	What network was designed by the french 
4866	What is  DECnet
4867	What did DECnet originally do 
4868	DEC originally had 3 layers but evolved into how many layers 
4874	WHy was the Merit network formed in Michigan 
4875	What completed the triad 
4900	 what is Internet2
4904	ableine was retired and the new platform is called 
4905	What is NSFNET
4906	What did NSFNET promote
4907	What did NSFNET eventually provide
4908	what does vBNS stand for 
4909	What did vBNS do 
4910	Who operated the vBSN network 
4912	What did the network install in 1999
4914	How did the black death make it to the Mediterranean and Europe?
4915	How much of the European population did the black death kill?
4916	When did the world's population finally recover from the black death?
4921	When did the Chinese famine begin?
4923	Who introduced plague to Europe?
4924	Who did the army siege belong to?
4925	What did the Mongol army throw in their catapults?
4926	Where did the genoese traders bring the plague?
4954	What did Gasquet's book blame the plague on?
4957	How high do plague fevers run?
4959	What is the mortality rate of pneumonic plague?
4962	What was the Plos Pathogens paper about?
4963	How did scientists assess the DNA/RNA of yersinia pestis? 
4964	Where did scientists find their Y. pestis sample? 
4965	What does the plos pathogen paper claim?
4968	What do the strains of y. pestis suggest abut the plague?
4970	When did the y. pestis reach England?
4971	What is the current status of the Haensch study?
4973	What is thought to have happened to the y. pestis that caused the black death?
4975	Who challenged the plague theory first?
4976	What did Shrewsbury note about the plague?
4978	What did Graham Twigg publish in 1984?
4979	Who discussed Twigg's study in 2002?
4980	What is as important as identifying plague symptoms?
4981	Why are researchers struggling to identify the history of the plague?
4982	How much do estimations of the population during the plague vary?
4983	Where can population estimates be extrapolated from?
4984	During which years was no census taken?
4985	Why might rats not be responsible for the plague?
4987	Why  might the temperature affect the theory of plague spreading?
4989	How many years could separate outbreaks of the black death?
4990	What does Graham Twigg propose about the spread of disease?
4991	What was Norman Cantor's theory about the plague?
4992	Which diseases do many scientists believe contributed to plague pandemic?
4995	How much of the population in the Middle East died of the plague?
4996	How much of Paris' population was killed by the plague?
4997	What do isolated, spaced out graves of plague victims indicate?
5000	When did the plague return to Europe?
5001	What did Biraben say about the plague in Europe?
5002	How many French people were lost to plague between 1628-31?
5003	What did historians do in the absence of census figures?
5005	How many people died in the outbreak of 1471?
5006	When was the great plague of London?
5007	How many people died of plague in Paris in 1466?
5008	The black plague ravaged Europe for three years followed by what country?
5009	Which outbreak was associated with troops in the thirty years war?
5035	The lithosphere moves over which mantle n the theory of plate tectonics?
5036	What types of waves do seismologists use to image the interior of the Earth?
5037	In the layered model of the Earth, the outermost layer is what? 
5038	In the layered model of the Earth there are seismic discontinuities in which layer? 
5039	Recently a more detailed model of the Earth was developed. Seismologists were able to create this using images of what from the interior of the Earth? 
5040	In the layered model of the Earth, the mantle has two layers below it. What are they? 
5041	Why is the second timeline needed? 
5042	Which timeline is further expanded in the fourth scale?
5043	What is the name of the latest epoch?
5044	The Pleistocene epoch takes place during which period?
5045	What principle relates to the formation of faults and the age of the sequences through which they cut? 
5049	What foreign bodies, which are older than the rocks themselves, occur igneous rocks?
5050	Xenoliths are picked up by what and deposited into the matrix of igneous rocks? 
5051	What is another word for inclusions in sedimentary rocks? 
5052	What is the principle that states that with sedimentary rocks, inclusions must be older than the formation that contains them?
5054	Which principle is based on the appearance of fossils in sedimentary rocks?
5055	Whose principles were the principle of faunal succession built upon?
5057	The presence or absence of what can be used to determine the relative age of the formations in which they are found? 
5058	The principle of faunal succession was developed 100 years before whose theory of evolution?
5059	When was the ability to use radioactive isotopes to date rock formations developed?
5064	What techniques can be used to determine paleotopography?
5089	What is stratigraphy?
5092	What do petrologists use electron microprobes in the laboratory for?
5093	What properties are analyzed with a conoscopic lens by petrologists? 
5094	Stable and radioactive isotope studies provide insight into what?
5095	Petrologists identify rock samples in the field and where else? 
5096	What type of microscope is used by petrologists?
5097	How else can petrologists understand the pressures at which different mineral phases appear?
5098	How else can petrologists understand the temperature at which different mineral phases appear?
5099	Data from physical experiments can be extrapolated to the field to understand what processes? 
5100	What type of geologists give information about strain within the crystalline structure of the rocks?
5101	How do structural geologists observe the fabric within the rocks?
5102	In order to better understand the orientations of faults and folds, structural geologists do what with measurements of geological structures?
5103	What kind of experiments of rock deformation do structural geologists perform?
5104	Zones in which mountains are built along convergent tectonic plate boundaries are called what?
5105	What are among the most well known experiments in structural geology? 
5106	Horizontal layers of what are pulled along a surface into a back stop in analog versions of orogenic wedge experiments?
5108	Which is more sophisticated, numericals model or an analog models of orogenic wedges? 
5110	What type of surveys show the location of stratigraphic units in the subsurface?
5135	Which theory states that Earth's features remained unchanged after forming in one single catastrophic event?
5136	Which famous evolutionist was influenced by the book Principles of Geology?
5137	How many miles south of Edinburgh is Newcastle?
5138	How many miles from the north Sea is Newcastle?
5139	What network is Newcastle a member of?
5140	What county was Newcastle a part of until 1400?
5141	What's the regional nickname for Newcastle and its surrounding area?
5142	Who built a castle in Newcastle in 1080?
5145	What century was Newcastle's port developed in?
5146	What globally popular half marathon began in 1981?
5147	What was the first recorded settlement in what became Newcastle?
5148	What river was there originally a bridge across in Roman times?
5149	What was the estimated population of Pons Aelius around the 2nd century?
5150	Whose wall has fragments visible in places around Newcastle even today?
5152	Newcastle served as a northern fortress for which country during the Middle Ages?
5153	Who granted Newcastle a new charter in 1589?
5154	How high was the stone wall built around Newcastle in the 13th century?
5156	How many times did Newcastle fight off the Scots during the 14th century?
5157	What did a 1530 royal act restrict shipments of?
5158	What was the cartel of Newcastle burgesses known as?
5160	What was the American Timothy Dexter widely regarded as?
5161	What did the merchants of Newcastle plot to do to Timothy Dexter?
5162	Who did the keelmen live with in a tight-knight community east of Newcastle?
5163	How was coal transferred from the river banks to colliers? 
5164	How many folks died of plague in Newcastle in the 1630s?
5165	What percentage of Newcastle's population was culled by the plague?
5166	The epidemic in Newcastle was the most what in any British city at the time?
5169	What was roaring as Newcastle was stormed?
5170	What does Fortiter Defendit Triumphans mean?
5171	Who was imprisoned in Newcastle by the Scots in 1646 through 1647?
5173	What was the largest pottery company in the world in 1817?
5174	Newcastle was one of the first cities in the world to have what innovation?
5176	What did Charles Parsons invent?
5177	What type of layout does Newcastle's streets have in many parts?
5178	What are chares?
5181	What is the House of Tides?
5182	What has recently undergone extensive restoration?
5184	What street does Nikolaus Pevsner think is one of the finest in England?
5185	When was a part of Grainger Town destroyed?
5188	What an the freeman of Newcastle do with their cows on the Town Moor?
5190	When is the funfair held in Newcastle?
5191	What honorary title does Bob Geldof hold?
5192	What has replaced the former shipping premises?
5193	Who commissioned the Gateshead Milennium Bridge?
5194	Who designed the Sage Gateshead music center?
5195	Why have Newcastle and Gateshead linked together under a common banner?
5197	What is the historic heart of Newcastle?
5198	When was Richard Grainger actively building and developing?
5200	How man of Grainger Town's 450 buildings are listed?
5201	What earlier market did the Grainger Market replace?
5202	When did Newcastle's first indoor market open?
5203	How many guests attended the dinner celebrating the opening of the Grainger Market?
5204	How is the opening of the Grainger Market documented in the Laing Art Gallery?
5205	Who listed the Grainger Market architecture as grade 1 in 1954?
5209	When was the coldest temperature in Newcastle recorded?
5211	What year was Newcastle ninth in retail expenditures?
5212	What is one of the largest city center shopping complexes in the UK?
5213	What department store is thought to be the first in the world?
5215	What year was the new bus station in Newcastle officially opened?
5217	Gosforth and Byker are the largest shopping areas of what type?
5219	What is the name of the largest indoor shopping centre in Europe?
5220	Where is the MetroCentre located?
5221	What was the dominant housing template when industrial centres were growing the fastest?
5222	What were Tyneside flats built as?
5224	What profession are Cany Ash and Robert Sakula?
5231	The population of Newcastle was 189,863 according to what year's census?
5233	Newcastle is home to a large population of what type of person?
5236	What is the average age of people who live in Newcastle?
5263	What did Stephen Kemble guide the Theatre Royal through?
5264	When did the theater in Newcastle originally open?
5265	On what street was the Theatre Royal's replacement built?
5266	What does Newcastle still contain many of?
5268	What company has been hosted at the Theatre Royal for over 25 years?
5269	What do other smaller venues of Newcastle tend to feature?
5270	What was NewcastleGateshead voted in 2006?
5271	What is the largest independent library outside of London?
5273	What was the last name of the designers of Newcastle's library?
5274	What was the first public building to be lit by electric light in Newcastle?
5275	Who lectured at the Newcastle library on the 20th of October in 1880?
5276	What festival takes place in April in Newcastle?
5282	When does the largest traveling fair in Europe take place?
5283	What movement did the fair held in June have its origins in?
5284	What type of festival is The Northern Rock Cyclone?
5285	Which festival is held in Newcastle's Gay Community in mid-July?
5286	What is an annual two-day multicultural event held in Newcastle in late August?
5287	Where will the 2009 International Arts Fair be held?
5288	What festival is held in October in Newcastle?
5289	What cultural festival is the SAMA festival?
5290	Who holds an annual International Arts Fair in Newcastle?
5291	What genre of music is Lindisfarne classified as?
5294	What band is often regarded as the first folk metal group?
5295	What group is Newcastle native Andy Taylor the former lead guitarist of?
5296	Between what dates was the building on Pilgrim Street refurbished? 
5331	What underground railways cover much of Tyne and Wear?
5332	How many phases was the Metro opened in between 1980 and 1984?
5333	What type of tunnels are constructed through Newcastle's city center?
5334	What did Queen Elizabeth II open in Newcastle in 1981?
5335	How many passengers a year does the rail network in Newcastle carry?
5336	What is the name of the current refurbishment the system is undergoing?
5338	What is being overhauled as part of the improvement works?
5339	What will be obtained as part of longer term plans for improvements to Newcastle's train system?
5341	What major Newcastle road stretches from Edinburgh to London?
5342	What Newcastle road heads west to Carlisle?
5343	What's the nickname for Newcastle's A167?
5344	What was renumbered in Newcastle upon completion of the Western Bypass?
5345	What was increased in November 2011?
5347	How many major bus stations are in the city of Newcastle?
5348	Who is Newcastle's primary bus operator in the city proper?
5349	What is Nexus?
5376	Which parish church in Newcastle is typically agreed to be the oldest one in town?
5377	What year was the latest addition to the Church of St. Andrew?
5378	What was added to the the church of St. Andrew in 1726?
5379	What surrounds the church of St. Andrew?
5380	What received a battering during the Siege of Newcastle?
5381	Where was ITV Tyne Tees based for over 40 years?
5382	Where did ITV Tyne Tees move in 2005?
5383	What gave its name to the 1980s music television program "The Tube"?
5386	What is the name of Newcastle's first full-time community radio station?
5387	What radio station do the students of Newcastle's two universities run?
5388	How long has Radio Tyneside been the voluntary hospital radio service?
5390	Where does the Newcastle Student Radio station broadcast from during terms?
5391	What year did Charles Avison die in Newcastle?
5392	What title did Newcastle native Basil Hume achieve?
5393	Who is known as the father of the modern steam railways?
5394	What did Sir Charles Parsons invent?
5395	What country was Abhisit Vejjajiva prime minister of, despite having been born in Newcastle?
5396	What school did both Hank Marvin and Bruce Welch attend?
5398	What prize did Peter Higgs win?
5399	What did John Dunn invent?
5401	where is the Victoria and Albert Museum located?
5405	In which London borough is the Victoria and Albert Museum located?
5406	In what year was the Victoria and Albert Museum founded?
5407	Which monarchs was the Victoria and Albert Museum named after?
5408	Which department sponsors the Victoria and Albert Museum?
5409	In which year did the museum started charging free admission fees?
5410	How many acres does the V&A cover?
5411	How many galleries does the V&A have?
5412	How many years does the V&A's collections span?
5413	Which cultures are represented in the V&A's collections?
5414	The V&A owns the largest collection of which period in sculptural art history?
5415	The V&A has its origins in which world exposition? 
5416	Who was the V&A's first director?
5417	What was the museum originally called?
5421	What is the exact date of the V&A's official opening?
5422	Who is known as the first Keeper of Fine Art Collection at the V&A?
5423	The use of gas lighting made what possible the year after the museum officially opened?
5425	When was the Britain Can Make It exhibition held?
5426	How many visitors did the Britain Can Make It exhibition attract?
5427	Who organized the Britain Can Make It exhibition?
5428	The success of the Britain Can Make It exhibition led to the planning of what exhibition in 1951?
5430	What did the V&A present in July 1973 as part of its youth outreach programme?
5431	Which musical group did the V&A present in July 1973 as part of its youth outreach programme?
5432	The V&A's youth outreach programme was a hallmark of whose directorship?
5457	What part of the V&A collection does the Henry Cole Wing houses?
5460	Who designed the wrought iron gates that was used to embellish the east side of the building?
5461	Where on the side are the two Cast Courts located?
5462	Where is the sculpture gallery now located?
5463	Who designed the plaster work in the Art Library?
5464	Who designed the main façade that stretches along Cromwell Gardens?
5465	What building materials were used to build the main façade?
5466	How long does the main façade stretch along Cromwell Gardens?
5467	What late Gothic architectural sculptural feature is found on the tower above the main entrance?
5469	Who sculpted the representations of Prince Albert and Queen Victoria found in the main entrance?
5471	Who designed the Entrance Hall and Rotunda?
5475	What did the museum acquire from the Royal College of Science?
5476	What was constructed between 1978 and 1982 to link the Henry Cole wing to the rest of the museum?
5477	Who designed the iron gates that decorate the new entrance building?
5478	What was intended for the site of the former boiler house?
5481	What was the title given to the major project to redesign all the galleries in the museum?
5483	Who designed the new Medieval and Renaissance galleries which opened in 2009?
5484	Who redesigned the central garden?
5485	The redesigned central garden opened in 2005 with what new moniker?
5486	What shape is the water feature in the John Madejski Garden?
5487	The steps around the water feature can be drained for what uses?
5490	Which institution did the V&A partnered with to open the first permanent architectural history gallery in the UK?
5491	Approximately how many architectural drawings does the V&A hold in its collection?
5492	What collection was transferred to the museum when the new architectural history gallery opened?
5493	Approximately how many architectural photographs does the V&A hold in its collection?
5494	The RIBA's drawing collection of what Italian architect is considered the largest in the world?
5518	Most of the Chinese works of art in the Far Eastern collections date from which two dynasties?
5526	The influence of India can be seen in which religious art objects from Thailand, Burma and Cambodia?
5529	The Codex Forster is a collection of notebooks by which famous Italian Renaissance polymath?
5530	What are the three parchment-bound manuscripts of the Codex Forster called?
5532	In which year did Alexander Dyce bequeathed his books to the museum?
5533	In which year did John Forster bequeathed his large collection of books to the museum?
5538	Who produced the illumination for the 1524 Charter that is in the V&A library archive?
5539	The National Art Library at the V&A is known by what other name?
5543	What is the search feature on the V&A website called?
5549	Who purchased or commissioned the works of European artists included the British galleries of the V&A?
5552	Which artist who had a major influence on the Gothic Revival is represented in the V&A's British galleries?
5553	What type of works from Asia are included in the V&A's British galleries?
5579	When was the main gallery of the V&A's ceramics and glass collection redesigned?
5580	Who was responsible for the glass balustrade on the staircase and mezzanine in the main gallery?
5582	Whose chandelier grace the rotunda at the V&A's main entrance?
5589	Approximately how many items are in the costume collection of the V&A?
5590	Which department houses the works on paper of the costume collection?
5591	Why is the collection dominated by fashionable clothes made for special occasions?
5592	In which year did the V&A received the Talbot Hughes collection?
5593	The Talbot Hughes collection was a gift from which company?
5594	When did the V&A acquired the Costiff collection?
5597	What costumes collection did the V&A acquired in 2002?
5620	Which material is the Gloucester Candlestick made from?
5621	Whose relics reside in the Becket Casket?
5622	To which year is the Becket Casket dated?
5624	Approximately how many names were signed on an online petition on the Parliamentary website in response to the closing of the Musical Instruments gallery?
5626	Which museum would receive items on loans from the Musical Instruments gallery?
5628	In which year was the Musical Instruments gallery closed?
5629	Approximately how many British oil paintings does the museum have?
5630	Approximately how many European oil paintings does the museum have?
5631	Approximately how many British watercolours are in the V&A collection?
5633	Who painted the retable of St. George that is in the V&A collection?
5634	In which year did John Sheepshanks donated a large collection of paintings?
5635	How many paintings did John Sheeshanks give to the museum?
5636	What was the goal of John Sheepshanks considerable bequest to the museum?
5637	An 1821 full size oil sketch of which famous British painting was donated by John Sheepshank's daughter in 1888?
5639	In which galleries are the French paintings donated by Jones displayed?
5640	Whose 1758 portrait by François Boucher was part of Jones bequest?
5641	What was one example of a non-French painting was included in the Jones bequest of 1882?
5642	Whose portrait by François Clouet was included in the Jones bequest of 1882?
5643	Who created the photographic series titled Animal Locomotion?
5644	In which year was the Animal Locomotion collection created?
5672	Which continents are represented in the V&A's textiles collection?
5673	What is the time period represented in the museum's textiles collection?
5676	What is the oldest surviving European tapestry in the V&A collection?
5677	In which century were the four Devonshire Hunting Tapestries woven?
5678	Where were the Devonshire Hunting Tapestries made?
5679	What do the Devonshire Hunting Tapestries depict?
5680	Which leading English tapestry workshop in the late 17th century and early 18th century is represented in the V&A collection?
5682	Who designed The Forest tapestry in the V&A collection?
5683	In which year was the The Forest tapestry created?
5686	What is the former name of the V&A Theatre & Performance galleries?
5687	In which year did the V&A Theatre & Performance galleries open?
5688	What collection does the V&A Theatre & Performance galleries hold?
5691	Which area is responsible for the long-term preservation of the V&A collections?
5693	What major category of conservation result in an object that is more attractive and more comprehensible to the viewer?
5694	Besides the V&A's, whose collections are under the responsibility of conservators at the V&A?
5695	What type of conservation include providing advice on the handling of items?
5696	What company owns the American Broadcasting Company?
5700	Disney-ABC Television Group is a subsidiary of what division of the Walt Disney Company?
5701	When did ABC first start?
5704	In the 1980s, what cable sports channel did ABC purchase?
5729	What position did Mark Woods take on at the new American Broadcasting Company?
5730	When did Mark Woods leave ABC?
5732	ABC aired symphony performances by what conductor?
5734	Who was a big star that ABC was able to attract because of Magnetophon technology?
5735	ABC continued NBC Blue's tradition of what?
5736	How much did Disney sell it's stake in Eurosport for in 2000?
5737	What network was launched by ABC in 2004?
5740	What country is ABC broadcast in, in contrast to Disney's other channels?
5741	When did ABC Films begin selling programs to other networks?
5743	Where were ABC's international networks mainly situated in the 1970s?
5744	Why was ABC forced to sell its interests in international networks in the 70s?
5747	What Japanese network did ABC purchase a stake in in 1951?
5750	What television specials did ABC acquire the rights to in 2000?
5751	Which awards show has its rights rotated among the four major networks on a yearly basis?
5752	When did a Charlie Brown Christmas debut?
5777	In 1949, ABC had less coverage than what competing networks?
5778	In 1949, UPT was forced to become an independent entity by whom?
5779	Who was UPT forced to separate themselves from in 1949?
5780	How many affiliates did ABC have in 1949?
5782	Noble acquired a loan from what entity to keep ABC solvent in 1951?
5783	Who was the president of UPT in 1951?
5784	Who was the founder of CBS?
5785	When was the agreement to acquire ABC approved by UPT's board?
5786	When was the FCC's sixth report and order released?
5787	When did the FCC approve UPT's purchase of ABC?
5788	When UPT bough ABC, what was the merged company called?
5789	Where was American Broadcasting-Paramount Theatres, Inc headquartered after the merger?
5790	When did WJZ-TV in NYC begin broadcasting?
5791	When did the FCC freeze incoming applications for new stations?
5793	ABC bought 20 acres of land in Hollwood in 1949 that would become what studio?
5794	When did ABC premier the Flintstones?
5795	What decade marked ABC's transition to color programming?
5796	Who were the creators of the Flintstones?
5798	When did Walt Disney Productions purchase ABC's shares in the Disneyland theme park?
5799	What network approached Walt Disney about producing color broadcasts of his anthology series?
5800	When did ABC and Disney's television relationship lapse?
5801	In what year did ABC resume its television relationship with Disney?
5802	In 2000, ABC started an internet based campaign focused on what?
5803	Who was hired to produce ABC's 2001-02 identity?
5804	What colors was the 2001 ABC logo?
5805	What is the nickname for ABC's logo from the 2000 campaign?
5810	In which season did the ABC logo first appear as an on-screen bug?
5811	When did the logo bug begin appearing throughout the entire program for ABC shows?
5815	What color was the background for ABC's 1977 ID sequence?
5816	In what color was the dot represented in ABC's 1977 ID sequence?
5817	What graphic designer designed the ABC logo in it's most known form?
5819	Who was the Bauhaus typeface originally designed by in the 1920s?
5820	When did Paul Rand's iconic ABC logo first debut?
5821	What entity was rumored to be sold by ABC in between May and September 2005?
5822	When did ABC announce the restructure of ABC radio?
5824	In what year did ABC's viewership end in 4th place behind the other major networks?
5830	What hit reality series debuted for ABC in 2002?
5832	What cable company removed ABC stations from it's systems in certain markets in April 2000?
5857	How much money was to go to DuMont Television Network under Goldenson's merger plan?
5858	Of what hollywood film company was UPT a subsidiary of when it merged with ABC?
5859	What Western was a flagship program for ABC around 1954?
5860	What ABC comedy had the record for the longest running comedy until being passed by the Simpsons in 2002?
5861	What television show for ABC was an adaptation of the 1947 film Wyoming Kid?
5862	What program for ABC was a remake of the film The Boy from Oklahoma?
5863	Of all their agreements with Hollywood producers in the 50s, which was the most iconic for ABC?
5864	In what series did ABC present it's 1950s film adaptations in?
5865	What was Walt Disney's brother's name?
5866	How much did Walt Disney want ABC to invest in Disneyland?
5868	What was the first Disney program televised on ABC as a result of the Disney-ABC agreement?
5869	Who lead the 1968 special programming for ABC Radio's FM stations?
5871	What was the name for the new radio concept designed by Allen Shaw?
5872	How many ABC music stations were owned-and-operated in 1968?
5873	In what year did ABC launch the Movie of the Week?
5874	For which ABC Movie of the Week film did Steven Spielberg first gain success?
5875	When did the Steven Spielberg movie Duel first debut?
5876	What was the average budget for ABC Movie of the Week films?
5878	The 1970s allowed which network to move in to first place in the ratings?
5879	What kind of data did ABC begin using in the 1970s to better target ads and programming for certain audiences?
5880	What football program was debuted by ABC in 1970?
5881	When did Sunday Night Football premiere on NBC?
5882	When Sunday Night Football premiered, to which network did Monday Night Football move?
5883	What kind of audience share did MNF allow ABC to attain according to Goldenson?
5884	In what year did the FCC vote for the Financial Interest and Syndication Rules?
5885	What year did the Financial Interest and Syndication rules result in ABC's decision to split ABC Films into two companies?
5886	Which new subdivision of ABC films produced programming for U.S. syndication?
5887	What did the Public Health Cigarette Smoking Act ban?
5888	When did the ban on cigarette advertising take effect for television networks?
5889	Who was ABC Great States sold to in 1974?
5890	Who was named the president and CEO of ABC after Goldenson suffered a heart attack?
5891	When did Michael Eisner first join ABC?
5892	What ABC series originated as short segment on Love, American Style?
5916	What news network did ABC launch in July 2004?
5917	In August 1994, which Flint, Michigan affiliate did ABC purchase?
5918	In August 1994, what Toledo, Ohio affiliate did ABC purchase?
5919	A strike by what entity resulted in a halt to production for network programs in the 2007-2008 season?
5920	What game show debuted on ABC in 2007 as a replacement for striking programs?
5924	In 2009, what did Citadel Communications rebrand it's ABC Radio brand as?
5925	On December 22nd 2009, ABC reached an agreement with Apple to make ABC shows available on what service?
5929	What night did ABC move Ugly Betty to in an attempt to boost the series ratings?
5930	When did the FCC begin imposing fin-syn rules?
5931	ABC created what company as a syndication distributor in response to the FCC's fin-syn rules?
5932	ABC created what company as a production company in response to fin-syn rules?
5934	What ABC division handles domestic television distribution?
5935	What was Disney-ABC Domestic Television previously known as?
5936	What was Disney-ABC International Television previously known as?
5938	What were the first two stations to carry ABC's programming?
5966	What two comedies were featured on ABC's new Wednesday comedy lineup?
5967	Shark Tank was based on what other reality show?
5969	In 2012-13, ABC debuted a comedy Last Man Standing starring who?
5970	Who departed as president of Capital Cities/ABC in 1994?
5971	Who initially took over as president of Capital Cities/ABC after Daniel Burke left?
5973	Who was the creator of NYPD Blue?
5977	What cable provider did ABC reach an agreement with in 1993 to carry it's owned-and-operated stations in ABC O&O markets?
5978	What was ABC's viewership share in 1993?
5979	What radio station did ABC purchase in May 1960?
5980	When did WLS launch a lineup of ABC radio programs?
5981	What Canadian investor sought ABC's help in launching a station in 1960?
5982	What project did Leonard Goldenson offer to invest in before the Canadian Radio-Television Commission ruled against ABC?
5983	ABC debuted what sports program on April 29, 1961?
5984	Who created ABC's Wide World of Sports?
5985	Who originally produced Wide World of Sports for ABC?
5986	ABC purchased which of Edgar Scherick's company?
5987	What was the corporate entity American Broadcasting-Paramount Theatres renamed in 1965? 
5988	What was the name of the blind date concept program debuted by ABC in 1966?
5989	What gameshow featuring newly married people was debuted by ABC in July 1966?
5990	At what address did Goldenson secure a new headquarters for ABC?
5991	What percentage of prime-time TV viewership did the three big networks represent in 1980?
5992	What drama from Aaron Spelling debuted on ABC in the 80s?
5993	What was a Happy Days spinoff that debuted in the 1980s on ABC?
5995	What entity did ABC sell KXYZ to in 1983?
5996	In 1984, ABC purchased 15% of what company's shares in ESPN?
5997	In 1984, the ABC arts channel ARTS was merged with what other channel?
5998	What was the resulting channel of the ARTS merger called?
6000	What position at ABC did Thomas Murphy stay on for after stepping down as president?
6001	How much did Capital Cities/ABC report in revenues in 1990?
6002	In 1990, what was the longest running primetime entertainment program in ABC's history?
6003	What comedy featuring stand up comedian Tim Allen debuted in 1991?
6006	Between what times does Good Morning America air on ABC?
6007	Who hosts the weeknight talk show featured on ABC networks?
6009	What is the low-power station that serves Birmingham, Alabama for ABC?
6011	What is the ABC affiliate that serves Lima, Ohio?
6012	What entity began producing television series for ABC in 1962?
6013	What entity was Touchstone Television reorganized into in 2007?
6014	Which of ABC's main production facilities is located in Hollywood, CA?
6015	Which of ABC's main production facilities is located in New York City?
6018	A block of West End Avenue that houses an ABC News building was renamed for what ABC anchor?
6019	What show did Peter Jennings anchor for ABC?
6021	The Walt Disney Company is a part owner of what VOD streaming service?
6022	When did Hulu begin offering ABC's programs for streaming?
6024	When are recent episodes of ABC shows typically made available on VOD services?
6025	Disney-ABC Television group implemented restrictions for Hulu and WATCH ABC that made episodes available only after how many days after initial broadcast?
6027	When did Disney-ABC Television group implement restrictions on Hulu and WATCH ABC to encourage live viewing?
6028	In 2013, ABC's identity was revamped by what design agency?
6031	What network uses a red version of the new ABC logo?
6032	How many primary affiliates did ABC have in 1954?
6033	How many primary affiliates did CBS have in 1954?
6035	The All-Channel Receiver Act mandated the support of what kind of tuning?
6037	Relegation to secondary status for ABC resulted in viewership how much lower than their competitors, according to Goldenson?
6038	The beginnings of digital television allowed what affiliate in Wheeling, West Virginia to begin airing ABC programs digitally?
6039	Very small markets had to wait until what decade to support an ABC affiliate?
6062	In the wake of the ABC and Capital Cities merger, who was the president of ABC News and ABC Sports?
6063	Which sitcom ended its broadcast run for ABC in 1983?
6064	Which sitcom produced a spinoff for ABC after ending its run in 1984?
6065	Which network regained the ratings lead in America in 1984?
6066	What comedy for ABC ended its broadcast run in 1986?
6068	What comedy block debuted in 1989 for ABC?
6072	New broadcast regulations from the FCC in 1968 allowed companies to own a maximum of how many radio stations?
6073	What was the first picture released by ABC Pictures?
6074	Who was the film Charly produced by?
6075	When was the ABC Pictures division eventually dissolved?
6076	Where was ABC Marine World opened?
6077	What kind of programs can be credited for ABC's success in the late 1950s?
6078	How much did advertising revenue increase for ABC between 1953 and 1958?
6079	What was the national viewership reach of ABC in 1958?
6081	Who hosted the bandstand show debuted on ABC in 1957?
6082	What was the programming philosophy pioneered by ABC and Goldenson?
6083	What ABC action series went up against NBC's variety shows in Fall 1957?
6084	What magazine criticized ABC's programming strategy in May 1961?
6085	What kind of shows were used as counterprogramming by ABC in the Fall of 1959?
6088	What company reached a deal to also stream its ABC affiliates?
6090	What broadcast group is the largest operator of ABC stations?
6092	What is the largest ABC station operator in terms of market reach?
6095	What was the name for the imaging campaign ABC began in 2007?
6096	Who developed the 2007 imaging campaign for ABC?
6097	Red ribbons in the logo were used to represent which division of ABC?
6098	Blue ribbons in the logo were used to represent which division of ABC?
6125	When was Temüjin's half-brother Begter killed?
6126	Who captured and held Temüjin prisoner around 1177?
6127	How was Temüjin kept imprisoned by the Tayichi'ud?
6128	Which of his future general's fathers helped Temüjin escape the Tayichi'ud?
6129	Which of his future generals joined forces with Temüjin around the time of his escape from the Tayichi'ud?
6130	Where did Temüjin hide during his escape from the Tayichi'ud?
6131	What was used to from political alliances among the Mongolian tribal confederations?
6132	Who taught Temüjin early lessons about politics in Mongolia?
6133	Which foreign forces often meddled in the Mongolian political scene?
6134	What did Temüjin's mother emphasize in his lessons about Mongolia's volatile political climate?
6135	What was the tribe of the woman Temüjin married when he was around 16 years old?
6136	Who kidnapped Temüjin's first wife soon after they were married?
6138	What was the name of Temüjin's wife Börte's first son?
6139	What year did Börte's give birth to Jochi?
6140	How many sons did Börte bear Genghis Khan after Jochi?
6141	What was the name of Börte's second male child?
6142	What year did two of Ghengis Khan and Börte's sons die?
6143	Which male child of Ghengis Khan and Börte was born last?
6144	How many names of Ghengis Khan's daughters are known?
6145	What is an anda?
6146	With whom was Temüjin's first important alliance?
6147	What tribe did Toghrul lead?
6148	How many warriors did Toghrul provide Temüjin when his wife was captured?
6149	Which of Temüjin's childhood friends did Toghrul suggest he also enlist?
6150	Who did Jamukha support that were not part of Temüjin's power base?
6151	Which shaman's proclamation aided Temüjin's rise? 
6152	When was Temüjin elected khan of the Mongols?
6153	Which battle did Temüjin lose to Jamukha shortly after his election as khan?
6154	Where was Temüjin's patron Toghrul exiled?
6155	What was the name of Temüjin's laws?
6156	What did Temüjin promise his followers in exchange for their obedience?
6157	Who did Temüjin's mother adopt to help integrate the tribes he conquered?
6158	What did Temüjin offer the people he conquered in order earn their loyalty?
6159	To whom did Toghrul refuse to give his daughter in marriage, angering Temüjin?
6160	Who did Toghrul join in a campaign against Temüjin?
6161	Who escaped when Temüjin emerged victorious in his conflict with Toghrul?
6163	Who protected Jamukha after he escaped the conflict with Temüjin?
6164	What year was Jamukha elected Gür Khan?
6165	What does the title Gür Khan mean?
6166	Which well-known general abandoned Jamukha's coalition against Temüjin?
6167	What year was Jamukha surrendered to Temüjin?
6168	What did Temüjin offer Jamukha after the latter's defeat?
6169	Why did Temüjin kill those of Jamukha's followers that had betrayed their leader?
6170	What did Jamukha request from Temüjin instead of friendship?
6171	What form of death did Jamukha hope Temüjin would allow him? 
6173	Which rival's tribes did Genghis Khan famously measure against the linchpin?
6174	An important shaman was alleged to be trying to distance Genghis Khan from which of his brothers?
6175	What aspect of the economy did Genghis Khan exploit for intelligence gathering?
6176	Who was the ally of his father that Genghis Khan fell out as time passed?
6177	By what year had Temüjin created a significant "Mongol" tribal alliance?
6178	What is the term for a meeting of Mongol chiefs?
6179	What title was given to Genghis Khan posthumously?
6180	Who gave Genghis Khan the title Khadan?
6181	Who made Temüjin khan of the Mongols?
6182	What dynasty did Genghis Khan plan to attack after conquering Western Xia?
6183	Who was the Jin dynasty defector who betrayed the location of the Jin army?
6184	When did Genghis Khan capture the Jin dynasty capital?
6185	Where did the Jin emporer relocate his capital after Genghis Khan overran the norther part of his empire?
6187	Who took control of Qara Khitai after fleeing Temüjin's Mongol Empire?
6189	How many soldiers did Genghis Khan send against Kuchlug and Qara Khitai?
6190	Which young general did Genghis Khan send to conquer Qara Khitai?
6191	What other moniker was Genghis Khan's general Jebe known by?
6192	What strategy did Jebe's army use against Kuchlug and his supporters?
6193	Where did Jebe's forces first defeat Kuchlug?
6194	How far west did the Mongol Empire extend after Kuchlug's demise?
6195	Which empire bordered the Mongol Empire to the west in 1218?
6196	What kind of state was the Khwarezmia?
6197	Who was the leader of the Khwarezmian dynasty in the early 1200s?
6198	Who ordered the attack on the caravan of traders Genghis Khan send to Khwarezmia?
6199	Which of Genghis Khan's ambassadors did the Shah have beheaded?
6200	How many soldiers did Genghis Khan take with him to Khwarezmia?
6201	What trading route joined Khwarezmia and the Mongol Empire?
6202	What mountain range did Genghis Khan cross to enter the Khwarezmian Empire?
6203	How many divisions comprised Genghis Khan's army in Khwarezmia?
6204	Where did Jebe's division of Genghis Khan's army campaign in Khwarezmia?
6205	Who led the third division in Khwarezmia alongside Genghis Khan himself?
6206	Which area of Khwarezmia did the first and second divisions of the Mongol army target in a pincer attack?
6207	What feature of the Shah's army enable the weary Mongol forces easy early victories?
6208	Which town's massacre did Genghis Khan order in retribution for the treatment of his envoys?
6209	What metal was used in Inalchuq's execution?
6210	What did the Shah do when faced with defeat by Genghis Khan's forces?
6211	Who did Genghis Khan charge with finding and punishing the Shah?
6213	Where was the Khwarezmid capital moved after Genghis Khan's forces prevailed in Samarkand?
6215	What did the Mongols shield themselves with while attacking Samarkand?
6216	How did Genghis Khan observed the surrender terms after Samarkand fell?
6217	What victory symbols did the Mongols build on the plains outside Samarkand?
6218	How did the leaders of the city of Bukhara respond to the Mongol attack?
6219	Who continued to hold the citadel of Bukhara after the Mongols took the rest of the city?
6220	Which residents of Bukhara were spared and sent back to Mongolia?
6221	How did Genghis Khan describe himself to the people of Bukhara?
6222	Who among the population of Bukhara became part of the Mongolian army?
6223	What year did the Khwarezmian Empire fall to Genghis Khan?
6224	Whose plan called for the Mongolian army to split in two after the Khwarezmian conquest?
6225	Where did Jebe and Subutai spend the winter following the split of the Mongol army?
6226	Where was the Kievian force that confronted Subutai's army defeated in 1223?
6227	Who led the Kievian Rus' troops against Subutai's Mongol army?
6228	Which Mongol leader completed the conquest of Kievan Rus'?
6230	Which two Mongol leaders added Persia to the Mongol Empire?
6231	When did Subutai's army return to Mongolia?
6232	Where did Jebe die?
6233	In which year did Genghis Khan strike against the Tanguts?
6234	What season was it when Genghis Khan took Xiliang-fu from the Tanguts?
6235	Who won the battle near the Helan mountains?
6237	What omen was Genghis Khan reported to have seen assuring his coming victory against the Tanguts?
6238	What was the name of the Tangut capital?
6239	Who was the Tangut general who fought Genghis Khan at Deshun?
6240	What weapon caused the wounds that killed Tangut general Ma Jianlong?
6241	Where did Genghis Khan spend the summer after taking Deshun?
6242	What did Genghis Khan do to the Tangut imperial family after their surrender?
6243	The paternity of which of Genghis Khan's sons was disputed?
6244	Which Mongol leader was most opposed to Jochi as Genghis Khan's successor?
6245	Before which military campaign did Chagatai publicly dispute Jochi's paternity?
6246	Who was appointed Genghis Khan's successor?
6247	Which pair of Genghis Khan's sons were most rivalrous?
6248	Which of Genghis Khan's sons was disqualified from being successor because of his unstable behavior?
6249	Which's of Genghis Khan's successors could not be successor because of his age?
6250	Which son did Genghis Khan view as his most dependable one?
6251	Jochi's death occurred in what year?
6252	Where did Jochi remain after Genghis Khan sent for his sons in the spring of 1223?
6253	Which territory did Jochi try to protect that may have led to a dispute with his brothers?
6254	Who did Jochi reportedly enlist to help him stop his father's massacres? 
6255	Why is Jochi's reported alliance with the Muslims historically suspect?
6256	Genghis Khan was in the process of taking what capital city when he died?
6257	What does the Secret History say Genghis Khan was doing when he sustained his mortal injuries?
6259	Later chronicles of Genghis Khan's death implicate a princess from what empire in his death?
6260	Which rival of the Mongols is suspected of inventing the story that Genghis Khan was murdered by a captured princess?
6261	What was Genghis Khan's tribes burial custom?
6262	Where is Genghis Khan's presumed to have been delivered?
6263	What river is near Genghis Khan's likely place of burial?
6264	What memorial was built years after Genghis Khan's death and burial?
6265	What is the Mongolian name for the original place of the Genghis Khan mausoleum?
6266	Which Buddhist monastery hosted the Genghis Khan mausoleum during the Japanese occupation?
6267	Where did the Chinese Nationalists move the mausoleum away from advancing Chinese Communist forces? 
6268	When was the mausoleum returned to the Lord's Enclosure in Mongolia?
6269	Who destroyed the most valuable relics in the mausoleum during the Cultural Revolution?
6270	On which date was Genghis Khan's palace rediscovered by archeaologists?
6271	What kind of water body is rumored to be obscuring Genghis Khan's burial site?
6273	What animals may have been stampeded over Genghis Khan's grave site?
6274	Who created the code that governed military and civilian conduct in the Mongol Empire?
6275	What was the name of the Mongol Empire's legal code?
6278	Who is an example of the diversity of leadership in the Mongol Empire?
6279	What perk did religious leaders, teachers, and doctors get in the Mongol Empire?
6280	Which of Genghis Khan's mentors practiced Christianity?
6281	How was religion handled in the Mongol Empire?
6282	What are examples of the various religions of Mongol tribes?
6283	Which woman took a leadership role in the Mongol Empire while succession was being determined?
6284	What is the modern term for the Mongolian policies supporting trade and communication?
6286	What do some modern historians claim Genghis Khan sought to add his legal code at the end of his reign?
6287	Which Khitan prince became an important administrator in the Mongol Empire?
6289	Khitan had been overthrown by which dynasty that Genghis Khan later defeated?
6290	Who were Chu'Tsai's forefathers?
6291	Who among Genghis Khan's subjects shared similar privileges to his close family members'?
6292	What was the capital of the Mongol Empire?
6293	Who was delegated command of the Mongol forces against the Jin dynasty?
6294	Which two generals raided the Caucasas and Kievan Rus' for Genghis Khan?
6295	What did Genghis Khan expect from his generals alongside the autonomy he granted them?
6296	What would Mongol armies divert in order to cut off the resources of cities they were attacking?
6297	What were the cultural origins of the engineers and technology adopted by the Mongol military?
6298	How did Mongol armies lure enemy groups out of their defensive positions?
6299	How were enemy prisoners used tactically by Mongol armies?
6300	What sea bordered Genghis Khan's empire to the east when he died?
6301	What body of water sat to the west of the Mongol Empire when Genghis Khan died?
6303	What year was the conflict with the Song dynasty concluded?
6304	To which trading route did Genghis Khan bring a stable political climate?
6305	In which Middle Eastern country is Genghis Khan's title a popular name for male children?
6306	What was the Genghis Khan's characteristic approach to religious diversity?
6307	What effect did Genghis Khan's career have on communication and trade across Asia?
6308	What recent decade saw brightening of the perception of Genghis Khan in Mongolia?
6310	How do Mongolians sometime describe their relationship to Genghis Khan?
6311	What do some Mongolians feel non-Mongolian historians exaggerate about Genghis Khan?
6312	What is the general perception of non-Mongolian histories of Genghis Khan by Mongolians themselves?
6313	What is the name of contemporary Mongolian currency?
6314	Whose likeness is on the larger denominations of Mongolian currency?
6316	Why have Mongolian politicians considered regulating the use of Genghis Khan's name?
6321	What innovation in Mongolian language is credited to Genghis Khan?
6324	Which descendant of Genghis Khan is remembered as having reunified China?
6325	What Chinese dynasty did the Mongols found?
6326	What was Kublai Khan's relation to Genghis Khan?
6327	Which Middle Eastern nation in particular views Genghis Khan as a contemptible perpetrator of genocide?
6328	What proportion of the general population in the area than became Iran did Genghis Khan kill?
6329	How many people do historians estimate Genghis Khan killed in the Iranian Plateau?
6330	Which descendant of Genghis Khan sacked Baghdad?
6331	Who halted the advance of Hulagu Khan across the Middle East?
6332	Which of Genghis Khan's descendants pushed the Mamluks out of Palestine?
6333	In which year did Genghis Khan's grandson invade Kievan Rus'?
6334	Which major cities in Eastern Europe were not destroyed by the Mongol invasion?
6335	Which descendants of Genghis Khan tried to dissociate themselves from the Mongol massacres in the Middle East?
6337	From where was the Muslim historical figure Attar, whose murder by the Mongols was long remembered?
6338	Which Mongolian word meaning wide-spreading may have contributed to the appellation Genghis?
6341	Jenggis is the adjectival form of what word?
6342	What spelling of Genghis most closely matches its probable pronunciation?
6343	What is the Mongolian spelling of Genghis Khan?
6344	How is Genghis Khan spelled in Turkic?
6345	How is Temüjin written in pinyin?
6347	How is Genghis Khan written in pinyin?
6350	What did the Greek root pharmakos imply?
6351	How would the word apothecary be viewed by contemporary English speakers?
6352	What else was used by pharmas?
6353	What type of professionals are pharmacists?
6354	What types of health outcomes do pharmacists aim for with their patients?
6355	What type of treatment are pharmacists important for?
6356	What other role do many pharmacists play?
6357	What types of preparation do pharmacists have?
6358	Who oversees a Pharmacy Technician in the UK?
6359	With what body must a pharmacy technician register?
6362	What types of responsibilities might a pharmacy technician have?
6363	What is Pedanius Dioscorides known for?
6365	What term resulted from Dioscorides' book?
6366	Who was a man studying medicinal applicants of plants in Ancient Greece?
6367	Who added to Dioscorides' book in the Islamic Golden Age?
6368	How were the men who did tasks like those of today's pharmacists viewed in Japan in the Asuka and Nara periods?
6369	In which two codes were the roles of pharmacists codified?
6370	What put a hierarchical structure in place?
6371	What stature did pharmacists have in the pre-Heian Imperial court?
6372	Where did the pharmacist stand in relation to the Emperor's personal physicians?
6373	Developments in which scientists influenced the creation of pharmacology in medieval Islam?
6374	Who was influential in promoting the use of chemical compounds as medicines?
6375	Who authored the Liber servitoris?
6376	Who wrote about the distillation of drinking water from sea water?
6377	Which two compounds did Al-Muwaffaq differentiate between?
6378	How far does one pharmacy in Croatia date back to?
6379	Where is the oldest pharmacy stated to be located?
6380	What is the medieval Esteve Pharmacy used as at present?
6381	What sorts of items are displayed in the Esteve Pharmacy museum?
6382	In what year is the oldest pharmacy said to have been established?
6383	What is the dispensary subject to in a majority of countries?
6386	What are new responsibilities pharmacy technicians now deal with?
6387	What does pharmacy legislation mandate?
6388	Where do pharmacists acquire more preparation following pharmacy school?
6389	What do clinical pharmacists specialize in?
6390	What is one issue that adds to the complexity of a pharmacist's job?
6392	Where are many hospital pharmacies located?
6394	What types of pharmacy functions have begun to be outsourced?
6395	What is one factor that increases the importance of the pharmacy performing at a high level?
6396	What are some advantages of hospital pharmacies?
6397	What do the services given by pharmacists provide?
6398	What is the origin of clinical pharmacy?
6400	What do clinical pharmacists often participate in?
6401	Where do clinical pharmacists work with patients?
6402	What is one example of what a clinical pharmacist's duties entail?
6405	What are some other factors a pharmacist must monitor?
6406	What type of authority are ambulatory care pharmacists given in the U.S. federal health care system?
6407	In what states are pharmacist clinicians given prescriptive and diagnostic authority?
6408	When was ambulatory care pharmacy approved as its own certification?
6409	What will a pharmacist who passes the ambulatory pharmacist exam be called?
6411	What is consultant pharmacy mainly concerned with?
6412	Where do a majority of consultant pharmacists tend to work?
6413	What are some large pharmacy management companies?
6414	What is the main reason consulting pharmacists are increasingly working directly with patients?
6415	What do some community pharmacies do?
6417	Who often operates internet pharmacies?
6419	What is one reason a patient might choose an internet pharmacy?
6420	What is the main difference between online pharmacies and community pharmacies?
6421	Why might customers order from internet pharmacies?
6422	Who has criticized ordering from online pharmacies that don't require prescriptions?
6423	What is a criticism of online pharmacies that issue drugs without a prescription?
6424	What practice do some internet pharmacies engage in?
6452	What are pharmacists forbidden to do?
6454	Where are some physicians permitted to prescribe and give out medications within their practices?
6455	What is the minimum distance between a patient's home and the nearest pharmacy that allows a physician to give out medication?
6457	Why is majority rule used?
6459	What do rules about conflict of interest involving doctors diagnosing patients resemble?
6460	How else might a physician take advantage of self-interest?
6461	Where might the doctor's self-interest be at odds with the patient's self-interest?
6462	What will be the importance of the pharmacist in coming decades?
6494	Which other ancient organism formed basic immune mechanisms?
6495	How does adaptive/acquired immunity help in the future?
6496	The immune systems of bacteria have enzymes that protect against infection by what kind of cells?
6497	What are antimicrobial peptides that evolved as immune defense in eukaryotes called?
6498	The idea of acquired immunity in jawed vertebrates is the basis of what medical treatment?
6499	What is the ability to recognize and adapt to new specific pathogens called?
6500	What can result from disorders of the immune system?
6501	When does immunodeficiency occur?
6503	Name one of the causes of immunodeficiency.
6504	Name a common autoimmune disease.
6505	What happens when the immune system less active than normal?
6506	What is the term for a hyperactive immune system that attacks normal tissues?
6507	What field involves the study of the immune system?
6508	What acquired condition results in immunodeficiency in humans?
6509	What even is the earliest known reference to immunity?
6510	Which animal's venom did Pierre-Louis Moreau de Maupertuis work with?
6511	Who came up with germ theory?
6512	Who discovered the Yellow Fever virus?
6513	Who won the Nobel Prize in 1905?
6514	What did Robert Koch prove was the cause of infectious disease?
6515	What virus did Walter Reed discover?
6516	When was the first known historical reference to immunity?
6517	What is another name for an immune system's improved response?
6518	Which system comes after an organism's physical barriers?
6520	What type of immune systems are found in all plants and animals?
6521	What immune system is activated by the innate response?
6522	What allows the adaptive immune system to react faster and more strongly each subsequent time a pathogen is encountered?
6523	What is the first line of defense against pathogens that prevents them from entering an organism?
6524	The adaptive immune system must distinguish between what types of molecules?
6525	What molecules are parts of the body of an organism in immunology?
6526	What molecules are recognized as foreign by the immune system?
6528	Antigens bind to what in order to elicit a response of the immune system?
6530	For most organisms, what is the dominant system of defense?
6531	Pattern recognition receptors recognize components present in broad groups of what?
6532	The innate immune system responds in a generic way, meaning it is what?
6533	What is a mechanical barrier in insects that protects the insect?
6534	What is an example of a mechanical barrier on leaves?
6535	What responses protect the lungs by mechanically ejecting pathogens from the respiratory system?
6536	What is secreted by the respiratory tract to trap microorganisms?
6537	The flushing action of what expels pathogens from the eyes?
6538	What are the anitmicrobial peptides secreted by the skin called?
6539	What enzymes in saliva are antibacterial in nature?
6540	Semen contains what in order to kill pathogens?
6541	What compounds in the stomach protect against ingested pathogens?
6542	Vaginal secretions serve as a chemical protective barrier following what?
6543	What serves as a biological barrier by competing for space and food in the GI tract?
6544	Most antibiotics target bacteria and don't affect what class of organisms?
6545	What probiotic flora is found in unpasteurized yogurt?
6546	Commensal flora can change what specific conditions of their environment in the gastrointestinal tract?
6550	Eicosanoids include what compounds that result in fever and blood vessel dilation?
6551	What cytokines are responsible for communication between white blood cells?
6552	What type of cells engulf or eat pathogens and foreign particles?
6554	When a pathogen has been eaten by a phagocyte it becomes trapped in what vesicle?
6555	What is formed when a phagosome fuses with a lysosome?
6556	Phagocytosis first evolved as means of doing what?
6557	What are two types of phagocytes that travel through the body to find invading pathogens?
6558	What are the most abundant kind of phagocyte?
6559	What percentage of leukocytes do neutrophils represent?
6560	What is the process in which neutrophils move towards the site of inflammation called?
6561	What is a regulatory factor produced by macrophages?
6562	What are white blood cells known as?
6564	Innate cells can act as mediators in the activation of what branch of the immune system?
6566	What are the phagocytes that are located in tissues in contact with the external environment called?
6567	Dendritic cells are named that because they resemble what?
6568	What are one of the key cell types of the adaptive immune system?
6569	Dendritic cells present antigens to what cells of the adaptive nervous system?
6570	Natural killer cells recognize cells that should be targeted by a condition known as what?
6571	What is one part of the innate immune system that doesn't attack microbes directly?
6572	Missing self desribes cells that only have small amounts of what cell-surface marker?
6573	MHC antigens on normal body cells are recognized by what receptor on NK cells?
6574	In what types of organisms did the adaptive immune system first evolve?
6575	The adaptive immune system recognizes non-self antigens during a process called what?
6577	What are the two major subtypes of T cells?
6578	What kind of T cells have the purpose of modulating the immune response?
6579	Killer T cells can only recognize antigens coupled to what kind of molecules?
6580	Helper and regulatory T cells can only recognize antigens coupled to what kind of molecules?
6582	What kind of T cells kill cells that are infected with pathogens?
6585	What toxin induces apoptosis in the target cell?
6586	When an activated killer T cell finds cells where the MHC 1 receptor has specific antigens, it releases cytotoxins such as what?
6587	What co-receptor recruits molecules inside the T cell that are responsible for cell activation?
6588	How many receptors on a helper T cell must be bound to a MHC:antigen complex in order for the cell to be activated?
6589	The receptors on a killer T cell must bind to how many MHC: antigen complexes in order to activate the cell?
6615	What is partially responsible for weakened immune response in older individuals?
6616	As a person gets older, what does the skin produce less of?
6619	What type of immune cells help to destroy abnormal cells in tumors?
6620	Lots of tumor cells have fewer of what type of molecule on their surface?
6622	The immune system also produces what molecules in order to allow for tumor destruction by the complement system?
6624	Plant cells respond to the molecules associated with pathogens known as what?
6625	Cells of the site of an infection in a plant undergo what process to prevent spread of the disease?
6626	What is a kind of defense response that makes the entire plant resistant to a particular agent?
6627	What is a mechanism that can help plants block virus replication?
6628	What kind of disorders are the result of an overactive immune response?
6629	In autoimmune disorders, the immune system doesn't distinguish between what types of cells?
6630	Where are the specialized cells that eliminate cells that recognize self-antigens located?
6632	What kind of disorders occur when part of the immune system isn't active?
6634	At what age do immune responses typically begin to decline?
6635	What are some causes of reduced immune function in developed countries?
6662	What are the proteins that organisms use to identify molecules associated with pathogens?
6663	What are the antimicrobial peptides that are the main form of invertebrate systemic immunity called?
6664	What cell type is also used for immune response in most types of invertebrate life?
6665	What pathway that plays a role in immune response to viruses is present in all eukaryotes?
6666	What molecules of the adaptive immune system only exist in jawed vertebrates?
6667	What are two examples of primitive jawless vertebrates?
6668	Primitive jawless vertebrates possess an array of receptors referred to as what?
6669	Evolution of what part of the immune system occurred in the evolutionary ancestor of jawed vertebrates?
6671	What is the main defense mechanism of bacteria known as?
6672	The restriction modification system is used by bacteria for protection from what pathogens?
6673	What is the system by which prokaryotes retain phage gene fragments that they have previously come in contact with?
6674	What were the two main theories of immunity at the end of the 19th century?
6675	Who was the main proponent of the cellular theory of immunity?
6676	Under Elie Metchnikoff's cellular theory, what cells were responsible for immune response?
6677	What two scientists were proponents of the humoral theory of immunity?
6678	According to the humoral theory of immunity, what were the bodies immune agents?
6679	Tumors that are able to evade the body's immune response can become what?
6680	What receptors do tumor cells often have reduced concentrations of?
6683	What is the name for a response of the immune system that damages the body's native tissues?
6684	How many classes of immune hypersensitivity are there?
6686	What is the chemical that mediates Type 1 hypersensitivity?
6687	Antibody-dependent hypersensitivity belongs to what class of hypersensitivity?
6688	What is the process by which pathogens evade the immune system by hiding inside the host cells called?
6690	What is the eukaryotic parasite responsible for malaria known as?
6693	What is the process by which the adaptive immune system is evaded by the chainging of non-essential epitopes called?
6694	What is an example of a virus that uses antigenic variation?
6695	What is an example of a parasite that used the antigenic variation strategy to evade destruction?
6697	What is the process by which the immune system identifies tumors called?
6698	What is the virus in humans that causes cervical cancer?
6699	What is an example of an enzyme that can transform skin cells into tumors when expressed at high levels?
6701	What are the skin cells that can be transformed into tumors known as?
6702	At what size and larger can drugs elicit a neutralizing immune response?
6703	What kind of amino acids are overrepresented in epitope regions?
6705	There is a public database of epitopes for pathogens known to be recognizable by what cells?
6706	What is the field of studying immunogenicity through bioinformatics known as?
6708	Hormones released during sleep support the interaction of T-cells and what species?
6709	Sleep hormones shift the cytokine balance to which cytokine?
6710	Sleep hormone release supports formation of immune memory by initiating what immune response?
6711	Complement proteins bind to what kind of molecules on the surface of microbes in order to elicit an immune response?
6712	How can the deposition of compliment kill invader cells directly?
6713	The speed of the killing response of the human immune system is a product of what process?
6714	What type of cascade results when complement proteins bind to microbes and activate their protease activity?
6715	What is it called when people in society rebel against laws they think are unfair?
6716	What is an example of major civil disobedience in South Africa?
6717	What was the the movement called that brought Baltic countries independence from the Soviet Union?
6718	In 2004 the Orange revolution occurred in what country?
6719	Where was the location of the 2003 Rose revolution?
6720	Which people brought forward one of the earliest examples of Civil Disobedience?
6721	Who was one of the earliest examples of Civil Disobedience against?
6750	Who noted the different current uses of civil disobedience?
6751	How has civil disobedience evolved in current times?
6753	What issue has been plaguing the civil disobedience movement.
6754	Who wrote that it is difficult to produce an all inclusive definition of civil disobedience?
6757	Le grand states that students studying civil disobedience will often run into grammatical niceties and what other problem? 
6759	Who said that writing a good description of civil disobedience is hard?
6760	How much literature has been written regarding civil disobedience?
6761	What issue plagues the literature about civil disobedience?
6764	If the head of government refuses to enforce a decision of the highest court what terminology could be used?
6766	How is civil disobedience typically defined in connection of the citizen's?
6767	When would a person be considered to be excising a constitutional impasse?
6770	What does not constitute as civil disobedience?
6796	What two women were defying the pharaoh in the story from the book of Exodus? 
6801	What book of the Bible discusses civil disobedience?
6807	What type of civil disobedience is commonly accepted?
6811	What is it called when there is an active attempt to overthrow a government or belief system?
6815	What other topics can Civil disobedience pertain to?
6820	What famous Indian's actions were considered civil disobedience?
6828	What is a recent civil disobedience done in a group form?
6829	What is the civil disobedience called where people refuse to be released?
6831	Civil disobedients have chosen many different kinds of what type of behaviors?
6832	Bedau notes that illegal protests towards public policy may serve as what purpose?
6833	What group of civil disobedients brought medicine to Iraq without the permission of the government?
6834	How long did Julia Butterfly Hill live in a tree?
6837	What is an example of illegal disobedience?
6840	Who lived in a tree to prevent it from being cut down as a form of civil disobedience?
6844	WBAI's broadcasting Some of George Carlin's comedy eventually led to what?
6883	What type of punishment is sometimes offered to civil disobedients?
6885	When many people are arrested, what is a common tactic negotiating?
6886	What type of plea is sometimes taken as an act of disobedience?
6893	What is the primary goal of pleading not guilty when arrested for Civil Disobedience?
6894	What is a secondary goal of pleading not guilty?
6895	What would someone who is civilly disobedient do in court?
6896	What US war has a large amount of Civil Disobedients?
6897	What can sympathetic Jurors in cases with civil disobedients?
6898	What needs to be avoided with civil disobedience?
6899	Why should disobedience by the general public be avoided?
6900	What is one main reason that civil disobedience is not recognized?
6901	Why should someone not commit a crime when they are protesting?
6903	What is violating a law which is not the goal of the protest called?
6904	When the law is a direct target of the protest, what is this called?
6906	What type of defense is sometimes used in court by protestors?
6908	What is the main goal of criminal punishment of civil disobedients?
6912	What is the process of constructing a building or infrastructure?
6913	What typically involves mass production of similar items without a designated purchaser?
6914	What percentile of gross domestic product is construction comprised of?
6918	Who normally supervises a construction job?
6920	The largest construction projects are known as what?
6922	What are the three sectors of construction?
6946	Dutch architect Janjaap Ruijssenaars's performative architecture 3D-printed building is scheduled to be built when?
6947	Working versions of 3D-printing building technology are already printing how much building material per hour?
6948	A formal design team may be assembled to do what?
6949	Construction involves the translation of what?
6950	The design team is most commonly employed by who?
6951	Who provides the bill of quantities?
6952	The owner typically awards a contract to who?
6953	The modern trend in design is toward integration of what?
6954	Even in large firms, architects, interior designers, engineers, developers, construction managers, and general contractors were more likely to be what?
6955	In modern times, firms may offer themselves as what for a construction project?
6956	What kind of contract is given when the contractor is given a performance specification and must undertake the project from design to construction, while adhering to the performance specifications?
6957	What project structures assist the owner in integration?
6958	These project structures allow the owner to integrate the services of who throughout the design and construction?
6959	Many construction companies are now placing more emphasis on what?
6960	What can construction projects suffer from?
6961	What is an underbid?
6962	When do cash flow problems exist?
6988	Who produces a list of requirements for a project, giving an overall view of the project's goals?
6989	Who presents different ideas about how to accomplish goals?
6990	Who selects and hires the best ideas and appropriate contractors?
6991	Who is usually working together?
6993	Who is required to verify and have existing utility lines marked?
6994	Having existing utility lines marked lessens the likelihood of what?
6996	Who inspects the building periodically to ensure that the construction adheres to the approved plans and the local building code?
6998	What is the annual construction industry revenue in 2014?
7000	How many firms were existing in 2005?
7027	What is an example of an article of uniform clothing typically present in Australian private schools?
7031	Where is St Aloysius' College located?
7033	What article of the Grundgesetz grants the right to make private schools?
7034	The prospect of what event compelled the protection of German private schools?
7038	What is the German term for segregating students based on their parents' wealth?
7039	What do Germans call private schools?
7040	How does the level of tuition in German private schools compare to private schools in other Western European countries?
7041	What are private secondary schools in Germany called?
7042	What types of schools are most ergänzungsschulen?
7043	How are ergänzungsschulen funded?
7044	Along with private individuals and organizations, what groups sometimes runs ergänzungsschulen?
7046	Along with the CISCE and NENBSE, what is a notable Examination Board in multiple Indian states?
7049	Along with trusts, what other non-profits are allowed to run schools in India?
7051	What is the full name of the ASER?
7054	What is the Irish term for private schools?
7056	What is the typical annual cost for an Irish private school?
7084	What is the name of the scheme that provides tuition and fee assistance to students due to excess enrollment?
7087	What South African law recognized two types of schools?
7088	In what year was the South African Schools Act passed?
7090	In South Africa, along with privately governed schools, what schools are classified as independent?
7092	After apartheid, what types of schools are referred to as "Model C" schools?
7095	As of 2008, about what percentage of Swedish students attended private schools?
7096	About many students attend Kunskapsskolan schools?
7097	How many people work for Kunskapsskolan schools?
7098	What is the English translation of Kunskapsskolan?
7099	What school model is Sweden notable for?
7100	Up to what age do students in the United Kingdom attend preparatory schools?
7101	What schools do preparatory schools prepare British children to attend?
7104	What is the upper range of annual fees for non-boarding students in British public schools?
7105	What court case desegregated schools in the United States?
7132	How many Nobel Laureates are among the school alumni?
7134	What is the size of the school's endowment?
7137	What is the name of the area that the main campus is centered in Cambridge?
7138	In what year was the school formed?
7140	What year was North America's first printing press started?
7141	In what year was the school renamed as Harvard College?
7143	Ministers of what faith were trained by the university in early years?
7146	In what year did Harvard President Joseph Willard die?
7147	What liberal succeeded Joseph Willard as president?
7148	In what year was Henry Ware elected to chair?
7149	in 1846 who's natural history lectures were acclaimed in New York and Harvard?
7175	What year is the earliest traces of the color Crimson at Harvard?
7176	What was the Harvard endowment total in 2011?
7177	How great were the losses suffered in the the financial crisis of 2008-09 to Harvard endowment?
7178	What project did Harvard halt due to the financial crisis?
7179	What are Harvard's Pell grant reserves?
7182	What South African Vice Consul did Harvard students blockade the speech of? 
7185	In what year did Harvard end its early admission program?
7199	What percentage of total financial aid for undergraduates from Harvard was in the form of grants?
7226	Who is the Costa Rican President that went to Harvard?
7228	What tv host and writer went to Harvard?
7229	What famous conductor went to Harvard?
7230	What is the name of world renowned cellist is a former Harvard student?
7231	What famous civil rights leader called Harvard home?
7232	What Fields Medal winning Mathematician is a faculty member at Harvard?
7233	What prestigious legal scholars are faculty members at Harvard?
7234	What Shakespeare Scholar is a faculty member at Harvard?
7235	Which Florida city has the biggest population?
7236	What was the population Jacksonville city as of 2010?
7237	Based on population alone, what is Jacksonville's ranking in the United States?
7238	In which county does Jacksonville reside?
7239	What year did consolidation cause Jacksonville to become part of Duval County?
7240	What river runs alongside Jacksonville?
7241	How far is Jacksonville from Miami?
7242	What is the name of the French colony established in 1564?
7243	Prior to the arrival of the French, the area now known as Jacksonville was previously inhabited by what people?
7244	What historical figure was Jacksonville named after?
7247	How many naval bases are located in Jacksonville?
7248	What are those from Jacksonville sometimes called?
7249	The area where Jacksonville currently sits has been inhabited for how many years?
7250	Who discovered pottery found on Black Hammock Island?
7253	What is the name of the village that once existed in what is now downtown Jacksonville?
7254	Who mapped the St. Johns River in 1562?
7255	For what nation did Ribault initially claim what is now Jacksonville?
7256	Who led the attack of the French colony in 1565?
7257	What was Fort Caroline renamed to after the Spanish attack?
7258	Which fort was rebuilt in 1964?
7259	After what event did the Spanish concede Florida to Britain?
7260	Soon after gaining Florida, what did the English do?
7261	Why the narrow part of St. John's River called Cowford?
7262	Who gained control of Florida after the conclusion of the Revolutionary War?
7263	When was the Jacksonville town charter approved?
7266	After what battle did Union forces return to and occupy Jacksonville for the rest of the war?
7267	What factors negatively impacted Jacksonville following the war?
7269	During which period did Jacksonville become a popular destination for the rich?
7270	Which US President visited Jacksonville in 1888?
7271	What caused Jacksonville's tourism to become less desirable at the latter half of the 19th century?
7274	What caused the spread of the Jacksonville fire in 1901?
7275	How many buildings were razed by the Jacksonville fire?
7277	What was the Jacksonville fire later known as?
7278	Who was drawn to Jacksonville in the 1910s?
7280	Jacksonville's popularity for films earned it what title?
7306	The Bank of America Tower was previously known as what?
7307	How tall is the Bank of America Tower?
7309	What makes the Wells Fargo Center stand out?
7312	How is winter weather in Jacksonville described as?
7316	What else contributes to Jacksonville's summer storms other than land heating beside the water?
7317	What is Jacksonville's hottest month on average?
7318	What storm had the most significant impact on Jacksonville?
7319	How fast were the winds around St. Augustine in the 1964 hurricane?
7320	What was the name of the storm that hit Jacksonville in May of 2012?
7321	What is the scale used to measure the strength of hurricanes called?
7323	What ethnic group located in Jacksonville is ranked tenth largest?
7324	How many residents were recorded in the 2010 census of Jacksonville?
7325	Compared to the rest of Florida, how does Jacksonville's Filipino population rank?
7326	What Jacksonville community is known for having heavy ties to the Navy?
7327	What portion of households in Jacksonville have only one person?
7328	How many of Jacksonville's city residents are younger than 18?
7329	Which gender is more populous across all groups in Jacksonville?
7355	What did Neoclassical economics view the inequality in the distribution of income as being from?
7356	What is distribution of income from labor due to the differences of?
7357	What does the marginal value added by an economic actor determine?
7359	In a market economy, what is inequality a reflection of?
7364	What do capitalist firms substitute equipment for in a Marxian analysis?
7365	Why do firms substitute equipment for workers?
7366	What trend increases the organic composition of capital over the long term?
7367	What does the substitution of equipment for labor raise for workers?
7369	What is controled by the market and economy?
7371	What happens when business underpays their workers?
7372	How do competing businesses attract workers?
7373	How is income inequality generally viewed by workers?
7374	What controls wages in a purely capitalist mode of production?
7402	What system has an impact on income inequality?
7403	In a progressive tax, what increases as the taxable base amount increases?
7404	What will have a direct impact of inequality in a system that uses a progressive tax?
7446	What do weak labor movement correlate with?
7449	What is the profession of Jake Rosenfield?
7482	When did income inequality begin to increase in the US?
7485	Who plotted the relationships between levels of income and inequality?
7486	What is a a developing economy's level of inequality bulging out called?
7488	What does Kuznets' curve predict about income inequality given time?
7490	What process attributes new wealth to those that already have it?
7491	According to the wealth concentration theory, what advantage do the wealthy have in accumulating new wealth?
7494	Where does newly created wealth concentrate? 
7495	Who is best able to leverage the accumulation of wealth?
7496	What can significantly contribute to the continuing inequality in a society over time?
7497	Who wrote the book "Capital in the Twenty-First Century"?
7499	What forces should serve as a brake on wealth concentration?
7500	What career does Joseph Stiglitz have?
7501	What type of skills does the market bid up compensation for?
7503	Income not from the creation of wealth but by grabbing a larger share of it is know to economists by what term?
7507	What is a lower rate of social goods an effect of?
7509	What year did Robert J. Shiller win an Economics Nobel prize?
7533	How much of a difference in homicide rates are related to inequality?
7534	What does the utilitarian principle seek for the greatest number of people?
7536	A dollar spent by a poor person is likely to provide what for them?
7538	What will a society with more equality have?
7540	What political leaning does the Cato Institute have?
7541	When was consumption inequality lower than it had been in 1986?
7544	What is Raghuram Rajan's career?
7545	What does Rajan feel has created deep financial fault lines?
7547	What does political pressure push to extend to compensate for stagnating purchasing power?
7548	What has given the American economy a tendency to go "from bubble to bubble"?
7574	What have studies on income inequality sometimes found evidence confirming?
7575	The Kuznets curve says with economic development, inequality will decrease after what?
7576	Who challenges the notion of the Kuznets curve hypothesis?
7577	What's Thomas Piketty's job?
7578	What does Piketty feel was the biggest factors in reducing inequality between 1914 to 1945?
7582	How long does it take for the effects to manifest as changes to economic growth?
7583	What are longer growth spells associated with?
7584	What needs to be made to ensure poorer members of society can participate in economic growth?
7585	What can the growth elasticity of poverty depend on?
7587	What was Ban Ki-Moon the Secretary General of?
7589	What is held outside the formal legal ownership registration system in many developing countries?
7590	How is unregistered property held in informal form?
7614	What is the usual form of the government's wealth redistribution? 
7617	When are inequalities in wealth justified, according to John Rawls?
7618	What does the capabilities approach look at poverty as a form of?
7619	In the capabilities approach, grow and income are considered a means to an end rather than what?
7621	How would the capabilities approach achieve it's goal?
7622	What is the definition of agency as it relates to capabilities? 
7623	What happens when a person's capabilities aer lowered, as it relates to their income?
7624	What can and old, ill man not do?
7627	What can people work towards if they aren't denied their functionings, capabilities and agency?
7628	Who is the producer of Doctor Who?
7629	What year did Doctor Who first show on TV?
7630	What is Doctor Who's space ship called?
7631	What does the outside of the Tardis resemble?
7663	What was the BBC hoping that an independent production firm would do for Doctor Who?
7664	Who approached the BBC in 1989 about relaunching the show?
7668	What was the name of the first episode of the new Doctor Who series?
7669	What year did Doctor Who finally return to television?
7671	Who will be the new executive producer of Doctor Who in 2018?
7673	What years did the original Doctor Who series run?
7674	What new series continues the plot of the original Doctor Who?
7698	How many seasons did the original Doctor Who run?
7703	In what year did the serial format change for the Doctor Who series?
7704	How long was each Doctor Who episode in the 2005 revival series (including ads)?
7705	When was an extended episode of Doctor Who shown?
7706	Which episode in 2008 was over an hour long?
7711	How long was the longest Doctor Who Christmas Special?
7713	Who were the first two actors that played Doctor Who?
7740	What actor played the Valeyard?
7741	What was the name of the serial where the Valeyard appears?
7744	Which episode featured the return of William Hartnell?
7745	Which Doctor returned for the "Children in Need" show?
7747	What was the name of the 50th Anniversary episode?
7749	What special audio recording was released for the 40th anniversary?
7754	In what episode is it brought up that the First Doctor might not actually be the first Doctor?
7757	In what year was the 20th Anniversary special aired?
7758	What is the name of the first Doctor Who serial?
7759	What is the name of Doctor Who granddaughter?
7763	What type of creature is usually Doctor Who's companion?
7765	What relative of Doctor Who traveled with him in the early episodes?
7767	What was the name of the character known as the Time Lady?
7771	Who is the new companion for the 10th series of the revival?
7772	Who played the companion named Donna Noble?
7798	Who recorded the theme played for season 18?
7799	Who created the theme used in 1986?
7800	For which Doctor did Keff McCulloch provide the theme?
7801	Who created the 2005 theme for Doctor Who?
7802	In what show did Murray Gold modify the closing credits theme?
7803	What was the name of the 2007 Christmas special?
7808	Who recorded a version of the Doctor Who theme with spoken lyrics in the 1970's?
7809	Who released a disco version of the Doctor Who theme?
7811	What was the name of the Doctor Who-related song released in 1988?
7812	Which Doctor Who-related song reached Number One in the UK?
7813	Who was the most frequent musical contributor to Doctor Who in the first 15 years of the show?
7815	In what decades was Dudley Simpson most active in contributing to Doctor Who?
7840	Fans blame the poor viewership of the late 80's to competition from what show?
7842	When was the third period of high viewership for the Doctor Who series?
7843	What station did the 20th anniversary special show before being shown on BBC?
7844	What country showed all three episodes of Silver Nemesis before the BBC did?
7847	When was the debut of the 1983 special called The Five Doctors?
7853	What year did TVOntario start showing Doctor Who episodes?
7854	What was the first Doctor Who show that TVOntario ran?
7857	What science fiction writer introduced the Doctor Who episodes for a period of time?
7859	What played during the closing credits of the Doctor Who episodes?
7895	What series was created by former Doctor Who producer Russell T. Davies?
7908	In what year did original fiction featuring Doctor Who appear?
7909	When were the earliest Doctor Who books available?
7910	How long has the Doctor Who Magazine been in circulation?
7912	Who began publishing Doctor Who novels in 2005?
7941	What Doctor Who episode won a Hugo Award in 2010?
7943	Who often plays the Fourth Doctor in comedy parodies?
7946	What series has an actor doing an impression of the Fourth Doctor?
7947	What kind of university is the University of Chicago?
7948	When was the University of Chicago established?
7950	How many academic research divisions does the University of Chicago have?
7952	University of Chicago scholars played a major part in what development?
7954	Where is the first man-made self-sustaining nuclear reaction located?
7955	What is the name of the largest university press in the U.S?
7957	What society founded the University of Chicago?
7959	Who was the first president of the University of Chicago?
7962	Who donated property to the University of Chicago?
7989	How much did the Milton Friedman Institute roughly cost?
7991	Who decide to make a very large donation to the university's Booth School of Business?
7995	The Mitchell Tower is designed to look like what Oxford tower?
8001	When was the Gerald Ratner Athletics Center constructed?
8002	What other locations can the Booth School of Business be found?
8007	Who runs the University of Chicago?
8010	What is the name of the Chairman of the Board of Trustees?
8013	The academic body of the university is made up of how many divisions of graduate?
8021	UChicago claims to have what kind of learning experience compared to other universities? 
8022	What guide states the Univeristy of Chicago is known for their heavy workload and academic difficulty?
8023	What is the name of the private day school for K-12 students the university runs?
8051	Who made up 19% of the student body in the 2012 Spring Quarter? 
8053	The Maroons compete in what league division?
8054	The university was a founding force behind what conference?
8055	What player first won the Heisman Trophy for the university?
8056	Why did the university eventually leave the conference?
8059	What club won 118 tournaments and 15 national championships?
8060	What is the name of the country's longest continuously running student film society?
8061	What is the name of the student improvisational theater troupe?
8092	What is the name of the Bungie Inc. founder who is also a university graduate?
8093	What video game series did Alex Seropian make?
8100	What geochemist developed the uranium-lead dating method into lead-lead dating?
8103	Who was the first American to win the Nobel Memorial Prize in Economic Sciences?
8106	What chess grandmaster is also a university alumni?
8107	What conservative international relations scholar is also a university alumni?
8109	Who discovered the Compton Effect?
8111	Who is also known at the father of the hydrogen bomb?
8113	What Egyptologist was also apart of the university's faculty?
8115	What meteorologist was also apart of the university's faculty?
8116	Who developed the actinide concept?
8119	Hank Paulson is the former Chairman and CEO of what banking firm?
8123	What is the Chinese name for the Yuan dynasty?
8124	What is the Yuan dynasty's official name?
8125	Who started the Yuan dynasty?
8127	When did Khan formally declare the Yuan dynasty?
8128	What non-Chinese empire did the Yuan dynasty succeed?
8129	What dynasty came before the Yuan?
8130	What dynasty came after the Yuan?
8132	When did Khan establish the Great Yuan?
8134	What was the Yuan dynasty called in Mongolian?
8135	What does Yeke Mongghul Ulus mean?
8136	What nominal title did Yuan emperors have?
8137	Which tribes did Genghis Khan unite?
8138	When did Genghis Khan become Great Khan?
8139	Who was Genghis's 3rd son?
8140	When did Mongke Khan become Great Khan?
8143	What Khitan leader defected to the Mongols?
8144	What Han Chinese leader defected to the Mongols?
8145	How many soldiers were in each Tumen?
8146	How many Khitan Tumens were there?
8147	What ethnicity was Shi Tianze?
8148	In what dynasty did Tianze live?
8149	What kind of interethnic marriage became common in the Jin dynasty?
8150	Who was Shi Tianze's father?
8152	Who led a Mongol attack on the Song dynasty?
8154	When did Mongke Khan die?
8155	Who challenged Kublai Khan's right to succeed Mongke Khan?
8156	What Chinese era name did Kublai adopt?
8159	Who did Kublai make the ruler of Korea?
8161	When did Li Tan lead a revolt?
8167	Where had the Mongol capital been before Kublai moved it?
8168	Where did Kublai move the Mongol capital to?
8175	Where did Kublai extend the Grand Canal to?
8176	Who described Kublai's China to Europe?
8177	Who did Duke Yansheng Kong Duanyou flee with?
8178	When did the Jin dynasty begin?
8179	When did the Jin dynasty end?
8180	Who was appointed as the replacement for Duke Yansheng Kong Duanyou?
8181	How many people in Quzhou are descended from Confucius?
8187	When was Kublai's administration running out of money?
8189	Where did the Tran dynasty rule?
8190	In what battle were the Mongols defeated by the Tran?
8192	When was Dali conquered by the Yuan?
8193	Who had Kublai wanted to succeed him?
8194	When did Zhenjin die?
8195	What was Temur Khan's Chinese-style name?
8196	When did Temur rule?
8202	Who was Ayurbarwada's son?
8203	When was Geegen the emperor?
8204	Who did Gegeen appoint as grand chancellor?
8208	What was the civil war against Ragibagh also called?
8211	Who took the throne after Kusala's death?
8212	What was Tugh Temur known for?
8213	What academy did Tugh Temur found?
8214	When did Tugh Temur found his academy?
8217	When did Tugh Temur die?
8219	How old was Toghun Temur when he became emperor?
8220	How many successors of Kublai was Toghun the last of?
8222	What problems did the Yuan dynasty have near its end?
8225	What were the Yuan armies too weak to stop?
8227	When did the Yuan people suffer a series of natural disasters?
8228	What uprising began in 1351?
8229	Why did Toghun Temur dismiss Toghtogha?
8231	When was the Ming dynasty in power?
8240	What fields of study were advanced during the Yuan?
8242	What did Polo call the Yuan capital?
8243	What was the English title of Polo's book?
8244	What was the Italian title of Polo's book?
8246	What astronomer worked for Kublai?
8249	What city did the Grand Canal reach during the Yuan?
8251	The Yuan was the first time all of China was ruled by whom?
8252	What did Mongols worship?
8253	What legitimate dynasty came before the Yuan?
8254	What legitimate dynasty came after the Yuan?
8255	Some Chinese considered the Yuan a legitimate dynasty, but what did other Chinese think it was?
8258	Who were two of Kublai's Chinese advisers?
8265	When was Phags-pa script invented?
8269	What was Tugh's Chinese-style name?
8280	What was the Yuan's unofficial state religion?
8281	What government agency supervised Buddhist monks?
8283	When was Zhu Shijie born?
8284	When did Zhu Shijie die?
8287	When did Zhu publish 'Jade Mirror of the Four Unknowns'?
8302	When did Wei Yilin die?
8307	What philosophies underlay Chinese medicine?
8309	Who wrote the Nong Shu?
8311	Who was Ogedei's wife?
8312	When was the Imperial Library Directorate established?
8313	What was the Yuan's paper money called?
8315	When did the Yuan begin using bronze printing plates for its money?
8317	When did the Il-khanate experiment with paper money?
8319	What Chinese system did Kublai's government compromise with?
8323	Who did the Mongols bring to China as administrators?
8324	Who did the Mongols send to Bukhara as administrators?
8326	What types of work did the Han do in Central Asia?
8328	What Yuan policies did Muslims dislike?
8330	Who founded the Ming dynasty?
8347	Who governed the Central Region in the Yuan?
8349	What modern city did Khanbaliq become?
8350	What was the Chinese name for the Central Secretariat?
8351	Where is Kenya located?
8352	What is Kenya a founding member of?
8355	What was the population of Kenya in 2014?
8356	What type of climate does Kenya have?
8360	What is Kenya known for?
8387	What is an important Swahili settlement along the coast?
8388	When was the City of Malindi established?
8389	When was the outbreak of World War I?
8390	What two governors agreed to a truce to protect their young colonies?
8391	Who was in command of the German military forces?
8392	How did von Lettow conduct his group?
8393	Where did von Lettow surrender at?
8394	Where were the Kikuyu people located?
8395	How did the Kikuyu people live?
8396	How did the settlers protect their interests?
8397	How many white settlers were living in Kenya in the 1950's?
8401	How many of the Mau Mau did Home Gaurd kill?
8402	What was the most important governmental change to land tenure?
8403	When was the first direct elections for native Kenyans?
8405	When did the different colonies come together and form Kenya?
8406	When did Kenya become an independent country?
8407	What did Kenya name itself on December 12, 1964? 
8410	Who won the elections in 1992 and 1997?
8411	What kind of government does Kenya have?
8441	When was the new constitution promulgated?
8443	When did President Uhuru Kenyatta sign a Security Law Amendment Bill?
8444	Why was this bill nessecary? 
8445	Who criticised the security bill?
8450	Where did Kenyatta visit at the invitation of the President?
8451	When did Obama finally visit Kenya?
8453	What was part of the aftermath of the elections in 2007?
8455	What other forces were tainted by corruption allegations?
8456	Why has the corruption not be in the public view?
8459	What is Kenya's HDI?
8460	Who is the biggest and most advanced economy in east and central Africa?
8488	What are the three largest urban areas in Kenya?
8489	What does the sector known as Jua Kali engage in?
8490	What has given a boost to manufacturing in recent years?
8491	What year did AGOA take effect?
8492	Where does the largest part of Kenya's power come from?
8495	Where does Kenya have deposits of oil?
8496	How many barrels of oil is it estimated Kenya has?
8497	What is Kenya doing to determine if there are more reserves?
8499	How much is China's investment in Kenya?
8500	What does China's investment mean for Kenya?
8501	What did the Kenyan business people hope for when meeting with the Chinese?
8502	Where did the first shipment of minerals ship from?
8505	What is Vision 2030?
8509	Where are most working children working?
8510	What percent of girls are in prostution in Kenyas coastal areas?
8513	What language is spoken in Kenya?
8514	What are the two official languages?
8543	When was the 8-4-4 system launched?
8546	When was free primary school introduced?
8551	What can students that complete high school have opportunites to do?
8552	What is Kenya's literacy rate?
8555	What does the KCPE determine?
8556	What is the exam at the end of Form Four?
8583	What UN organizations established the IPCC?
8585	What is the UN's climate change treaty?
8586	What UN resolution endorsed the IPCC?
8587	Who is the chair of the IPCC?
8589	Who is the vice-chair of the IPCC?
8590	Who was the first chair of the IPCC?
8591	When did Pachauri resign as chair of the IPCC?
8592	Who is on the IPCC Panel?
8593	How many people attended the 2003 IPCC meeting?
8594	What kind of people attend the IPCC meetings?
8595	How much of the IPCC attendees are government representatives?
8596	When was the IPCC Trust Fund founded?
8597	Who started the IPCC Trust Fund?
8599	What rules does the IPCC have to follow?
8601	What does the IPCC not do?
8602	Where do IPCC reports get their information?
8604	What kind of non-peer-reviewed sources does the IPCC use?
8605	How many coordinating lead authors does an IPCC report chapter have?
8606	How many lead authors does an IPCC report chapter have?
8607	How many contributing authors does an IPCC report chapter have?
8609	Who do coordinating lead authors report to?
8610	What does the WG I Summary for Policymakers report say human activities are doing to greenhouse gases?
8615	When was the joint statement on climate change issued?
8618	How sure did the statement say scientists were that temperatures would keep rising?
8620	Which IPCC author criticized the TAR?
8621	What did Lindzen criticize about the Summary for Policymakers?
8622	Who responded to Lindzen's criticisms?
8648	Where did Singer hold a press conference in May 2000?
8649	When did Singer dispute the graph at a Senate hearing?
8650	What Senate committee did Singer speak to in July 2000?
8651	Who was the chairman of the House Committee on Energy and Commerce?
8652	Who was Chairman of the Subcommittee on Oversight and Investigations?
8653	When did Barton and Whitfield demand climate research records?
8654	Who was chairman of the House Science Committee?
8655	Who said Barton's investigation was "misguided and illegitimate"?
8656	When was the IPCC Third Assessment Report published?
8657	When was the IPCC Fourth Assessment Report published?
8658	How many Medieval Warm Period reconstructions covered 1,000+ years?
8659	What problem did some tree ring data have?
8661	When was a study published confirming the 2001 IPCC projections?
8662	How did the 2001 IPCC report compare to reality for 2001-2006?
8663	How did the 2001 IPCC report compare to reality on temperature levels?
8664	How did the 2001 IPCC report compare to reality on sea levels?
8665	What danger did the IPCC understate?
8666	How much did the IPCC Third Assessment Report say sea levels will rise from 1990 to 2100?
8667	How much do researchers now think sea levels will rise from 1990 to 2100?
8668	When was the Third Assessment Report published?
8669	What role did Michael Oppenheimer have in the IPCC's reports?
8671	What approach did Oppenheimer advocate?
8672	What has successfully dealt with ozone depletion?
8673	What did the Kyoto Protocol try to address?
8676	What remain unsolved problems with the Kyoto Protocol?
8677	What conflicts did the ozone mitigation reduce?
8702	What type of organism are cyanobacteria?
8704	What kind of cell wall do cyanobacteria have?
8705	How are cyanobacteria sometimes wrongly described?
8707	How long ago did cyanobacteria enter a cell?
8708	What surrounds chloroplasts?
8709	What kind of membrane came from the host?
8710	What happened when cyanobacteria was assimilated?
8713	What does rhodophyte mean?
8714	What does chloroplastidan mean?
8715	Which lineage includes land plants?
8716	What chloroplast lineage is Cyanophora in?
8717	What kind of organism is Cyanophora?
8718	What are muroplasts?
8719	What do concentric unstacked thylakoids surround?
8721	What kinds of pigments do rhodoplasts have?
8722	What are rhodoplasts' phycobilin pigments combined into?
8723	What makes red algae red?
8724	What is the benefit of red algae being red?
8726	What do red algal chloroplasts have that green chloroplasts don't?
8727	Why aren't some forms of Hæmatococcus pluvialis green?
8728	What don't chloroplastidan chloroplasts have?
8729	What have some plants repurposed the peptidoglycan layer genes for?
8731	What kind of membrane do primary chloroplasts have?
8732	What differs about secondary chloroplasts' membranes?
8733	What was the secondary endosymbiotic event?
8734	What additional membranes do secondary chloroplasts have?
8735	What was left when engulfed algae was broken down?
8736	What kind of chloroplasts do Euglenophytes have?
8737	What kind of protists are Euglenophytes?
8740	Which membrane was lost in euglenophyte chloroplasts?
8741	What is another word for cryptophytes?
8742	What kind of chloroplasts do cryptophytes have?
8743	What part of cryptophyte chloroplasts is similar to chlorarachniophytes?
8744	Where do cryptophyte chloroplasts store starch?
8745	How do cryptophyte chloroplasts arrange their pyrenoid and thylakoids?
8746	What are Apicomplexans similar to?
8747	What are Apicomplexans a type of?
8748	What is Plasmodium?
8749	What is an apicoplast?
8750	Where do Apicomplexans store energy?
8751	What do apicoplasts synthesize?
8752	What kind of diseases do drugs target apicoplasts for?
8753	What is the most important thing apicoplasts do?
8754	What are apicoplasts missing?
8755	How many membranes do apicoplasts have?
8757	Where is Peridinin found?
8758	How are peridinin-type chloroplasts' thylakoids arranged?
8759	What have peridinin-type chloroplasts lost?
8760	What lineage is Karlodinium in?
8761	What lineage is Karenia in?
8762	How many membranes does the haptophyte chloroplast have?
8763	What is tertiary endosymbiosis of haptophyte chloroplasts expected to create?
8764	Where did Dinophysis get its chloroplasts from?
8765	What have the Dinophysis chloroplasts lost?
8766	What is the chloroplast of Dinophysis?
8767	What is left of the Dinophysis chloroplasts?
8769	What is Durinskia's chloroplast?
8770	How many membranes does Durinskia's chloroplast have?
8771	What is sometimes but not always counted regarding Durinskia's chloroplast membranes?
8772	Where does the diatom endosymbiont store starch?
8773	Where do nucleomorph genes transfer to?
8774	What is the only dinophyte that has a non-rhodoplast chloroplast?
8775	What did Lepidodinium viride lose?
8776	What did Lepidodinium viride replace their original chloroplast with?
8777	What is a prasinophyte?
8779	What is different about Paulinella chromatophora?
8780	How many base pairs are there in Chromatophore DNA?
8781	How many protein-encoding genes are there in Chromatophore DNA?
8782	How many base pairs are there in Synechococcus DNA?
8783	What is chloroplast DNA abbreviated as?
8784	What is a synonym for chloroplast DNA?
8785	When was the plastome discovered?
8787	Who sequenced the first plastome?
8789	What have some inverted repeats become?
8790	What could inverted repeats help do?
8791	How is chloroplast replication observed?
8793	What is a Cairns replication intermediate?
8794	What is a D-loop?
8796	What kind of gradients does cpDNA have?
8797	What makes DNA vulnerable to deamination?
8798	How does the secondary theory say most cpDNA is structured?
8799	How does the secondary theory say most cpDNA replicates?
8800	Where does the secondary theory say most genes are kept?
8801	What is cpDNA's replication similar to?
8802	What kind of cpDNA does maize have?
8803	How is most plants' cpDNA arranged?
8804	How does most plants' cpDNA replicate?
8806	What do donated genes give evidence of?
8807	What kind of chloroplasts do diatoms have?
8808	What kind of chloroplasts did diatoms have but lost?
8809	What is the status of most chloroplast genes in the mitochondrion?
8810	How much of the protein products of transferred genes don't go back to chloroplasts?
8811	What new tasks do the protein products of transferred genes take on?
8812	What do you have to cross to reach the chloroplast in many secondary plastids?
8813	What is the chloroplast polypeptide synthesized on?
8817	How are chloroplasts in land plants usually shaped?
8818	How large across are chloroplasts in land plants?
8819	How thick are chloroplasts in land plants?
8820	What shape is Oedogonium's chloroplasts?
8821	What shape is Chlamydomonas's chloroplasts?
8822	What is evidence chloroplasts descended from endosymbiotic cyanobacteria?
8823	What is incorrectly thought about the outer chloroplast membrane?
8824	How do both chloroplast membranes compare to cyanobacterium's original double membranes?
8825	What is the chloroplast double membrane sometimes compared to?
8831	What is a stromule?
8832	Why do stromules exist?
8833	When were stromules discovered?
8834	Where is the chloroplast peripheral reticulum usually found?
8835	Where is the chloroplast peripheral reticulum less commonly found?
8836	What is a maze of membranous tubes?
8837	What does the chloroplast peripheral reticulum do?
8838	Where do transport vesicles move between?
8839	What do chloroplasts use their ribosomes for?
8840	How large are Chloroplast ribosomes?
8866	What does the thylakoid membrane use the energized electrons for?
8868	How many types of thylakoids are there?
8869	What distinguishes granal thylakoids?
8870	What distinguishes stromal thylakoids?
8871	What shape are granal thylakoids?
8872	How large are granal thylakoids?
8873	How many photosynthetic carotenoids are there?
8875	Why do carotenoids make leaves change color in the fall?
8878	What are Phycobilins?
8879	What color is phycoerytherin?
8880	What does phycoerytherin appear in?
8881	What are phycobilisomes?
8882	How big are phycobilisomes?
8883	What do chloroplasts use to fix carbon dioxide into sugar?
8884	What is rubisco's flaw?
8885	What effect does rubisco's flaw have?
8886	What process down the line does rubisco's flaw interfere with?
8887	What is wasted by rubisco's flaw?
8888	What are chloroplasts in mesophyll cells specialized for?
8889	What do chloroplasts in mesophyll cells lack?
8890	What do chloroplasts in mesophyll cells specialized use to make ATP?
8891	What do chloroplasts in mesophyll cells store carbon dioxide in?
8892	What do bundle sheath chloroplasts specialize in?
8893	What parts of plants have chloroplasts?
8894	What makes plants green?
8896	Where can chloroplasts sometimes be found?
8897	What is a chlorenchyma cell?
8898	Where do cacti have chloroplasts?
8900	How many chloroplasts are in stomatal guard cells?
8901	How many chloroplasts are in a square mm of a leaf?
8902	What layers of a leaf have chloroplasts?
8903	When do chloroplasts spread out flat?
8904	When do chloroplasts arrange in vertical columns or turn sideways?
8905	What does turning sideways protect chloroplasts from?
8906	Why do land plants have more and smaller chloroplasts?
8907	What sometimes follows moving chloroplasts?
8909	What is the hypersensitive response of a plant immune system?
8910	What is the systemic acquired resistance response of a plant immune system?
8911	How do chloroplasts trigger the plant's immune system?
8914	When do chloroplasts produce defense signals?
8915	What happens to reactive oxygen species signals since they don't leave the chloroplast?
8916	What is retrograde signaling?
8917	What is the most important role of chloroplasts?
8918	What is the process of changing light into chemical energy?
8920	What are the molecular inputs for photosynthesis?
8923	Where do chloroplasts pump hydrogen?
8924	How concentrated do the hydrogen ions get in the thylakoid space?
8927	What usually takes reenergized electrons?
8953	What happens if angiosperm shoots don't get enough light?
8954	What is an etioplast?
8955	What do etioplasts' internal membranes have?
8956	What do etioplasts have instead of chlorophyll?
8958	What can chloroplasts change into?
8959	What are chromoplasts?
8960	What can amyloplasts become?
8961	What can proplastids become?
8962	When a plant is injured, what can become proplastids?
8964	What are FtsZ1 and FtsZ2?
8966	Where is the Z-ring?
8968	What are PD rings?
8970	How large are the outer PD ring's filaments?
8971	How far apart are the outer PD ring's filaments?
8972	What is different about Cyanidioschyzon merolæ?
8974	What kind of light is important for chloroplasts to divide?
8975	What do chloroplasts look like in spinach grown in green light?
8976	What kind of light is inadequate for chloroplasts to divide?
8977	Why are chloroplasts of interest in GMO crops?
8978	What is reduced by using plastid transformation for gene modification?
8979	What was the containment failure rate in a tobacco plant study using plastid transformation?
8980	What are plants with plastid gene transformations called?
8981	What is the only divisor besides 1 that a prime number can have?
8982	What are numbers greater than 1 that can be divided by 3 or more numbers called?
8985	Why must one be excluded in order to preserve the uniqueness of the fundamental theorem?
8986	What is the name of the property that designates a number as being prime or not?
8987	What is the name of the process which confirms the primality of a number n?
8988	What is the name of one algorithm useful for conveniently testing the primality of large numbers? 
8989	What is the name of another algorithm useful for conveniently testing the primality of large numbers? 
8990	As of January 2016 how many digits does the largest known prime consist of?
8991	How many prime numbers exist?
8992	Who established the amount of prime numbers in existence?
8995	When was the prime number theorem proven?
8996	What is the name of the supposition that any number larger than 2 can be represented as the sum of two primes?
8997	What is the name of the supposition that there are infinite pairs of primes whose difference is 2?
8999	What is the application of prime numbers used in information technology which utilizes the fact that factoring very large prime numbers is very challenging?
9000	What is the name of one algebraic generalization prime numbers have inspired?
9001	 Any even number larger than what cannot be considered prime?
9005	What type of numbers are always multiples of 2?
9030	What must the integer m be less than or equal to when performing trial division?
9031	How many modern types of primality tests for general numbers n are there? 
9032	What is the name of one type of modern primality test?
9033	What is the name of another type of modern primality test?
9038	What type of numbers demonstrate a flaw with the Fermat primality test?
9039	What is the name of one impressive continuation of the Fermat primality test?
9042	Of what form are Mersenne primes?
9043	What test is especially useful for numbers of the form 2p - 1?
9045	What is the name of another type of prime here p+1 or p-1 takes a certain shape?
9046	What is the name of one type of computing method that is used to find prime numbers?
9048	the Great Internet Mersenne Prime Search, what was the prize for finding a prime with at least 10 million digits?
9049	What organization offers monetary awards for identifying primes with at least 100 million digits?
9050	In what interval are some of the greatest primes without a distinct form discovered in?
9051	What is name of the function used for the largest integer not greater than the number in question?
9052	Who first proved Bertrand's postulate?
9053	For what size natural number does Bertrand's postulate hold?
9054	How is the prime number p in Bertrand's postulate expressed mathematically?
9055	On what theorem is the formula that frequently generates the number 2 and all other primes precisely once based on?
9056	What is another way to state the condition that infinitely many primes can exist only if a and q are coprime?
9057	If a and q are coprime, which theorem holds that an arithmetic progression has an infinite number of primes?
9083	When was it discovered that prime numbers could applied to the creation of public key cryptography algorithms?
9086	Assuming p is a prime other than 2 or 5, then, according to Fermat's theorem, what type of decimal will 1/p always be?
9088	According to Wilson's theorem, what factorial must be divisible by p if some integer p > 1 is to be considered prime?
9089	According to Wilson's theorem, what factorial must be divisible by n if some integer n > 4 is to be considered composite?
9091	What is one type of public key cryptography algorithm?
9094	On what type of exponentiation does the Diffie–Hellman key exchange depend on?
9095	How many bits are typically used in the primes for the Diffie–Hellman key exchange?
9096	What type of insect employs the use of prime numbers in its evolutionary strategy?
9098	Other than 7 and 13, what other year interval do cicadas pupate? 
9099	What is the logic behind the cicadas prime number evolutionary strategy?
9100	How much larger would cicada predator populations be if cicada outbreaks occurred at 14 and 15 year intervals?
9101	What does the word prime generally suggest?
9102	For a field F containing 0 and 1, what would be the prime field?
9103	How can any knot be distinctively indicated?
9104	What is an additional meaning intended when the word prime is used?
9105	What does it mean for a knot to be considered indecomposable?
9109	What is one condition that an element p of R must satisfy in order to be considered a prime element?
9110	Under what condition is an element irreducible?
9111	What theorem remains valid in unique factorization domains?
9112	What is one example of a unique factorization domain?
9113	What form do complex Gaussian integers have? 
9114	What do a and b represent in a Gaussian integer expression? 
9118	What type of number theory utilizes and studies prime ideals?
9119	Which theorem can be simplified to the Lasker–Noether theorem?
9120	What type of commutative ring does the Lasker–Noether theorem express every ideal as an intersection of primary ideals in?
9121	What are the points of algebro-geometric objects?
9122	What does factorization of prime ideals approximate?
9123	In what type of ring can prime ideals be used for validating quadratic reciprocity?
9124	What does quadratic reciprocity seek to achieve?
9125	What happens to the norm when a number is multiplied by p?
9126	To what may general global fields be transferred to or from?
9127	Completing Q with respect to what will produce the field of real numbers?
9151	What is the conventional method to measure the Rhine? 
9152	When was the scale to measure the Rhine introduced? 
9153	Where does the Rhine river's measurement begin?
9154	Where does the Rhine river's measurement end?
9155	What has shortened the Rhine river? 
9156	What is the conventional measurement of the Rhine? 
9157	When was the measurement of the Rhine introduced? 
9159	Why has the Rhine been shortened?
9160	Where does the Rhine end?
9161	Near Chur, which direction does the Rhine turn? 
9162	How long is the section of the Rhine near Chur?
9164	What is the natural dam that the Rhine flows through?
9166	Where does the Rhine make a distinctive turn to the north? 
9167	How long is the section that turns north? 
9168	What is the height of the section that turns north? 
9169	What is the glacial alpine valley known as?
9170	The Rhine forms the border between Austria and what other country? 
9171	The Rhine forms an inland delta into which lake?
9172	What is the delta in the Rhine delimited in the west by?
9173	What is the delta in the Rhine delimited in the east by?
9174	In local Alemannic dialect, what is the the singular form of the names of the islands formed by the Rhine?
9175	What is the animal that the Rhine's islands are named after?
9176	The inland delta at the mouth of the Rhine is with what Lake?
9177	What delimits the delta of the Rhine in the East?
9178	What delimits the delta of the Rhine in the west?
9179	What did the Rhine branch off to form in Austria?
9180	What is the Almannic dialect to describe the islands outside in Austria?
9181	Where is the upper canal regulation of the Rhine?
9182	What is the lower canal regulation of the Rhine?
9183	Besides constant flooding, why else was there regulation of the Rhine?
9184	After the Dornbirner Ach was diverted, where does the Rhine flow now?
9185	What is expected with the continuous input of sediment into the Dornbirner Ach?
9187	Why was the Rhine regulated? 
9188	Where was the Rhine regulated with an upper canal?
9189	What was diverted and now flows parallel to the Rhine?
9190	What will cause the lake near the Rhine to silt up?
9191	How many bodies of water makes up Lake Constance? 
9192	What does Untersee mean?
9195	What does Obersee mean?
9196	How many bodies of water makes up Lake Constance?
9197	Besides Germany and Switzerland, where else is Lake Constance?
9198	What mountainous region is Lake Constance by?
9200	Lake Constance separates the German state Bavaria from what other one?
9201	Why does the Rhine water fall into depths at the Rheinbrech?
9202	What Lake in a German island Mainau receives a fraction of the Rhine's flow?
9205	What is the Island off of the German shore of the Rhine that this warm and cold water meet?
9207	What island does the cold water flow of the Rhine and Lake Constance flow to?
9208	A small fraction of the cold water flow from Lake Constance goes to what other lake?
9209	What does the word Rheinrinne translate to?
9210	What does the flow of the Rhine being visible depend on?
9211	After the Rhine emerges from Lake Constance, what direction does it flow?
9213	How much water does the Aare give to the Rhine?
9214	Where is the highest point of the Rhine basin?
9215	Where is the so-called Rhine Knee?
9216	When the Rhine emerges from Lake Constance which way does it flow?
9218	The Rhine gets how much water from the Aare?
9219	What is the highest point of the Rhine basin called?
9220	There's a rough border between Switzerland and what other country formed by the Rhine?
9222	What is the bend of Rhine in Basel called? 
9223	What is the boundary between the High and Upper Rhine? 
9224	How long is the Upper Rhine Plain?
9225	How wide is the Upper Rhine Plain? 
9227	What is the first major bend in the Rhine called?
9229	What ends at this bend in the Rhine?
9230	What is the legal boundary behind the High and Upper Rind?
9231	Which century was there a program to straighten the Rhine? 
9232	What happened to the rate of flow in the Rhine during the Rhine straightening program?
9233	What happened to the ground water in the Rhine during the Rhine straightening program?
9234	Which canal was dug in France to carry Rhine's water?
9235	What is the Bassin de compensation de Plobsheim in Alsace? 
9236	What region of the Rhine was changed by the Rhine Straightening program?
9237	When did the Rhine Straightening program begin?
9238	What happened with the rate of flow in the Rhine with the straightening program?
9239	What happened with the ground water level with the Rhine straightening program?
9240	What carries a significant amount of the Rhine flow through France?
9241	Where does the Rhine encounter it's tributary the Neckar? 
9242	What is the average discharge of the Moselle to the Rhine?
9245	What is the average width of the Rhine?
9246	The Rhine is the longest river in what country?
9247	Which country does the Rhine encounter it's main tributaries?
9250	How much does the Rhine discharge at the Dutch border?
9251	What flows between the Bingen and Bonn?
9252	What gorge is between the Bingen and Bonn?
9253	How was the Rhine Gorge formed?
9254	What is the area called near the Rhine Gorge with castles from the middle ages?
9255	What flows between Bingen and Bonn?
9256	Where does the Middle Rhine flow between Bingen and Bonn?
9257	What is the Rhine Gorge known for?
9259	What contributed to water pollution in the Rhine? 
9260	What is Europe's largest inland port?
9261	What rive joins the Rhine in Duisburg? 
9263	Where are a bulk of factories concentrated along the Rhine?
9264	What did industry do to the Rhine until the 1980s?
9265	Which section of the Rhine is most factories found?
9267	What city has the largest inland port in Europe?
9269	Besides viniculture, what's a dominant economic sector of the Middle Rhine?
9270	There's a UNESCO World Heritage site in the Rhine Gorge between the Koblenz and what?
9271	What is the famous rock near Sanke Goarshausen?
9272	What is considered the epitome of the Rhine romanticism? 
9273	Besides viniculture, what is the other dominate economic sector in the middle rhine?
9274	What is the Rhine Gorge listed as?
9275	The Rhine Gorge is between Koblenz and what other city?
9276	What is the famous rock called that the Rhine flows around?
9279	What is the Canal in Wesel? 
9281	What is the largest suspension bridge in Germany?
9282	How wide is the Rhine in Germany between Emmrich and Cleves?
9284	What is the region called that is the largest conurbation of the Rhine?
9285	What is the largest port in Europe called?
9286	What is the name of the longest bridge in Germany?
9287	How wide is the Rhine in Germany?
9290	How much of the water flow does the Waal get from the Rhine?
9291	Which direction does two thirds of the Rhine flow outside of Germany?
9292	Where does two thirds of the Rhine flow outside of Germany?
9293	What does the Rhine merge with outside of Germany?
9294	What's the name of where the Rhine branches off near Dordrecht?
9295	If two thirds of the Rhine flows through the Maas, where doe the other one third flow through?
9296	The Rhine redistributes into the Ijssel and what other body?
9298	Where does the Lek join? 
9299	If two thirds of the Rhine flows through Waal, where does the other third flow through?
9300	Other than the Ijssel, where does the water from the Pannerdens Kanaal redsitrubute?
9301	How much of the Rhine flow does Ijssel carry?
9302	What does the Nederrijn change it's name to?
9303	Where does the Nederrijn change it's name?
9306	What is the name of the old north branch of the Rhine?
9307	What is the translation of the old north branch of rhe Rhine?
9308	What part of the Rhine flows west at Katwijk?
9310	Where does the Delta in the Netherlands begin?
9311	What is the nickname for the Delta in the Netherlands?
9312	At Millingen aan de Rijn where the Rhine splits, what does it change it's name to?
9313	How many main flows are branched off from the Nederrijn?
9314	What is the largest main branch of the Rhine?
9315	What is the translation of Oude Maas?
9316	What is the English translation of Het Scheur?
9317	What flood impacted the Meuse?
9318	What year did the flood that impacted the Meuse take place?
9319	Where did the Meuse flow before the flood? 
9320	When did the Meuse and Waal merge?
9321	What did the Merwede-Oude Maas form with Waal and Lek?
9323	What changed the Rhine's Delta?
9325	When was the construction that changed the Rhine's Delta?
9328	What does a high tide risk near lands? 
9329	Between Brakel and what other city can the most landward tidal influence be detected?
9330	The present Mediterranean Sea descends from what sea?
9331	What period did plates reverse directions to compress the Tethys floor?
9333	What period opened the Tethys Ocean?
9336	What elements from the rift system in the Alpine orogeny in Southwest Germany?
9337	What time did a river system develop in the Upper Rhine Graben?
9339	How did the Rhine extend watershed southward? 
9340	What period did the Rhine capture streams?
9341	Where are the streams the Rhine captured?
9344	How far did the sea level drop in the ice ages?
9345	In early Pleistocene, what direction did the Rhine flow?
9346	During glacial times, where was the mouth of the Rhine located?
9347	When did the last glacial start?
9348	When did the last glacial end?
9349	Which direction did the Rhine flow during the last cold phase?
9352	What was the source of the Rhine in the last Ice Age?
9353	What stretched across middle Europe in the last ice age?
9354	When was the Last Glacial Maximum?
9355	What covered Scandinavia, the Baltics, Scotland, and the Alps in the last Ice Age?
9356	What is the term for wind-blown dust in a tundra?
9357	When did Europe slowly begin to warm up from the last Ice Age?
9358	What did frozen subsoil and expanded alpine glaciers begin to do?
9359	Where did the discharge from glaciers go in Europe in the last Ice Age?
9361	When was Europe fully forested and recovered from the last Ice Age?
9384	Who first wrote about the Rhine's discovery and border?
9385	When did Augustus die?
9386	The Rhine and what other river were accepted as the Germanic frontier?
9387	When did the Rhine stop being the Roman boundary?
9388	Which direction did Romans use to drift through the Rhine?
9390	How many legions in five bases were along the Rhine by the Romans?
9392	What was the Colonia Agrippina's original name?
9393	What did the number of legions in Roman times depend on?
9394	What does Colonia Agrippina's original name translate into?
9395	When did Germanic tribes cross the Rhine to migrate?
9397	What is the translation of Siebengebirge?
9398	Who is the hero who killed a dragon on the Drachenfels?
9399	Who threw gold into the Rhine, according to legend?
9402	The Rhine flowed through Swabia, Franconia and what other location in the 10th Century?
9403	Who sold the Upper Rhine to Burgundy?
9404	When was the Upper Rhine sold to Burgundy?
9405	What was the name of the time the Upper Rhine form a border between France and Germany?
9406	What was a long term goal of French foreign policy along the Rhine?
9407	Who established the Confederation of the Rhine?
9408	When was the confederation of the Rhine?
9409	When was the Rhine crisis?
9411	When would the occupation of allies leave Rhineland?
9413	What do some believe the Treaty of Versailles assisted in?
9414	When did the German army reoccupy Rhineland?
9416	What was the Rhine considered to invaders in WWII?
9417	When was Operation Market Garden?
9418	What bridge did the Germans fail to demolish?
9419	What was the Warsaw Pact war plan?
9420	What was the accepted length of the Rhine prior to 1932?
9421	Who stated a change of the length of the Rhine?
9422	Why was the Rhine measurement changed? 
9423	in 1932 what was the Rhine measurement changed to?
9425	When was the current parliament of Scotland convened?
9426	What act set out the Parliament's powers as a devolved legislature?
9428	To what body are certain powers explicitly specified as being reserved for?
9429	The Scottish Parliament may legislate as it pleases as long as the powers aren't already reserved by where?
9432	Why were the initial suggestions for a devolved parliament before 1914 shelved?
9434	What did Kllbrandon's report in 1973 recommend establishing?
9435	Which sea was oil discovered in?
9436	What campaigh did the Scottish National Party (SNP) run?
9437	When did Prime Minister Wilson commit to some form of devolved legislature?
9439	When was the final legislative proposals for a Scottish Assembly passed?
9442	What percentage of the vote for a Scottish Assembly in favor of it?
9443	How did trying to establish a devolved Scottish Assembly go in 1979?
9444	What percentage of Scotland's voting population failed to actually vote?
9447	When was the Scottish Constitutional Convention held?
9448	What provided much of the basis for the structure of the Parliament in 1995?
9449	Where has the official home of the Scottish Parliament been since 2004?
9450	Who designed the Scottish Parliament building?
9452	What shape are some of the buildings in the Parliament complex?
9453	Who opened the new Parliament building on October 9, 2004?
9455	Where was Parliament's temporary home whilst the permanent building was being built?
9456	Where were interviews held while the parliament was in its temporary building?
9458	Where was Parliament temporarily relocated to in May of 2000?
9465	Who is currently speaker of the Scottish Parliament?
9467	How many MSPs are there?
9470	Who sets the work agenda and allocates time in the chamber?
9473	What is the seating arrangement of the debating chamber?
9475	How many seats are in the debating chamber?
9478	Where does the gold in the parliamentary mace come from?
9487	What contains a nearly verbatim of parliamentary debates?
9491	Because speakers are drawn from across Scotland, what do the represent the balance of?
9492	What can faith groups ask the Presiding Officer to do for them?
9493	Who decides who gets to speak in the chamber debates?
9494	What is also decided by the Presiding Officer?
9495	What does the Presiding Officer try to achieve a balance of between speakers?
9496	What members typically open debates?
9498	What time do the MSPs normally decide on the motions and amendments from that day?
9499	What is heralded by the sounding of the division bell?
9500	What do MSPs who are not in the chamber when the division bell rings return to do?
9531	What act sets forth the functions of the Scottish Parliament?
9534	What body constitutes the supreme legislature of Scotland?
9536	Where are reserved matters stated in the Scotland Act?
9537	If a matter is not specifically reserved, who is it devolved to?
9541	What is the name of matters outside the legislative ability of the Scottish Parliament?
9547	An MSP may introduce a bill as what?
9549	How do bills pass through Parliament?
9551	What are presented to parliament in addition to the bill itself?
9554	If Parliament agrees in a vote to the general principle of a bill, what does it then proceed to?
9555	What is the final stage of a bill in the Scottish Parliament?
9561	Why is the final bill passed to the Monarch?
9591	The party awarded a seat is the one with the highest what?
9603	What did the result of the SNP majority allow a referendum be held on?
9604	The loss of Edinburgh Pentlands really disappointed whom the most?
9607	Who announced she would step down as leader of the Conservatives? 
9616	What goal does Islamism have when it comes to society and government?
9617	What have the two different Islamist movements been described as oscillating between?
9618	One strategy of Islamization is to seize power by what methods?
9620	Where does Hamas originate?
9622	What do radical Islamist organizations reject entirely?
9623	On what basis do the radical Islamist organizations conduct their attacks?
9624	What exists between fundamentalist Islamism and reformist Islamism?
9625	What did Olivier Roy state underwent a remarkable shift in the second half of the 20th century?
9650	What type of interpretation of Islam does Salafism promote?
9652	Salafism posits that democracy is responsible for what type of horrible events of the 20th century?
9655	What type of movement is the Muslim Brotherhood?
9656	The Muslim Brotherhood's competence compares well against what type of local governments?
9660	What was Iqbal studying in England and Germany?
9661	What organization did Iqbal join in London?
9663	What year did Iqbal return to Lahore?
9664	What book was Iqbal's seven English lectures published as?
9665	What did Iqbal fear would weaken the spiritual foundations of Islam and Muslim society?
9666	Iqbal worried that India's mostly Hindu population would do what to Muslim heritage and culture?
9667	When Iqbal promoted ideas of greater Islamic political unity, what did he encourage ending?
9668	When was Iqbal elected president of the Muslim League?
9669	What did Iqbal's Allahabad address inspire?
9670	Who was an important figure in the twentieth-century Islamic revival in India?
9671	Maududi was trained as a lawyer, but chose what professional for himself instead?
9672	When did Maududi found the Jamaat-e-Islami party?
9674	Where did Maududi's books place Islam?
9675	Who was an important early figure in the Islamic revival in India?
9678	Where did Maududi's books place Islam?
9680	Maududi believed that Islam needed what to be established?
9682	What type of revolution did Maududi advocate?
9684	When was the Muslim Brotherhood founded?
9685	Where was the Muslim Brotherhood founded?
9686	Who founded the Muslim Brotherhood?
9688	What influence did Al Banna wish to eliminate from the Muslim world?
9690	When was Al-Banna assassinated?
9691	Who was Al-Banna's assassination a retaliation for the prior assassination of?
9693	What Egyptian president jailed thousands of members of the Brotherhood?
9694	What status has the Brotherhood obtained in the Islamic world?
9697	The Brotherhood was the only opposition group in Egypt able to do what during elections?
9698	Who was the first democratically elected president of Egypt?
9699	What was the defeat of the Arab troops at the hand of the Israeli troops during the Six-Day War?
9700	The defeat of the Arab troops in the Six-Day War constituted what for the Arab Muslim world?
9701	Secular Arab nationalism was blamed for both the defeat of Arab troops as well as what type of stagnation?
9702	What happened to the credibility of secular politics as a result of the Six-Day War?
9704	Mohammad Iqbal was what type of father to the State of Pakistan?
9705	Who was the ideologue of the Iranian Revolution?
9708	What long term agenda was the acts of plundering Muslim lands by the West?
9709	What Republic has maintained its control of Iran?
9711	What type of sanctions has the US directed at Iran?
9713	Who stated he wanted Israel to vanish?
9714	Who deployed its army into Afghanistan in 1979?
9715	What was the Soviet Union trying to suppress with its army?
9719	What did the Gulf War inadvertently do in the early 1990s?
9720	Whose occupation of Kuwait did the US military personal seek to put an end to?
9721	Up until 1990, Saudi Arabia played an important role in restraining what groups?
9723	Whose puppet did Islamists accuse the Saudi regime of being?
9725	What did Saudi Arabia try to repress to compensate for its loss of stature? 
9728	Who masterminded many terror attacks?
9729	Whose ideas became increasingly radical during his imprisonment? 
9730	When was Qutb executed?
9731	What organization was led by Hasan al-Hudaybi?
9733	When had the Brotherhood renounced violence as a means of achieving its goals?
9734	Who took up the path of violence?
9735	When did the Egyptian Islamic Jihad assassinate Anwar Sadat?
9771	When did the Democratic Republic of Afghanistan collapse?
9774	Thousands of madrasahs spawned what organization?
9777	What did the Taliban want to subject the entire country to?
9779	When was the regime in Pakistan overthrown by General Zia-ul-Haq?
9782	What was Zia-ul-Haq accused of using Islamization to legitimize? 
9783	When was Zia-ul-Haq killed?
9784	What type of group is The Islamic State?
9786	How many people did the Islamic State control the territory of as of March 2015?
9788	What did the Islamic State proclaim itself in 2014?
9789	When did ISIL pledge allegiance to al-Qaeda?
9790	When did Western forces invade Iraq?
9792	When did the Syrian Civil War begin?
9793	What has the United Nations designed ISIL?
9802	Where did HT fail to pull off a bloodless coup in 1974?
9807	The perceived British policy of being hands off of its Muslim population has resulted in what derogatory term for London?
9811	Who called for an agency to be created to be solely focused at undermining the Islamism ideology?
9812	What position in the government does Robert Gates hold?
9813	What was the U.S. Information Agency charged with doing during the Cold War?
9817	Imperialism is responsible for the rapid spread of what?
9818	Imperialism extends a country's power and what?
9844	 J. A. Hobson wanted which races to develop the world?
9845	Which theory justifies imperialism in part?
9847	Where was Friedrich Ratzel born?
9849	Halford Mackinder and Friedrich Ratzel where what kind of geographers?
9852	Which theory suggested people in the tropics were uncivilized?
9854	Which book by Edward Said portrayed the east as being the "others?"
9855	According to certain Geographical theories what type of human does a tropical climate produce?
9856	By justification certain racial and geographical theories, Europe thought of itself as what?
9857	What law justified British imperialism?
9860	What were the native inhabitants of Australia called?
9861	Terra Nullius is a Latin expression meaning what in English?
9865	What was used by the West to justify control over eastern territories?
9868	What provided an incentive to western empires to colonize Africa?
9896	What advancements besides military technology did Europe achieve?
9897	What did European chemists make that could be used in warfare?
9898	what was invented in 1880 that revolutionized warfare?
9907	When were Joseph Schumpeter and Norman Angell at their most prolific writing period?
9908	Hobson argued that imperialism was an international what?
9909	How did Hobson argue to rid the world of imperialism?
9912	Humans in tropical environments were considered what?
9918	What was a similar view about the Asian continent called?
9919	Who did the geographic scholars work for? 
9921	When was the British East India Company established?
9922	Who chartered the British East India Company?
9948	Who caused the dissolution of the Holy Roman Empire?
9951	Colonies were a sign of what amongst European countries?
9953	What was the name of the first German settlement?
9956	When was the first Sino-Japanese War?
9957	Which country did Japan force into an alliance?
9958	Which area of China did Japan conquer in 1931?
9964	Trotsky thought what was needed for a true Russian revolution.
9965	Who wrote that imperialism is the highest stage of capitalism?
9966	Who argued that the USSR had itself become an imperialist power?
9967	Who was the leader of Russia in the 1960's?
9969	What was the first British empire based on?
9973	When was the defeat of Napoleonic France?
9974	By the late 19th century, which country had the largest empire ever to exist in the world?
9976	Rudyard Kipling was an influential spokesman for what?
9978	How did the United States plan to subdue imperialistic tendencies? 
9981	Which country besides the Cuba did the United states try to annex in 1898?
9989	the US expansion Westward could be viewed as what type of colonialism?
9993	Who reigned over the Ottoman empire when it was at its most powerful.
9994	How many provinces did the Ottoman empire contain in the 17th century?
9995	The Ottoman empire controlled territory on three continents, Africa, Asia and which other?
9996	When was the Ottoman empire at its height?
9997	What was the capital of the Ottoman empire?
10000	Which country today is a remnant of the Ottoman empire?
10001	What does UMC stand for?
10003	When was the UMC founded?
10004	Who founded the UMC?
10006	What is the largest denomination within the wider Methodist movement?
10008	In the United States the UMC ranks as the largest what?
10012	Why was the student group called "the Methodists?"
10013	In what year did John and Charles Wesley come to America to teach the gospel?
10015	In 1735, who did John and Charles Wesley teach the gospel to in America?
10018	When did Wesley appoint Thomas Coke as bishop?
10019	Who did Wesley appoint as bishop in 1784?
10022	What church is located at the corner of 4th and New Streets in Philadelphia?
10023	What is the oldest Methodist church in continuous use in the United States?
10024	When was the congregation at St. George's founded?
10025	Where did the congregation at St. George's initially meet in 1767?
10026	When was the Methodist Episcopal Church founded?
10030	When did the Methodist Protestant Church split from the Methodist Episcopal Church?
10031	Why did the Methodist Protestant Church split from the Methodist Episcopal Church?
10032	When did the General Conference of the Methodist Episcopal Church split into two conferences?
10033	Why did the General Conference of the Methodist Episcopal Church split into two conferences?
10034	When was the United Methodist Church created?
10035	Where did two leaders join hands and "give birth" to a new denomination?
10036	Who was one man who joined hands and said "Lord of the Church, we are united in Thee...?"
10040	Why was Wesley compelled to break with standard practice and ordain two of his lay preachers as presbyters?
10041	Who assisted Wesley with ordaining Whatcoat and Vasey as presbyters?
10042	Who were the two lay preachers that Wesley ordained as presbyters?
10043	When was the UMC formed?
10044	Who were two of the founders of the United Methodist Church?
10045	In 1968, who led the team which systematized denominational doctrine?
10046	Who is largely considered the first United Methodist theologian?
10047	What is the grace that "goes before us?"
10051	What is the grace that we receive by faith and trust in God?
10052	What cancels our guilt and empowers us to resist the power of sin and to fully love God and neighbor?
10053	What is justifying grace also known as today?
10056	What is Sanctifying Grace?
10057	What is that grace of God which sustains the believers in the journey towards Christian Perfection?
10058	What is Christian Perfection?
10059	What is a genuine love of God with heart, soul and mind?
10060	What has been characterized as Arminian theology with an emphasis on the work of the Holy Spirit?
10061	What is seeing the Holy Bible as the primary authority in the Church?
10062	Today, which church is generally considered one of the more moderate and tolerant denominations?
10063	What states that United Methodist theology is at once "catholic, evangelical and reformed?"
10066	The UMC was a founding member of what coalition?
10069	The church holds that they are equally bound to respect the sacredness of the life and well-being of whom?
10070	What is the taskforce that was organized to identify with the pro-life position?
10073	Historically, which movement has the Methodist Church supported?
10075	What was the name of Wesley's famous sermon in which he warned against the dangers of drinking?
10076	What does the United Methodist Church use in the sacrament of the Holy Communion?
10081	The UMC prohibits the celebration of what type of unions?
10082	In what year was the trial of Rev. Jimmy Creech?
10087	In what year was Rose Mary Denman defrocked for openly living with a same-sex partner?
10088	In what year was Irene Elizabeth Stroud convicted in a church trial?
10090	What does the UMC oppose as incompatible with the teaching of Scripture?
10091	The church states that, as Christians, they are aware that neither the way of what is righteous before God?"
10092	The Church supports those persons who conscientiously oppose what?
10095	What does the UMC endorse under strict and effective international control?
10107	Healing services involve the laying on of hands and what else?
10108	What may be named after a biblical figure?
10109	Who is the founder of the Salvation Army?
10110	Who is Methodism's revered founder?
10112	What is the only organization which may speak officially for the church?
10113	What book is revised after every General Conference?
10114	What is the highest level of the UMC?
10118	What is the main purpose of the jurisdictions and central conferences?
10119	Who are the chief administrators of the church?
10120	What consist of one ore more Annual Conferences?
10125	Where is the George W. Bush Presidential library?
10127	What is the highest court in the United Methodist denomination?
10128	How long is the term of a Judicial Council member?
10160	What is a local pastor's official title?
10161	Who has the authority of a pastor only within the context and during the time of the appointment?
10165	How to Baptized Members become Professing Members?
10171	Local church and certified  are two types of what?
10172	How can someone be recognized as local church lay servant?
10173	How often must local lay servant reapply?
10181	At the time of its formation, how many members did the UMC have?
10182	At the time of its formation, how many congregations did the UMC have?
10183	In 2005, approximately how many members were in the UMC?
10184	In 2005, approximately how many congregations were in the UMC?
10191	When did delegates to the World Methodist Council vote to adopt the joint Declaration on the Doctrine of Justification?"
10192	When was the French and Indian War?
10193	Who fought in the French and Indian war?
10218	What was first battle in 1754?
10221	Where did French fur trappers travel?
10222	What was the ratio of British settler to French?
10231	What tribes supported British?
10232	What was Frensh military presence at start of war?
10235	What was extent of Celeron's expedition?
10236	Who was on Celeron's expedition?
10237	How did Celeron handle business on trip?
10238	How did Natives in Logstown take Celeron's information?
10239	Where did Old Briton call home?
10242	How did Celeron feel about Native relations?
10244	How did William Shirley feel about French advancement?
10245	When did British government give land for development of Ohio Country?
10246	Who was given land by British goovernment for development of Ohio Country?
10247	Who explored Ohio territory in 1750?
10273	How did Saint-Pierre respond to Washington?
10274	Why did French feel they had right to Ohio claim?
10276	When did British begin to build fort under William Trent?
10278	Upon learning of a French scounting party in the area, what did Washington do?
10279	What were casualties of battle?
10280	Why was Tanaghrisson supporting British efforts?
10281	What was the goal of Braddock's expedition?
10282	When did French learn about Braddock's plans?
10283	How did King Louis XV respond to British plans?
10284	What were British plans against French?
10285	What political response was convening in June/July 1754?
10286	What was the goal of congress?
10289	Who went to Fort Dusquesne in June 1755?
10315	What plans of the British did this attach on Oneida Carry set back?
10318	Where did Moncalm slip away to attack, left largely unprotected?
10319	What disagreement did Montcalm and Indians have?
10320	What was Loudoun's plans for 1757?
10321	What was the purpose of Loudoun's troops at Fort Henry?
10322	Who ordered Loudoun to attack Louisbourg?
10323	Given the strength of French forces at Louisbourg, what did Loudoun do?
10324	What troops attacked Fort William Henry in early 1757?
10325	On what lake did troops attack fort willima henry in winter?
10326	During withdrawal from Fort William Henry, what did some Indian allies of French do?
10329	Where was Montcalm focusing the defense for New France?
10330	What led to Newcastle's fall from power as military advisor?
10331	Who did Abercrombie replace as commander in chief?
10332	Pitt's plan called for what attacks?
10334	How many Frenchman won Battle of Carillon?
10335	How many troops were defeated for British in BAttle of Carillon?
10336	What success did Abercrombie gain out of the defeat at Carillon?
10337	What impact did this loss have on Abercrombie?
10338	In 1758 what was duc de Choiseul's plan for focused military efforts?
10340	What naval battles did France lose in 1759?
10341	Who defeated Montcalm at Quebec?
10368	Who develped the theory of relativity?
10369	What has partical physics made to describe sub-atomic forces?
10370	What are the exchanged particles predicted by the standard Model?
10371	What is the strongest main interaction?
10372	What is the weakest main interaction?
10373	What are weak and electromatic forces expressions of?
10374	Who provided a philosophical discussion of force?
10375	What was the concept of force an integral part of?
10376	How many elements did Aristotle believe the terrestrial sphere to be made up of?
10379	When were the shortcomings of Aristotle's physics overcome?
10381	What did objects in forced motion contain according to the late Medieval idea that influence Aristotle?
10384	Whose First Law of Motion says that unless acted upon be forces, objects would continue to move at a constant velocity?
10385	What insight of Galileo was associated with constant velocity?
10386	Who proposed that innate intertial is the natural state of objects?
10387	What law connects relative velocities with inertia?
10388	What are the laws of physics of Galileo, in reference to objest in motion and rest?
10390	What path does a ball thrown up and down in a moving vehicle take when seen by an outside observer? 
10392	What applies to equally to constant velocity motion as it does to rest.
10393	What concept explains why objects continue in constant motion?
10395	Who explained that inertial reference frames equaled reference frames subject to constant acceleration?
10397	What was the basis mentioned for the develpment of the general theory of relativity?
10398	What describes the proportionality of acceleration to force and mass?
10402	In Newton's second law, what are the units of mass and force in relation to microscales?
10403	When forces are from the presence of differnet objects, what law gives symmetry?
10405	What kind of force does not exist under Newton's third law?
10406	What is the equality of forces between two objects exerting force on each other??
10407	What experiences acceleration when external force is applied to a system?
10437	Who expounded the Three Laws of Motion?
10440	Who had the idea of a natural state for objects at rest?
10441	Where will a canonball dropped from the crow's nest of a ship land according to Aristotle?
10442	Where does a canonball dropped from the crow's nest of a ship actually land?
10443	What occurs when traveling across a surface at a constant velocity with regard to friction?
10445	What has to accounted for that causes no net force being the cause of constant velocity motion?
10449	How are the forces derived from fields treated similarly to?
10454	What value does the seperating into fermions and bosons depend?
10455	If the apparant force of two fermions is attractive, what is the spin function?
10456	If the apparant force of two fermions is repulsive, what is the spin function?
10457	How are the particle forces and accelerations explained as by gauge bosons exchange?
10458	What is the redundant concept coming from momentum conservation?
10459	What is more fundamental than force in quanton field theory?
10460	What diagrams are used to simplify particle interactions on a fundamental level?
10463	What nuclear forces only act at short distances?
10465	What do gravitational forces act between?
10466	What prohibits atoms from passing through each other?
10467	Who formed the universal theory of gravitation?
10468	In what century was quantum mechanics made? 
10488	Who first showed that Newton's Theory of Gravity was not as correct as another theory?
10489	What theory best explains gravity?
10493	What is  the time rate of change of electric charge?
10494	What magnetic and electric force acts on a charge?
10495	What is the law named that defines a charge moving through a magnetic field?
10497	Who first fully explained the origins of magnetic and electric fields?
10502	What was dificult to reconcile the photoelectric effect and the missing ultraviolet catastrophe?
10505	What are the wave-particles called that mediate all electromagnetic phenomena?
10506	What is QED short for?
10508	What actually causes rigidity in matter?
10512	What actually causes rigidity in matter?
10516	What can be seen between hadrons?
10517	What is the force between nucleons?
10518	How are nuclear forces transmitted?
10519	What is the term for the lack of obsevable free quarks?
10520	What does the W and Z boson exchange create?
10521	What is the observable effect of W and Z boson exchange?
10524	At what temperature do weak and electromagnetic forces appear the same?
10527	What causes Pauli repulsion?
10529	What can be used to model tension forces?
10531	In what way do idea strings transmit tesion forces?
10534	What did Newton's mechanics affect?
10536	In what kind of fluid are pressure differences caused by direction of forces over gradients?
10566	What is the kilogram-force sometimes reffered to as?
10568	What seldom used term of a unit of force equal to 1000 pound s of force?
10569	What is the seldom used force unit equal to one thousand newtons?
