0	Were Scott Derrickson and Ed Wood of the same nationality?
1	What government position was held by the woman who portrayed Corliss Archer in the film Kiss and Tell?
2	What science fantasy young adult series, told in first person, has a set of companion books narrating the stories of enslaved worlds and alien species?
14	The football manager who recruited David Beckham managed Manchester United during what timeframe?
15	Brown State Fishing Lake is in a country that has a population of how many inhabitants ?
17	Are Giuseppe Verdi and Ambroise Thomas both Opera composers ?
18	Roger O. Egeberg was Assistant Secretary for Health and Scientific Affairs during the administration of a president that served during what years?
19	Which writer was from England, Henry Roth or Robert Erskine Childers?
21	This singer of A Rather Blustery Day also voiced what hedgehog?
22	Aside from the Apple Remote, what other device can control the program Apple Remote was originally designed to interact with?
25	Who was the writer of These Boots Are Made for Walkin' and who died in 2007?
26	The 2011–12 VCU Rams men's basketball team, led by third year head coach Shaka Smart, represented Virginia Commonwealth University which was founded in what year?
27	Are both Dictyosperma, and Huernia described as a genus?
32	Which  French ace pilot and adventurer fly L'Oiseau Blanc
35	Alexander Kerensky was defeated and destroyed by the Bolsheviks in the course of a civil war that ended when ?
36	Seven Brief Lessons on Physics was written by an Italian physicist that has worked in France since what year?
37	The Livesey Hal War Memorial commemorates the fallen of which war, that had over 60 million casualties?
38	Are both Elko Regional Airport and Gerald R. Ford International Airport located in Michigan?
39	Ralph Hefferline was a psychology professor at a university that is located in what city?
40	Which dog's ancestors include Gordon and Irish Setters: the Manchester Terrier or the Scotch Collie?
43	The battle in which Giuseppe Arimondi lost his life secured what for Ethiopia?
45	A medieval fortress in Dirleton, East Lothian, Scotland borders on the south side of what coastal area?
47	What type of forum did a former Soviet statesman initiate?
48	Are Ferocactus and Silene both types of plant?
52	What race track in the midwest hosts a 500 mile race eavery May?
59	Are both Cypress and Ajuga genera?
61	What is the name of the executive producer of the film that has a score composed by Jerry Goldsmith?
65	What WB supernatrual drama series was Jawbreaker star Rose Mcgowan best known for being in?
70	Which of Tara Strong major voice role in animated series is an American animated television series based on the DC Comics fictional superhero team, the "Teen Titans"?
71	What is the inhabitant of the city where  122nd SS-Standarte was formed in2014
72	What color clothing do people of the Netherlands wear during Oranjegekte or to celebrate the national holiday Koningsdag?
78	What nationality were social anthropologists Alfred Gell and Edmund Leach?
79	In which year was the King who made the 1925 Birthday Honours born?
80	What is the county seat of the county where East Lempster, New Hampshire is located?
82	Rostker v. Goldberg held that the practice of what way of filling armed forces vacancies was consitutional?
87	Where are Teide National Park and Garajonay National Park located?
93	Do the drinks Gibson and Zurracapote both contain gin?
99	Are Yingkou and Fuding the same level of city?
100	Where did the descendants of the group of black Indians associated with the Seminole people settle?
104	Since 2 June 2017, The Leader of Fine Gael had been held by which Irish Fine Gael politician who has served as Taoiseach and Minister for Defence?
106	hree Men on a Horse is a play by a playwright born in which year ?
107	What type of activity does Owner earnings and Warren Buffett have in common?
114	Which component of shellite has the formula (ON)CHOH?
117	What other political position did the person who introduced the DISCLOSE Act hold?
119	Are Daryl Hall and Gerry Marsden both musicians?
127	When was the palace founded at which Columba de Dunbar died in 1435?
128	Where is the Bubblegum Alley, that is similar to Gum Wall, located in California?
129	At what venue was the January 2, 2012 game featured the University of Louisville team?
134	This American crime film set in South Los Angeles was written and directed by the same director and writer of screenwriter of "Street Kings", "End of Watch", "Sabotage", "Fury" and what other film?
137	During Siege of Bharatpur, which Commander-in-Chief of Ireland and Commander-in-Chief of India contributed to the storming of the castle?
138	For what type of work is the production company for The Year Without a Santa Claus best known?
140	The author of Sexual Politics attended which British University?
147	What is the name of the Isles who were led by Aonghus Mór and covered a total land area of over 8300 km2?
152	The lamp used in many lighthouses is similiar to this type of lamp patented in 1780 by Aimé Argand?
153	The songs from the sountrack to "When Harry Met Sally" are performed by a singer that has had how many top 20 US albums?
154	Are Broughtonia and Laeliocattleya both orchids?
155	Where was the world cup hosted that Algeria qualified for the first time into the round of 16?
156	Which was fought earlier in our nation's history, the Seven Days Battles or the Battle of Manila?
169	This Celtic ruler who was born in AD 43 ruled southeastern Britain prior to conquest by which empire?
172	The Memphis Hustle are based in a suburb of a city with a population of what in 2010?
179	What country does Hatton Hill and Hatton Castle, Angus have in common?
186	Who were the directors of the 2009 American science fiction film starring the actor who played Dexter Morgan in the Showtime TV Network series "Dexter"?
189	Tefik Selim Mborja was a part of a party that held power in Albania until what year?
193	In which city are the headquarters of the American research and scientific development company where Ravi Sethi worked as computer scientist located?
194	What is the full name of the viral respiratory disease in which Yi Guan's research helped to prevent the outbreak of?
204	Which actor does American Beauty and American Beauty have in common?
214	Who was born first, Arthur Conan Doyle or Penelope Lively?
220	Which Netflix series "Unbreakable" character is Elizabeth Claire Kemper known for playing?
221	Which television series featured an actor who also performed in "The Young Ones"?
222	Are both Dafeng District and Dazhou located in the same province?
223	In what century did this Native warrior and chief, whose brother Tenskwatawa led the Tippecanoe order of battle, become the primary leader of a large, multi tribal confederacy?
225	What is the name of the ethnic group who settled in Canada in the 17th century that participated in a conflict with Irish Catholic immigrants in the Shiners' War?
227	How long is the bridge in the Öresund Region that connect Copenhagen, Denmark and Malmo, Sweden?
229	Is the Marsilea or the Brabejum the genus of more individual species of plants?
231	What material did a hairdresser from Yorkshire, England invent that was named by his granddaughter?
235	The Kansas City Wizards have had three home venues in Kansas City in their time.  Which was their first?
236	Henry Hall is known for fighting in the Revolutionary War, and for being the first to successfully cultivate this food found in what type of bogs?
237	A scam involving a male calling small town fast-food restaurants and pretending to be a police officer to have them strip search employees was turned into a movie of what name?
238	What airport serviced by American Airlines Shuttle, is also the largest airport in the New England region and 17th busiest in the U.S?
239	Which genus has more species, Xanthoceras or Ehretia?
241	What american actress/singer born in 1956 recorded the song Something there for beauty and the beast?
244	What class of instrument does Apatim Majumdar play?
248	Which author has won more Pulitzer Prizes, Thomas Friedman or Henri Bergson?
251	What is Opry Mills in Nashville, Tennessee?
255	James Fieser received his B.A. from what liberal arts work college that was founded in 1855?
256	What year did Roy Rogers and his third wife star in a film directed by Frank McDonald?
257	 The name "Mountbatten-Windsor" applies to male-line descendants of the Queen without royal styles and titles which is a Eurpean dynasty resulting in what family?
258	Who is known for producing the documentary television series based on the book by science historian James Burke?
259	which is larger Asante Traditional Buildings or Gulangyu?
260	Armageddon in Retrospect was written by the author who was best known for what 1969 satire novel?
261	Patrick Kennedy is known for his collections of Irish  folktales from a province situated in which part of Ireland ?
263	Which character does this protagonist, who secretly loves and marries a member of the rival house, of William Shakespeare's tragedy that has a fictional character Benvolio slay?
265	What, known as AAS, is commonly used in bodybuilding?
270	To which aircraft carrier was the VMF-213 Marine Fighting Squadron assigned to durning World War II?
271	Can Stenocereus and Pachypodium both include tree like plants?
272	What movie did Pitof direct which had an action-adventure tie-in video game based off of it in 2004?
277	In what city was the Italian Baroque composer who composed a set of sonatas, titled Op. 5, born?
284	I'd Come for You is a single by the band formed in what Alberta city?
288	In what 1997 American mystery crime film did Johnny Galecki start in?
291	What is the population of the town at the intersection of Interstate Highways 77 and  the longest Interstate highway within the borders of Virginia?
293	What was the position of Jean Baptiste Androuet du Cerceau under the man who was King of the Polish-Lithuanian Commonwealth from 1573 to 1575?
297	What officially ended the first phase of the military conflict between the British Raj and the Emirate of Afghanistan from 1878 to 1880?
298	The mass killing that took place at Oakland, California on April 2, 2012 was less deadly than the one that took place on October 1, 2015 in which state?
301	What is the uppermost age range for the sort of fiction written by Alexander Gordon Smith?
302	What is the birthday of the actress who was the Duchess in "The Revengers Tragedy"?
305	The 1984 film "Marlene" is a documentary about an actress born in what year?
306	Which former mill town is near Rivington Hall Barn?
307	What prolific English engineer, who died on 15 December 1857, contributed to the advent of the hot air engine by way of their open cycle devices?
308	Which dog is considered a giant dog breed, the  Leonberger or the Basset Hound?
316	The northern English anglian Kingdom in the Humber estuary spoke what dialect of english?
322	Rock Springs is a collection of short stories by an author born in what year?
324	This work of literature _______ , known by its Greek title Oedipus Tyrannus was argued by Sigmund Freud to be one of the greatest works of world literature in his 1928 article.
327	What studio album did Kanye West record with Roc-A-Fella Records and soul singer Dwele?
329	The city that contains the Yunnan Provincial Museum is also known by what nickname?
333	What Danish eurodance group had a single called "Barbie Girl" which resulted in a lawsuit in 2002?
337	Did Franki Valli sing with Hellogoodbye or The Four Seasons?
341	What 2017 Christopher B. Landon directed American slasher film is Jessica Rothe starring in?
342	Who was the president of the Sinn Fein political party during the Hume-Adams Dialogue?
343	Which of these battles occurred earlier--the Battle of Peleliu or the Battle of Belleau Wood?
346	What was the name of the 19th century foundry which was located in a village directly across the Hudson River from Westpoint in Putnam County, New York?
347	What fictional character created by Tom Clancy was turned into a film in 2002?
348	Wheat salad is composed typically of what red fruit?
351	Which playwright lived a longer life, Edward Albee or J. M. Barrie?
352	Are both Rutgers University and Carnegie Mellon University located in America?
355	Are Phlebodium and Pieris both species of ferns?
358	What city did the characters from Gargoyles the Movie: The Heroes Awaken wake up in after being in an enchantedly petrified state for a thousand years?
360	The Waterloo Vase has been used as a garden ornament at whose residence and administrative headquarters?
362	The 37th Disney animated feature film Tarzan features You'll be in my heart by which artist?
369	Erica Packer was the second wife of what Australian businessman?
373	which is traditionally drunk before retiring to bed, Hot toddy or Kir?
377	Jens Risom introduced what type of design, characterized by minimalism and functionality?
379	What criteria subjectively qualifies the Houston Astrodome to be called the Eighth Wonder of the World?
380	Who was born first, José Echegaray y Eizaguirre or P. J. O'Rourke?
384	Which American writer wrote both The Ganymede Takeover (1967) and The Man in the High Castle (1962)?
385	Curt Menefee is the host of the Fox network's NFL show with co-host Michael Anthony Strahan who spent his entire 15-year career with what team?
388	The man, who the award in which "Summer of the Monkeys" won, was a spokesman for white sector of America?
393	In which county is the English king Harold Godwinson buried?
398	Snowdrop is a proprietary game engine first revealed with an online-only action role-playing video game developed by who?
402	American Blues included the drummer from which American rock band?
404	The Jeep Cherokee was originally sold as a variant of a Jeep model produced during what years?
407	which writer has the highest number of skill  Langston Hughes or  Ian McEwan
410	Which has the larger population, Shanghai or Hanggin Rear Banner?
419	What is the 2010 population of the city 2.1 miles southwest of Marietta Air Force Station?
426	Which musical fantasy film is older, Bedknobs and Broomsticks or The Muppet Christmas Carol?
427	Which river system in Chilhowie, Virginia was the starting place for most Longhunters?
428	What party does the House of Commons representative for Congleton belong to?
431	Were both the Battle of Stones River and the Battle of the Ch'ongch'on River fought in the 19th century?
438	Rejuvelac is kind of grain water invented and promoted by a "holistic health" practitioner born in which year ?
440	Ronald Reagan and George H. W. Bush both held which position in office?
442	What book provided the foundation for Masters and Johnson's research team?
449	Chimaja Appawas the younger brother of a general of the Maratha Empire in India, who served as what to the fifth Maratha Chhatrapati Shahu from 1720 until his death?
451	The 1st Virginia Regiment saw action at a battle that led to the departure of what Royal Governor?
455	What shallow water table aquifer is located near the county seat of Keith County, Nebraska?
456	Who was born first Mahbub ul Haq or Ibn Arabi?
457	What does the goddess associated with the goddess frigg  consists of what tales?
458	What competition held in Kathmandu, Nepal did Julian Bolling compete in 1984?
460	 William Cammisano was part of which Mafia family?
462	When did the game which held three times in  in East Asia first held
463	Blinding Edge Pictures produced which 2000 film starring Bruce Willis?
464	What kind of dinosaur does Raymond Ochoa voice in the Pixar film "The Good Dinosaur"?
466	How are elephants connected to Gajabrishta?
467	Which battle occurred first, the Battle of Manila or the Battle of Guam?
475	Which American cable news and talk radio host was the former GOP representative
482	How did Emilie du Chatelet, Voltaire's love, contribute to the basic laws of physics?
484	The Detroit mayoral elections of 2009 took place to fill the vacancy created by a politician who was sentenced to what?
488	What produces the hormone that promotes sodium retention in the distal nephron?
494	In which year did this division, where Cleveland Browns placed fourth in 2009, adopt its current name?
497	What edition of tennis' US Open was the 2017 US Open when Petra Kvitova was a quarterfinalist?
498	Walt Zeboski photographed which 40th President during his campaign in 1980?
502	What was the largest passenger capacity of the plane type used for BOAC Flight 911 ?
503	What is the birthday of this Anglo-Irish actress, courtean, and mistress, who was the mother to the illegitimate daughter of King William IV?
506	Is Gasherbrum II or Nuptse closest to the tallest mountain in the world?
512	The Argentine National Anthem was adopted 3 years after which event that led to the removal of Viceroy Baltasar Hildalgo de Cisneros?
515	What city did the Freebooters F.C. soccer team lose in that is now known as Croke Park?
517	Which avant-garde Japanese composer studied with John Cage and wrote Music for Electric Metronomes?
519	James Spedding was chiefly known as the editor of the works of an author who served both as Attorney General and as what?
520	Which movie directed by James Gunn portrayed the fictional character, Ego the Living Planet?
521	The Government of Canada, which is the federal administration of Canada, is involved in what scandal in the province of Quebec?
522	who had to escape nazis, Sigmund Freud or Evelyn Waugh?
523	Conrad Anker located the body of a mountaineer who took part it the first three British expeditions to which mountain?
524	José Saramago and Ivo Andrić were recipients of what award in Literature?
525	Are Chlidanthus and Maianthemum both flowering plants?
526	The Duke Steps Out stars an actress who was ranked tenth on a list of greatest female Hollywood stars in what year?
530	What took place first, The Korean War or The Western Allied invasion of Germany?
538	What is the date of birth of the English inventor that developed the Richard Hornsby & Sons oil engine?
545	The first book in the Sprawl Trilogy won what three awards?
556	Are the flowering plants Ecballium and Elatostema in the same family?
557	Are Ganzhou and Jimo District both located in China?
560	The Adoption and Safe Families Act and the Adoption 2002 Initiative were both instituted under which administration?
565	What are both James Hetfield and Bob Marley?
569	The Company They Keep is a book written by Diana Pavlac Glyer, who is a professor at a university in Azusa, California, that was founded in 1899, and is under the auspices of what religion?
574	Lorenzo Monaco was influenced by which Italian painter and architect?
579	The album "The Best of LeAnn Rimes" contained a song used as the theme song for a film. What is the name of the film?
581	Where was the author of Thoughts of Machiavelli born?
584	Which king of Northumbria did The "Historia" gives the abbot central place in his election as king
585	What foundation do scholars give for the likelihood of collaboration on a William Shakespeare Play written between 1588 and 1593?
586	Fantasy Records is know for recordings of comedian Lenny Bruce, Creedence Clearwater Revival, and what American jazz pianist who composed the music for the animated television adaptations of the "Peanuts" comic strip?
587	When was the date of birth of one of the founder of Congo Reform Association?
588	Which country borders the Central African Republic and is south of Libya and east of Niger?
589	Which piece did Ludwig van Beethoven publish in 1801 that was dedicated to Count Moritz von Fries?
591	Red Mountain is a film that centers on an attempt by a group of what group of Civil War rangers?
594	What type of engine powered both the Saab 36 and the Avro Vulcan?
600	The song Arizona was recorded by Paul Revere and Mark Lindsay but who wrote the song?
602	North American Aviation was the company that created what single-engined training aircraft?
603	"Black Maverick" is a biography of what American civil rights leader, fraternal organization leader, entrepreneur and surgeon?
609	Who was older, George Atzerodt or Andrew Johnson?
610	Are both Parodia and Thalictrum flowering plants?
611	Are Guildford Cathedral and St Paul's Cathedral both located in England?
613	Which author is an economist, Czesław Miłosz or Bhabananda Deka?
616	The term Moneybomb was coined by Trevor Lyman to describe a massive online donation drive on behalf of a presidential candidate that was the first chairman of what PAC?
618	Which North American tribe inhabited the banks of the Winnipesaukee River and were also known as the Pawtucket people?
621	What indigenous American ethnic group that inhabits land in the northern United States and southern Canada was part of the Treaty of Springwells?
624	Who was born first, Samantha Cristoforetti or Jean-Loup Chrétien
625	In what country was Cudjoe's leader born?
627	Flynn Rider is voiced by which American actor and singer born September 29, 1980?
630	Jin Jing is a Chinese female Paralympic fencer who called for a boycott of what retailer whose name means crossroads and public square in French?
631	What was the occupation of the man who published an individualist anarchist journal?
634	The Worst Journey in the World is a memoir written by which English explorer of Antarctica?
635	The Panel with striding lion  was one of many that lined the way north of the gate to the inner city of what location?
636	Which part of Scotland is this institute found where Alice König is a lecturer in Latin and Classical Studies?
643	 Sir Johnston Forbes-Robertson was considered the finest at playing a character who was the king of which country ?
644	Thomas Matthew "Tom" Chappell co-founded a commpany in 1970 that manufactures what products?
647	This art gallery is a museum was founded and built by the industrialist and philanthropist who briefly sat as a Liberal MP for Wirral and later, as Lord Leverhulme, in the House of Lords as a what?
652	What type of beliefs does Mount Ida and Rhea have in common?
660	Carl von Donop was a colonel of which German auxiliaries?
667	Who runs the website surpassed by both Baidu Baike and Hudong.com?
672	Angelo Francesco Lavignino scored a 1965 English-language Spanish-Swiss co-produced film that was directed by and also starred who?
673	In 2011 what was the population of the town where Deep Purple were formed ?
674	What three categories does income get levied under the Parliament of Australia's tax code?
675	Who commissioned the series of 12 monuments dedicated to the spirit of pioneer women along the Ocean-to-Ocean Highway?
677	Where was the armory at which Model 1840 flintlock musket was produced located?
679	Henry Roth and Lewis Mumford are both this nationality?
686	What was the proper name of the husband of Lollia Paullina?
697	The Luther seal was designed for the professor of theology of what nationalty at the behest of John Frederick of Saxony?
699	Which novelist wrote under the pen name Walter Ericson: Laura Esquivel or Howard Fast?
700	Emmett Brown rides in a sports car that features what type of doors?
701	Edmund Robert Harris is the principal benefactor of a museum located where ?
702	What was the location of the execution of Roger David Casement, the Irish Nationalist who made made efforts during World War I to gain German military aid for the 1916 Easter Rising that sought to gain Irish independence?
704	What date did the movement Hans Knirsch was an activist for officially gain traction?
706	Who did President Franklin Roosevelt appoint that was responsible to transmit votes of the Electoral College to Congress?
707	Which movie was released first, 'Mean Girls' or the remake of 'April Fool's Day'?
708	Which American singer and songwriter has a mezzo-soprano vocal range, Tim Armstrong or Tori Amos?
710	After David Stern retired from being commissioner of the NBA, this american lawyer and businessman succeed him and is now the current commissioner who is he?
711	How many people did the South Korean spree killer which NICS Improvement Amendments Act of 2007 enabaled to buy firearm killed in 2007
718	Albanians in Montenegro which make up 4.91 of the county's total population could be members of the Albanian Coalation Perspect which is a what?
723	Nathan Bridger was a character played by which actor and amateur boxer?
726	Which film was created more recently, Koyaanisqatsi or Mad Hot Ballroom?
727	Michael Pollock was was a senior officer in the United Kingdom's naval warfare force, also known as the what?
737	Young Sheldon, the tv series that follows the character Sheldon Cooper at the age of 9, is a spin-off from what prequel?
741	Boggle is a word game originally distributed by a toy and game manufacturer that published more than how many games?
744	St Dionis Backchurch was rebuilt after a major conflagration that consumed how many parish churches?
750	What profession does H. L. Mencken and Albert Camus have in common?
756	Bobby Godsell held a senior position in which global company that was formed in 2004?
759	Were Halldór Laxness and Timothy Leary from the same country?
762	What Japanese Auto Manufacturer headquarted in Minato, Tokyo, Japan did Nissan aquire controlling interest in?
764	Richford is a town in Franklin County Vermont governed by what kind of body?
765	Altnahinch is located in a county that has a population density of how many per square mile?
767	 Which movie did Disney produce first,  The Many Adventures of Winnie the Pooh or Ride a Wild Pony?
768	In what year was the Golden State NBA player, who was part of the Cavaliers-Warriors rivalry, named NBA Finals Most Valuable Player?
772	Which star in the movie Hush was born April 20, 1949?
774	Who is descended from William, 4th Lord Livingston and was a statesman from New York City?
777	Who played Selby Wall in the film that Charlize Theron won an Academy Award for?
779	Iola is a city along the Neosho River in a region of Kansas that can be defined by Woddson County in the northwest, and what county in the northeast?
784	What literary style describes the 1968 book that features a 1939 international Harvester school bus?
789	What is the name of the daughter of the Irish entertainer in the girl band Maxi, Dick and Twink?
790	Beena Sarwar is the editor of a peace initiative sponsored by a newpaper based in what city?
792	 What is the title of the memoir written by the honoree of the Black and White Ball?
796	 Pramod Bhasin was the former CEO of a company that provided what kind of services?
802	Max Hoffmann along with Hindenburg and Ludendorff, masterminded the devastating defeat of the Russian armies in a battle fought when ?
805	Lawerence Turman had produced a film, with a character named "Johnny 5" that had a follow up sequel released in what year?
806	What rank was higher than Karl Hermann Frank's rank until April 1942?
819	Haier has North American rights to which appliance company headquartered in Louisville, Kentucky?
823	Marvel Classics Comics specialized in adaptations of literary classics, such as a novel by American writer Herman Melville, that was published in what year?
826	Which reservation is located in Hill and Chouteau and named after the principal leader of the Montana Chippewa-Cree?
829	In what country was the actor Chris Hemsworth, one of the stars in the motion picture Thor: The Dark World, born?
831	Do the operas Vanessa and Le roi malgré lui contain that same number of acts?
834	The USS Tortuga was named after the Dry Tortugas, a group of desert coral islets 60 miles west of which city with the motto "One Human Family"?
835	Which documentary was created first, The Agronomist or American Scary?
838	The Bodie & Benton Railway was a narrow gauge common carrier railroad in California, from the Mono Mills to a terminus in a ghost town located how many miles away from Lake Tahoe ?
844	What song written by Jimmy Webb inspired the name of a supergroup including Johnny Cash?
845	What year was the author of Cock and Bull born?
846	What job did Newt Gingrich have prior to producing Nine Days that Changed the World?
856	The third emperor in the Year of the Four Emperors had how many wives?
859	The members of the von Trapp musical group are related to which woman who wrote "The Story of the Trapp Family Singers"?
870	Where was the host of Australia's Got Talent born?
874	The birthplace of George McCall Theal is a port city of what bay?
875	Whose native growing land is more south, Beech or Daviesia?
877	What theory was advanced by the author of Progress in Optics?
884	The creek of which Paradise Creek is a tributary is a tributary of what river?
885	What tribe was the Megaoryzomys curioi previously in that Nesoryzomys are also in?
889	What food does one of Daniel Greene's subjects' restaurant chain specialize in?
890	In which genus number of species are more, Lavatera or Oplismenus?
891	Who was born first, Ulf Merbold or Mirosław Hermaszewski?
903	What American composer born in 1937 pioneered minimal music?
907	What is the name of the father of Childericus?
916	Wing Chun starred Michelle Yeoh and a Hong Kong actor, martial artist, and film director who won what tournament multiple times?
920	What year did Christopher Nolan's magic-themed drama come out?
921	Who is older between the brothers that J. Todd Anderson has primarily worked with?
923	Are Pothos and Tibouchina Aubl both flowering genus of plants?
925	Which genus has more species, Bactris and Epigaea?
926	What was the code name of The landing barge primarily used to provide hot meals to the landing crew?
933	Who constructed Auburn the Antebellum mansion and was accused of the Manhattan Well Murder?
935	What was the name of the publisher who published "Finnegans Wake" in 1939 by James Joyce
936	What was the address of the penitentiary where Jimmy Elliot was sentenced?
938	In regards to Value premium an expert argued that no value premium exisits, what did this expert found?
946	What county in Minnesota holds a 202 lb slab of greywacke covered in runes?
952	What organization does Rosyth Dockyard and Queen Elizabeth-class aircraft carrier have in common?
955	Charlie McDermott plays Axl Heck on a tv show that premiered in what date?
956	What Dances with the Wolves star had a role in Powwow Highway?
958	Do Bloody Mary and Sidecar share any ingredients in common?
960	What type of auto racing, performed on clay or dirt surfaced oval tracks, is run for the Australian Street Stock Championship?
961	What year was the namesake of a small island in the Town of East Hampton born?
969	Which brand of canned cooked meat by Hormel Foods Corporation is used to make a popular snack and lunch food in Hawaii?
970	Which plant genus has a longer common name, Myrtus or Eustoma?
976	Are Peter Balakian and James Der Derian both teachers?
984	What is the name of Bruce Willis's character in Unbreakable?
985	How many degrees and minutes south of the equator are the bone fragments of the extinct Ascension night heron found?
995	Who is the author of the play that was adapted into a film and featured the orchestral arrangement Suite from Henry V?
996	Which type of character is featured by the P.L. Travers's third book and last novel in the "Mary Poppins" series?
1002	What award did the writer of Never Let Me Go novel win in 1989?
1003	The Cineplex Odeon Theatres are now operated as which American movie theater chain majority-owned by Chinese conglomerate Dalian Wanda Group?
1004	Who was involved in the arrest of Dread Pirate Roberts?
1010	Are Parents and Madame Figaro published in the same country?
1012	Which battle lasted longer, Battle of Hürtgen Forest or Battle of Pusan Perimeter?
1013	Which novelist was German, David Guterson or Thomas Mann?
1016	About whose assassination is the French novel HHhH based?
1018	What British novelist born in November 1898 wrote Surprised by Joy: The Shape of My Early Life?
1019	Are both Aloinopsis and Eriogonum ice plants?
1020	The "New York Times" bestselling book "The 50th Law" contains lessons and anecdotes from this historical figure who was a classical Greek (Athenian) philosopher who is known mainly through the writings of which philosopher?
1022	What is the name of the film directed by Alex Cox  adapted from a 1606 play starring Diana Quick as the Dutchess?
1032	Which canal is located further North, Beaver and Erie Canal or the Dismal Swamp Canal?
1038	Which Sudanese-born Australian professional basketball player for the Milwaukee Bucks exemplifies that players do not have to play at least a year in college basketball before being drafted into the NBA?
1039	What is the English translation of the social group which Baran Khan Kudezai was a part of?
1043	The House of Hanover held the British throne until after Victoria's death, when it was past to the dynasty that ruled which duchy?
1044	The documentary about the first direct challenge to teaching intelligent design first aired on what station?
1045	Who was the first Russian composer to make a lasting impression internationally, Alessandro Scarlatti or Pyotr Ilyich Tchaikovsky?
1046	Heinrich Scholz was a peer of what English computer scientist, mathematician, logician, cryptanalyst, philosopher and theoretical biologist?
1048	What is the year of the event which orrurred first, Beecher's Handmade Cheese was founded, or Pike Place Market opened?
1049	Rossiya Airlines in located in the largest what on earth?
1051	Are both "Cooking Light" and "Vibe" magazines?
1052	what did the second largest city by population in vietnam also serve as in the first indochina war?
1054	Cistus and Stapelianthus are both forms of what?
1055	The physicist who is responsible for identifying the Rabi cycle won what award?
1057	What was the island, on which Marinelli Glacier is located, formerly known as?
1059	Vivian Pinn taught at which college founded in Massachusetts in 1852?
1060	The Kellock-Taschereau Commission was appointed by a prime minister who served how long in office?
1061	Howard Van Doren Shaw was the designer of which 1917 Progressive Era community?
1069	What kind of species on the Indonesian island of java might participate in a Rampokan.
1071	Which American film director is an advisor for Disney, Rick Ray or John Lasseter?
1074	What created the terrirtories of Kansas and Nebraska and was combated by the The Republican Party?
1075	Van Andel Institute was founded in part by what American businessman, who was best known as co-founder of the Amway Corporation?
1081	Which of the three worst hotel fires in modern US History occurred most recently?
1082	What forim is Nicholas Dante most famous for writing in, musical, such as "A Chorus Line", or epic verse like "Inferno"?
1083	What is the current position held by the Nathan Sharansky's co-author of the book The Case for Democracy?
1091	"Big for Your Boots" is a song by an English grime and hip hop artist whose most  successful song to date is what?
1092	Do Czesław Miłosz and Nathalie Sarraute have the same nationality?
1103	Thor Equities owns properties in Soho, which became known for what type of rental properties?
1104	What occupation is shared by both Marge Piercy and Richard Aldington?
1106	Which Captain launched the attack which led to more casualties than any other incident in the war fought between the settlers of the nascent colony of New Netherland and the native Lenape population?
1108	What is in both the Lithocarpus and Duranta species?
1111	What was the last date the creator of  the NOI was seen by Elijah Muhammad?
1115	Which is larger, Garajonay National Park or Guadarrama National Park?
1121	What did the second First Lady to be born outside the United States or areas that would become part of the United States do before marrying?
1122	The Fast On-orbit Rapid Recording of Transient Events (FORTE) was co-developed and launched by this lab located a short distance northwest of Santa Fe, New Mexico that was involved with which nuclear weapon program during World War II?
1125	The Little Missouri River rises west of a laccolithic butte that stands how many feet from summit to base?
1127	Who was born first Al-Karaji or Masatoshi Gündüz Ikeda?
1140	The Transylvanian Hound and Jack Russell Terrier were originally bred for what activity?
1141	Who directed and wrote the 2016 film featuring the voice of Townsend Coleman?
1143	which Mexican and American film actress is Ethel Houbiers  French voice of
1144	The 1989 Batman film was produced by Jon Peters and a man that is the CEO of what company?
1145	What memorial park located at John J. Pershing Drive in North Omaha has, among other amenities, a baseball park?
1150	In recent decades American schools have included much more on ncient times tens of thousands of years ago with the settlement of the Americas by who?
1156	The William Ulmer Brewery is located in a neighborhood that is policed by who?
1159	Anna Lewandowska is married to a footballer who plays for what club?
1162	 The Nantahala National Forest and the Croatan National Forest are both located in which state?
1167	National Firearms Agreement was in response to the Port Arthur massacre that killed how many people?
1169	 Ravi Khote:has included his music in which 2003 Indian drama?
1180	When was the American patriot Hamilton, New York Wass named after born?
1185	What is the name of this New York based American investment management firm founded in 1982, whose co-CEO is Robert Mercer?
1187	What language was spoken by the Native American people whose principal town was Anhaica?
1189	Of the two men who ousted Mussolini which one was born in 1871?
1192	Which canal began operating first, the Carondelet Canal or the Miami and Erie Canal?
1194	 Jaroslav Seifert and John McGahern were both part of what shared profession?
1195	What uprising did Sean Heuston take part in and executed at Kilmainham Gaol for?
1197	Liaocheng and Shayang County are both located in which country?
1198	How many times has the author of Negotiating with the Dead been shortlisted for the Booker Prize ?
1202	What actress starred in "The Golden Girls" and was an animal rights activist?
1203	What was the formal name of the building that housed the scene that formed the band Hjertestop?
1205	 The Soul of Buddha is a 1918 American silent romance film shot in a borough  that is the western terminus of what?
1207	In which part of Attica was the battle of Marathon in 490 BC fought?
1212	Were the documentaries  One Big Hapa Family and A Film Unfinished directed by the same person?
1215	In what year was the mathematician husband of Anneli Cahn Lax born?
1219	Are Kalenderhane Mosque and Galata Bridge both located in Istanbul?
1220	What album did John Lennon release before the one that contained the song "How?"
1221	Brigadier Stanley James Ledger Hill was attached to the command post of which senior British Army officer born on July 10, 1886?
1223	Which animated film was released first, The Country Bears or The Wild?
1226	John Stoltenberg is the managing editor of the magazine that focuses on what?
1228	Is Karjiang a mountain and Sherpi Kangri a mountain peak?
1230	Which one the cast members in the film Only Lovers Left Alive also played in Othello?
1233	Chapter 27 is a 2007 film depicting the murder of John Lennon by someone who remained at the crime scene after the murder reading what novel?
1234	When was the father of Princess Mafalda of Savoy born ?
1237	Which film was released more recently, Make Mine Music or Old Dogs?
1240	Maggie May is a musical based on a folk song about a prostitute who robbed whom?
1241	The R241 road is in a county in what Republic?
1243	Which rivers have their confluence at the city Shelly Hruska is from?
1247	Astro Boy and The Secret of Kells share which genre of film?
1249	What sport is played by both Justin Gimelstob and Angelique Kerber?
1253	Which Roman Emperor was grandfather to the children of Mark Antony?
1256	Which member of the research project conducted by the Creation Research Society and the Institute for Creation Research between 1997 and 2005 was Kevin R. Henke most critical of?
1257	Psycho-physical Awareness was developed into an original and dependable method by a Russian-American actor who was referred to by Konstantin Stanislavski as what?
1259	The 1974 South African Grand Prix was a Formula One motor race held at a racing circuit located in which South African Province ?
1265	What is the name of the character portrayed by Anna Camp in the film centered on the fictional Barden University and The Bellas?
1266	British Airways and EasyJet are both based out of where?
1267	Where did the father of Edward Garrison Walker live when he wrote "An Appeal to the Coloured Citizens of the World"?
1268	Are Sutera and Rhodotypos both types of shrub?
1276	Multiple award-winning actor Gary Sinise appeared in The Stand in 1994 - a miniseries based on a novel and screenplay by which noted author?
1277	Is Carnegie Hall Tower located in the same city as Staten Island?
1278	Who lived longer, Leonid Khachiyan or Nikolai Lobachevsky?
1280	What movie included Robin Williams along with Joshua Aaron Charles, set in 1959 at a Vermont boarding school?
1283	How long is the tidal estuary in which Branford is a shoreline town?
1284	How many girls and boys are in the seventeen sibling family featured on Counting On?
1286	WSCV's transmitter is located near this stadium located in which suburb?
1290	What was the 2010 population of the town where Lake George Avenue Historic District is located?
1292	Were the board games, Clans and Drunter und Drüber, both created by Leo Colovini?
1293	Who is prime minister of this West African country that covers 36125km2?
1295	Kete Krachi is a town in what region?
1296	Which Prince of Bismarcks EMS dispatch incited France to declare the Franco-Prussian War in July 1870
1297	Tryon D. Lewis is a lawyer from Odessa, Texas which is located in what county?
1298	Mundo Perdido was influenced by an ancient Mesoamerican city located in a sub-valley of the Valley of Mexico, that is 40 km northeast of what modern day city?
1299	Which Disneyland attraction is Matterhorn Bobsleds roller coaster, an expanded version of
1305	Which US Supreme court case involved a waiver of right to counsel Planned Parenthood v. Casey or Montejo v. Louisiana?
1306	Are Greater Swiss Mountain Dog and Harrier both dog breeds?
1313	In regards to the 2015 animation film based on The True Meaning of Smekday, who produced a song that was sung by a Barbadian?
1316	What location is shared by both Great Neck School District and Saddle Rock Elementary School?
1318	Which tournament, organised by the Professional Darts Corporation, is planned to finish at the multi-purpose indoor arena located in the centre of The O2 entertainment complex on the Greenwich Peninsula in south-east London?
1319	Which city is the home of the character that might be based on John Capozzi?
1324	Toby Kebbell starred in a fantasy action film based on a video game series in 2016 notably set in teh world of what?
1326	What is the occupation of the father of the actor that plays Will Graham on teh series "Hannibal"?
1328	Double Jeopardy is a 1999 film starring an American political activist best known for an ongoing acting career spanning how long?
1332	Which member of The New Russian School was both a doctor and a chemist besides being a composer?
1334	The star of "Lady in a Cage" was born in what year?
1340	What's the name for the character also known as Holger Danske, from medieval French chansons de geste?
1341	Which dog breed has more derivative breeds from the original, German Spitz or Norfolk Spaniel?
1349	Substorm was described in qualitative terms by a scientist nominated for what seven times?
1350	Which channel produced the ninth volume of the tv series that premiered as the same date as RuPaul's first album?
1351	Are Black and New Found Glory from the same country?
1352	What county is Ron Teachworth from?
1353	Edithvale railway station is located on a line that is situated in what city?
1355	Which former Republican won the presidential nomination at the 2012 United States Libertarian National Convention?
1356	Ælfgifu of Exeter and Ælfgifu of Shaftesbury are both known for being what?
1357	Who is the patron saint of Europe and has a historical religions building in Castres, Languedoc, France named after him?
1358	What is the hometown of Duck Down Music artist and complex rapper Pharaohe Monch?
1359	Who is the mother of the princess who opened Middleton Grange Shopping Centre in 1970?
1365	Who was the husband of Kalanipauahi's niece?
1366	Who worked on the origins of Mickey Mouse and created Oswald the Lucky Rabbit?
1368	Giuseppe Tornatore, an italian film director and screenwriter, wrote and directed his film "The Best Offer" in what language?
1372	As the oldest player in the NFL, this football player is the only player ever to have accomplished what?
1373	The structure in Wyoming in which Bořeň is similar to has a summit that is how many feet above sea level?
1375	Where operation Operation Dragoon and Battle of Cold Harbor fought during to different wars?
1377	What German medium tank, sometimes called the "Mark V", that was deployed on the Eastern and Western fronts from mid-1943 provided the armor and suspension for the chassis of the tank destroyer built by Nazi Germany during World War II?
1380	Abraham Lincoln Neiman and his wife Carrie Marcus Neiman cofounded Neiman Marcus with Carrie's brother Herbert in which American city in 1907?
1381	Red Bend Catholic College contributes 800 students of the 7,560 population of what central west region of south Wales, Australia town?
1383	What type of profession does Chris Jericho and Gary Barlow have in common?
1394	Who was the producer of the 1994 American animated epic musical film which Mel Shaw animated?
1400	Arbie Orenstein is known as a scholar on the life of what composer internationally regarded as France's greatest living composer?
1404	Which division did people from the division Major General Robert Walker Grow commanded originally come from?
1405	Castle Hill is a plantation near what primary residence of Thomas Jefferson?
1412	What Mexican singer released the song Todos Me Miran?
1413	How many variants are there of the military transport aircraft that the Mercedes-Benz Zetros truck was designed to be compatible with?
1414	Forest Hill, Texas is a suburb of which fifth-largest city in the state?
1419	Richard Münch portrayed the German general who served in what capacity during WWII in the 1970 movie Patton?
1420	What is the size of the hydroelectric dam that will inundate part of Bui National Park?
1421	What is the name of the album released by a British heavy metal band in February of 1981 that contains a reference to a highway?
1422	North Blenheim, New York was destroyed by flooding caused by the Hurricane that landed in what month?
1425	One of the actors from the web series Red Bird is also known for what character in the popular television show Seinfeld?
1426	The founder of this Canadian owned, American manufacturer of business jets for civilian and military developed this portable tape system.
1427	Which magazine has more issues each month, In These Times or Multinational Monitor?
1428	Which American rock band was formed first, Soil or Drowning Pool?
1431	What English nursery rhyme which dates from 1731 appears on Teletubbies say "Eh-oh!"?
1437	Name the actor who has acted in the film Arrival and who has been nominated for the Academy Award for Best Supporting Actor for the film `The Town' ?
1439	Manchester, New Hampshire is a part of the Northeast megalopolis which included what other major cities?
1445	Which documentary Hacking Democracy or The Memory of Justice was produced first ?
1446	What is the happiest town Sarasota county Florida?
1451	James Fowle Baldwin helped design a historic railroad that operated in Massachusetts and whose line later operated as part of what?
1452	Which famous mine was in service first, the Salmita Mine or the Kanichee Mine?
1453	Which has more species Laurus or Liriodendron?
1454	What is the scientific name of the true creature featured in "Creature from the Black Lagoon?
1457	What is the name of the so-called reform opera for Vienna that came before the one first performed in Vienna in the presence of Empress Maria Theresa?
1459	are Tinto Brass and Baltasar Kormákur both from the same country ?
1460	Which of the seven Disney characters who had been given a series of their own, starring in cartoons who opened with their own logo  is a fictional character who first appeared in Disney's "Pinocchio"?
1461	What is the capacity of the stadium that hosts games of the team that was coached by Barry Switzer in 1981?
1462	What type of music did Dave Wyndorf and Poly Styrene perform as part of their work in Monster Magnet and X-Ray Spex?
1463	Maryland Jockey Club operates a race track in the largest municipality in which Maryland county?
1464	Which Star of British-Canadian-American satirical comedy, co starting with Ricky Gervais, began his career in sketch comedy series"Full Frontal" ?
1467	What actress portrayed Rachel Green on the sitcom "Friends" and starred in the movie "She's Funny That Way"?
1468	What team does the new manager who made considerable changes to the Celtic team for the 2010-11 season head coach for?
1469	In what season of the Simpson's does Lisa convert to Buddhism?
1471	Cordyline ruba grows from Bundaberg, Queensland to which northeastern city in New South Whales, Australia?
1473	Are Aladdin and Song of the South produced by the same company?
1474	What New York representative and politician was defeated by Alan Hevesi in 2002?
1475	Which of Darren Aronofsky's movies is based on a Russian ballet?
1479	Which company is based in Kentucky, Vocelli Pizza or Fazoli's?
1484	World for Ransom was directed by the producer notable for which 1974 film?
1485	Risingson is the first single from what album by Massive Attack, that was the first to be produced by Neil Davidge, along with the group?
1486	What publisher published Anthony Doerr's Pulitzer Prize fiction novel?
1491	Both Phaedranassa and Mitella are considered the classification of what level of species?
1493	Besides Jennifer Lawrence, Chris Pratt, Michael Sheen, and Laurence Fishburne, who else acted in the movie, "Passengers?"
1497	The evil clown is a subversion of the traditional comic clown character with the modern archetype popularised by a book that follows the experiences of how many children?
1512	What Province in Sicily, founded in the eighth century B.C., was the birthplace of the famous historical mathematician Archimedes?
1513	What magazine has been contributed to by the poet who created the album "The Nikki Giovanni Poetry Collection"?
1514	How many Sliver Slugger awards does the player who uses The Boss during his at-bat and also plays for the Yankees?
1515	The Pioneer Helmet and the Benty Grange helmet are linked because of which feature?
1517	In what administrative category are the cities of Beitun, Xinjiang and Wafangdian?
1518	What year did the sequel to a story that is told through a combination of narrative and vernacular photographs from the personal archives of collectors by Ransom Riggs come out?
1519	Who produced a song, written and performed by Paul McCartney and Michael Jackson, which was included on an album titled "Pipes of Peace"?
1520	Vestfold and Telemark each border what other Norwegian county?
1524	Which musician is from Europe, King Diamond or Bob Marley?
1528	who is older, Maria Sharapova or Chanda Rubin?
1530	When did the author of the book One More River is based on win the Nobel Prize?
1531	Margaret Clifford, Countess of Derby was the daughter the Earl who was seated at which castle from 1310 to 1676?
1532	Which author was born first, Josephine Tey or Julia Peterkin?
1533	Which president of Botswana did Naomi Jacobson immortalize as a statue?
1536	What technique does Cam Clarke and Akira have in common?
1538	How long did the state exist whose army ransacked and looted the city, Halebidu, twice in the 14th century ?
1540	What type of veterinary specialist is the star veterinarian of The Bionic Vet?
1541	Who was the head of the Imperial Family that was making an broadcast announcement of Japan's surrender in 1945?
1542	The city in which the Cloverdale Fairgrounds are located is a member municipality of which regional district?
1548	Are both Helen Dunmore and M. P. Shiel of West Indian descent?
1553	ICI House is now named after the company that provides what type of item?
1554	In relation to Rome, where was the city whose king was the father of Ocnus?
1556	Radio shack made a line of computers in the 1980's which was marketed as the TRS-80 Color Computer or the Interact Home Computer?
1558	The Battle of Cambrai took place during a series of offensives that ended on what date?
1561	What was the code name of the campaign where Joe Foss received a Medal of Honor?
1564	George Gershwin is an American Composer and Judith Weir is a composer from which country?
1565	At which university does the biographer of John Clare teach English Literature?
1567	What company did a man who hired Sioux Falls architect Wallace L. Dow to build a home in Worthing, Minnesota found?
1568	Which goalkeeper was nicknamed the "Black Spider", Turgay Şeren or Lev Yashin?
1569	When did the the Antonine who was known as the third of the five good emperors live?
1574	What is the name of the presidential memorial in Washington, D.C that connects to an artificial island?
1582	Are both Schweizerischer Niederlaufhund and Portuguese Podengo dog breeds from Portugal?
1583	The Italian surname Bellini is normally written after what names?
1584	What actor played the male lead in a teen comedy about a high school nerd directed by Steve Rash?
1586	What river has five waterfalls depicted on a state seal?
1588	Which University was founded earlier, Pennsylvania State University or Queen's University?
1589	Which canal is located farther east, Champlain Canal or Warren County Canal?
1592	Batthyany belongs to a Hungarian family with what Latin meaning?
1593	Chiang Chungcheng was involved involved in what battle in 1942?
1599	In the animal kingdom what type of sexuality is described as sexual behavior toward both male and females?
1600	Are Florida Atlantic University and Cleveland State University both colleges in the US?
1601	The wolf pack football team represented what university?
1604	What character played by Laurence Olivier in 1969 was an officer in the Royal Air Force
1605	Thomas Henry Moray Followed work down on nuclear batteries in 1912 by this English physicist?
1606	Did Minersville School District v. Gobitis and Gravel v. United States occur in the same decade?
1607	What is the first name of the woman who, like Tryphosa Bates-Batcheller, was criticised for being publicly tolerated as a singer due to her wealth, despite a lack of talent?
1614	The composer of the music for the ballet "The Seasons"  was the director of what organization from 1905 to 1928?
1618	What nationality was the noble house that employed Frntisek Rint to organize the human bones interred at the Sedlec Ossuary?
1621	What 1991 Disney film is also a 1946 French romantic fantasy film directed by French poet and filmmaker Jean Cocteau?
1623	Syracuse Orange men's basketball team was part of a conference that participated in how many total sports?
1624	How many seasons has a popular tv show had, in which one of the episodes is called Moho House?
1626	Simone de Beauvoir partnered with the person whose journal would be called what?
1627	Are San Antonio International Airport and Yakutat Airport in the same country?
1630	What type of coat coloration do Colorpoint Shorthairs and Siamese share?
1633	Phil Lloyd played Tim Mathieson, the partner of this prime minister who was the 27th Prime Minister of Australia from 2010 to when
1634	In what town is the office organization solutions company whose Canadian arm is Oxford headquartered?
1636	The Secret of Moonacre was directed by the founder of which animation studio?
1638	What athletic conference did the conference that the Colgate Raiders women's ice hockey team play in used to be affiliated with?
1640	Are the genera Gordonia and Osbeckia in the same family?
1641	Do Singapore Sling and Fish House Punch both contain alcohol?
1642	Which American film director and actor famous for his role as Donny "The Bear Jew" Donowitz wrote the 2012 film "The Man with the Iron Fists"?
1646	At what university is the organic chemist who headed the group that designed the nanocar a professor?
1647	What kind of act does Whaling in Australia and Right whale have in common?
1648	What was the rank of the leader of the army defeated by West Saxon forces?
1649	the first woman to be the chef de mission of an Australian Olympic team won gold medal in which winter Olympics ?
1650	Mundawar is a city 140km from which State capital of Rajasthan?
1651	The Swiss immigration referendum, February 2014 is an example of what, which was framed by bilateral treaties between Switzerland and the European Union?
1653	St. John's College, Belize offers an education in a tradition in which what three subjects were the core?
1656	Both the Pulandian District and Hailar District are located within which country?
1657	Which writer was ordained to priesthood, W. Somerset Maugham or Thomas Merton?
1659	Which runner-up from "American Idol" wrote country song "Next Boyfriend"?
1672	Which ground force of the Austro-Hungarian Dual Monarchy did Jan Romer joined
1673	Bridget Cromwell is the eldest daughter of an English military and political leader and later Lord Protector of what commonwealths?
1674	What did both Karel Bossart and Sergei Korolev design?
1675	The county that the community of Milltown, Montana is part of was founded in which year?
1676	Which genus has the most number of species, Myrsine or Styrax?
1685	Four presidents including the 26th president Theodore Roosevelt were featured in the 60ft sculpture in the granite face of Mount Rushmore which was sculpted by what sculptor?
1687	Piano Concerto No. 6 in D major, Hess 15 is an unfinished piano concerto by a composer who passed away in which year ?
1688	What's the NASDAQ ticker code for Spirit Airlines, based at Detroit Metro Airport among others and an ultra low cost carrier?
1691	Do the genuses Catopsis and Crataegus belong to the same family?
1692	In what town is Suffolk county hamlet that was served by the Suffolk Traction Company?
1696	The Governor of Santiago del Estero is a citizen of the province that is neighbored by which province on the north?
1697	What city was the capital of the Ostrogothic Kingdom and the birth place of Ornella Fiorentini?
1703	Paul Maynard became Rail Minister after the entrance of the Prime Minister who took office in what year?
1704	The location of the area where Fort Nisqually stood is in what Washington county?
1717	What day in November is Southpark most congested?
1724	The name od the Jason Hook album "Safety Dunce" is a play on the words of a song released in what year?
1725	Kasimir Bileski was a noted stamp dealer based in a Canadian province that is bordered by which 2 US states?
1726	What ranks does Jerry Kyd wear while captaining the largest warship ever built for the Royal Navy?
1731	In what corner of Missouri is radio station WMBH located?
1734	 The Alexander Dawson School is located in a community that occupies how many acres ?
1735	Douglas D. Scott is an American archaeologist most notable for his work at the site of a battle that occurred in what year?
1736	The General Survey Act was passed shortly after the Supreme Court decision that discussed what concept?
1738	Which of the following is known for his work "Good Bye Lenin!" in 2003: Vladimir Danilevich or Wolfgang Becker?
1745	Are both American Foxhound and Löwchen types of Foxhounds?
1754	Were H. G. Wells and Rubén Darío both English?
1756	The Porsche 968 was the last in a line of front-engined sports cars following the 944 and which earlier model?
1759	The Innocents is a 1961 gothic horror film that was based on a novella by Henry James published in what year?
1762	What is the birthday of the Earl of Merioneth?
1766	Eusebio Valli studied alongside a physician who was the pioneer of what field?
1767	Which community did Otto Gross join which includes the popular destination Monte Verita?
1778	What kind of novelists were both Robert Stone and Truman Capote?
1783	What did the main character in Unbroken do in the Olympics?
1787	Gary L. Bennett was a part of the space missions that have a primary destination of what celestial body?
1790	What creature of American folklore gained notoriety in 1964?
1791	Pandikona and Berger Blanc Suisse are both what kinds of animals?
1794	Are the Sleepers located north or south of the Kancamagus Highway?
1797	What film was the screen debut of the musician nicknamed "Lady Day"?
1801	What military formation were participated in by both Oscar W. Koch and General George Smith Patton Jr. ?
1802	Paul Keenan composes works from Anglo-Saxon texts such as the codex donated to the library of Exeter Cathedral by whom?
1803	What is the 2010 census population of the county where Wildcat Brook flows through Jackson?
1804	Which man, Ibn Tufail or Ali Qushji, is best known for the development of astronomical physics independent from natural philosophy?
1806	Which system of mountains in eastern North America is Hamburg Mountains a range region of
1807	What was the nickname of Anthony Corallo, boss to "Sal" Avellino and head of the Lucchese mob family mob in New York?
1808	Are Brainerd Lakes Regional Airport and Sawyer International Airport located in Europe?
1810	 Also known as the Great Action, what other name did this event go by?
1817	The star in a 1953 epic Metro-Goldwyn-Mayer film adaption of the play by Shakespeare had what occupation?
1824	What cartel drug lord with the reputation as "The King of Cocaine" partnered with Jack Carlton Reed to provide drugs to the United States in the 20th century?
1827	What type of games are both Castle Risk and Elfenland?
1828	Who was hung for assisting the attempted surrender of a defector from the American Continental Army to the British Army?
1830	What was the birth name of the ex-slave abolitionist featured in the art installation The Dinner Party?
1836	What country of origin does Jerry Barrett and Florence Nightingale have in common?
1837	Who was this American Founding Father, a proponent of democracy, republicanism, and individual rights, examined Ice Age fossils of Kentucky's Big Bone Lick?
1838	Who was the director of the 2007 American fantasy comedy film in which the actor best known for playing Michael Scott on the the American version of "The Office" starred?
1839	Which of the three main psychedelic compounds found in the Psilocybin genus mushroom are converted to psilocin by the body?
1840	Where did Henri Christophe and other slaves hold an uprising from 1791 to 1804 that led to the founding of a state which was both free from slavery and ruled by non-whites and former captives?
1852	What did Felix Salten originally title his most famous work?
1853	a cabinet-making firm was found which year, from Lancaster?
1858	Which fictional MI6 agent is a fictional character created by the British journalist and novelist Ian Fleming in 1952?
1863	Kenneth Arnold reported the first unidentified object sighting in what city and state in 1947?
1878	 Is it correct to state that Tetrapanax is an evergreen shrub as opposed to Hippophae which is a genus of sea buckthorns, a deciduous shrub?
1881	The king of the Molossians and Epirus encamped between what two cities?
1883	What is the Latin name for one of the five "big cats" that the word "Panther" may refer to when outside of the Americas?
1892	Matilda of Chester, Countess of Huntingdon's father was the son of which woman?
1896	What scientist as well as a practising Roman Cathloic described the electronic voice phenomena as typically brief, usually the length of a work or short phrase?
1897	Which civilization instigated a war with Rome and significantly influenced the Latin language?
1898	What was the first name of the wife of the namesake of the high school located at 123 Coles Street in Jersey City?
1905	The Prussian General Carl von Clausewitz is associated with what type of realism?
1908	Osireion is located to the rear of the temple named after which New Kingdom Nineteenth Dynasty of Egypt pharaoh?
1910	In what county is The Third Fitzwilliam Meetinghouse located?
1914	Did the the Battle of Stones River occur before the Battle of Saipan?
1919	At what frequency an academic journal publishes which covers numerical and computational techniques to reduce any substantial losses or gains suffered by an individual or an organization?
1921	Where in the traditional West Riding of Lindsey is the Trolleybus Museum Located?
1922	What is the population of the town that gets it's water supply from Canobie Lake?
1925	What German state was Karl Julius Perleb born in?
1927	Dost Mohammad Khan was killed by a ruler who became the third king of what country?
1928	What was the name of the first biography of Brontë written by the author of Mary Barton?
1929	Who described the captain of the winners of the 1964-65 European Cup Winners Cup as the best defender he had ever played against ?
1935	Priest Rapids Dam is located near which nuclear production complex?
1938	In what year was the British actress who starred in a film adaptation of a series of eight children's books written by P. L. Travers born?
1943	Who was the son and heir of Henry Beauclerc?
1944	What was the name of the alum by the Scorpions that contained one of their most famous songs written by Klaus Meine and Herman Rarebell?
1946	Which plant is indigenous to the western hemisphere, Stephanocereus or Nepenthes?
1948	Which swiss watch company was forced to merge by the swiss banks in 1983?
1951	Who developed the jet fighters operated by the 41st Tactical Squadron of the Polish Air Force?
1955	What was the original name of the theatrical program that was founded by Joseph Papp?
1956	What is the architectural distinction of the hotel whose owner and chief developer is Frank Augustus Miller?
1957	What was the companion piece that Poe's brother published?
1958	Why does the City of Boston get their christmas tree from Ainslee Glen Nova Scotia?
1960	Which is a university in Pennsylvania, University of New Haven or Carnegie Mellon University?
1961	Which university was founded first, University of California, Berkeley or Saint Louis University?
1963	What is the first two words of the fifth studio album of Joseph Edgar Foreman?
1964	Which radioshow did Frank Sinatra appear on the year he won an Academy Award?
1965	Jeff Bhasker won a Grammy Award for a song that was the fourth single from what studio album?
1966	In what year year was the believed subject of the Lenny Kravitz song "Lady" born?
1967	What prince is a claimant to the former throne of Italy and born in September 1943?
1971	Seal Harris was born in what county?
1972	Which county located in the commonwealth of Kentucky is Kentucky Route 393 (KY 393) a state highway in
1973	Profile Lake is located at the foot of a mountain that is how many feet tall?
1974	The Order of th elithuanian Grand Duke Gediminas features one of the earliest symbols of Lithuania, that was used by the Lithuanian Republic as a minor state symbol during what period?
1978	What type of vehicle is the Blue Bird Wanderlodge which was manufactured in Georgia by the Blue Bird Corporation?
1980	Which car brand was one step above the brand started on November 3, 1911?
1982	What genre of music is Adnan Sami noted for playing on the piano created through a trapezoid-shapped hammered dulcimer?
1984	Gerald Grosvenor, 6th Duke of Westminster was succeeded by the British aristocrat who is estimated to be worth how much?
1989	What breed of dog are the Basset Bleu de Gascogne and the Beagle?
1990	The Reverend Jesse Bushyhead was a member of a Cherokee faction led by a chief born in what year?
1992	Which composer was also a teacher, Philip Glass or Franz Schreker?
1994	Which Arab World's car was  used in a  American action film directed by F. Gary Gray and written by Chris Morgan?
1996	What is the call sign of the airline that operates the flight with United Express Flight 3411 incident?
2001	What city is the band that recorded Renegade from?
2008	God Is Not Great is by a journalist which due to his actions made him what?
2011	What is the birth name of the woman that "A Woman Called Moses" is based on?
2021	"Aroma-scope" used in Spy Kids 4 is reminiscent of what marketing gimmick used in Polyester in 1981?
2022	Suzanne Simone Baptiste Louverture is the wife of the leader of which revolution?
2027	A holdout is an accessory used by cheats in order for them to recieve what?
2029	How many legs does the animal, in which Karl Kraepelin discusses in "Scorpiones und Pedipalpi," have?
2031	What portrait hangs in the Smithsonian Institute along with what is known as the founder of nursing?
2035	San Jose Secondary Educational Center, is located on the cost of what sea?
2037	Did the host of Splash! win a gold, silver, or bronze Olympic medal?
2038	WFMT FM radio transmits from the second tallest building in the United States, which is located where?
2039	What is the birthday of the author of "She Walks These Hills"?
2044	In which county does the United States Navy air base located in which  Attack Squadron 174 (VA-174) was based on?
2045	Where is the closest relative to the whale located?
2047	The physicist that saw a deficiency in Newton's classical theory of gravity received a Nobel Prize in what year?
2049	What two shows is the director of the first "Clone Wars" series known for creating?
2052	How many acts is the ballet Rita Sangalli premiered in, in the year 1876?
2053	Billy King was an Australian rules footballer who participated in a game that was contested between the South Melbourne Football Club and Carlton Football Club, and was held at what location in Melbourne in 1945?
2055	Maine State Route 111 connects Alfred to Biddenford but what county is Alfred in?
2059	Giovanna d'Arco is an opera that was created by the composer of what nationality?
2060	Who manages the Laboratory that ran the Aurora Generator Test?
2061	Drisheen is what type of product made in Ireland and other parts of Europe?
2063	Who signed into law the act made to lower barriers to adoption?
2065	What are both Jack Rabbit and Leap-The-Dips made of?
2071	What city in the Philippines is home to the Robinsons Galleria and the 4th largest shopping mall in the world?
2073	Rani Jhansi Marine National Park commemorates what queen of the princely state of Jhansi in North India?
2075	The first Latina Supreme Court Justice was part of the majority decision of a case that upheld which previous supreme court case?
2076	Who was the pivotal in the formation of schools catering for the primary and early secondary education of children in remote and outback Australia?
2078	Where Ken Kwapis and John Woo both working on films in the 1980's?
2079	What is the name of the town linked by rail to Kendal, named after a lake of the same name?
2082	Chancellor Otto von Bismark and Reichstadt agreement were also part of what League?
2083	Opel once owned and manufactured the brand known under one shared name in New Zealand and Australia, and that brand is now a subsidiary of what company?
2084	Who was the woman whose execution for treason by German firing squad was the reason for Prussian Generalleutnant (Lieutenant General) Traugott von Sauberzweig's replacement as Military Governor of Brussels in 1915?
2087	Which Turkish leisure airline started operations under its own AOC in April 2011?
2090	What was the real name of the author of the book "Coraline" has been compared to?
2093	Who has a wider scope of profession,  José Echegaray or Graham Swift?
2096	Are Stanley Elkin and Anne Tyler from the same country?
2097	Which genus has more species in it, Othonna or Stangeria?
2110	Who was involved in observing the natural progression of untreated syphilis in rural African-American men in Alabama?
2111	What county is the congressional district that Hansen Clarke was a U.S. Representative for in?
2113	Which producer from the 2015 British documentary film about the life and death of British singer-songwriter Amy Winehouse also worked on the film Oasis: Supersonic as a film producer?
2114	What title did the author of Det norske Theater's first production hold ?
2118	In what city are both 8 Spruce Street and the World Trade Center located?
2121	Which dog is based in Switzerland, Appenzeller Sennenhund or Drentse Patrijshond?
2122	What is type of philosophies is The Structure of Liberty about?
2124	Where does the descendant of the Red Setter originate?
2126	In the USA, a tobacconist, also called a tobacco shop or smoke shop, is traditionally represented by which advertisement figure, that is often a three-dimensional wooden sculpture several feet tall?
2128	What disease is the Wolf Prize winner and Vadim  Bereinskii-inspired Nobel laureate suffering from?
2129	Who is a poet, Rumi or Farouk El-Baz?
2133	Name the movie that was cowritten by Paul Rudd and the director of the 2011 British science fiction horror comedy film written and directed by Joe Cornish and starring John Boyega, Nick Frost, Jodie Whittaker and Luke Treadaway.
2137	What are some other areas that share a common deer species with the forests of Mara and Mondrem?
2141	The pilot and author of Highest Duty: My Search for What Really Matters was hired by which news station in 2011?
2142	How to Irritate People was a broadcast written by an English actor who got his start on what television program?
2144	Which country is the Taipa island part of?
2149	Which Dutch media tycoon transferred all of its media activities to Talpa Holding?
2155	What association did the woman whose museum is located in the Bolling–Gatewood House help found?
2156	Who married a man who starred in Marcus Welby, M.D.?
2158	Which satellite was operational for longer, International Ultraviolet Explorer or EXOSAT?
2160	Which college was founded first, Williams College or University of Southern California?
2168	Which battle, the Battle of Cold Harbor, or the Second Battle of Bull Run, was fought first?
2172	Which body of water flows through more states, Tamiami Canal or Genesee River?
2173	Corn Ranch is a spaceport where test flights are carried out by a company headquartered in what state?
2175	What Andy Williams' album did a song written by Charles Wesley appear on?
2176	Who co-wrote The Hidden History of the Human Race with a man know devotionally as Drutakarma dasa?
2177	What abbey, founded in 598, was Clarembald a monk at?
2192	What prominent director worked with Orion Pictures and was born in December of 1935?
2194	The USS Daedalus was named after an exiled Athenian representative of artists from which culture?
2195	Command and Control was a book that discusses the 1980 incident in what state?
2196	Which iPhone was the first to be completely developed by the Chief Executive Officer of Apple who was born in 1960?
2197	Jaclyn Stapp is married to the former frontman of a band that disbanded in what year?
2198	Which player is from Brazil, Jimmy Connors or Maria Bueno?
2199	When was the University established where Laura Landweber is a professor ?
2206	Did the playwrights Eugène Ionesco and Paul Scott live during the same time period?
2207	Svíčková is a dish that includes dumplings that are prepared in what way?
2209	What Lord of the Rings actor starred alongside Paul Hogan in Flipper?
2212	What was the title of the failed magazine that preceded and inspired the The Science Fiction League?
2214	This British television series was adapted from one of the better-known novels of a 19th-century writer and was first published in what magazine?
2217	Jayaprakash Narayan was posthumously awarded what highest Indian civilian award?
2219	Are Stephen Frears and Jan Švankmajer from the same country?
2221	The Wright Model B was an early pusher biplane designed by what inventors and aviation pioneers who are credited with building the world's first successful airplane?
2225	What American filmmaker was the co-founder of Troma Entertainment film studio, Stanley Lloyd Kaufman, Jr. or Jay T. Wright?
2226	Are Southwest Florida International Airport and Henry E. Rohlsen Airport both in Florida?
2227	Matt Doheny lost his primary race to what current youngest woman ever elected to Congress?
2228	Which was released first, Hot Girls Wanted or China Blue?
2230	Charles Barton "Chuck" Kendall, Jr. was reportedly interested in purchasing the Los Angeles Clippers from which Jewish-American businessman?
2233	Dorian Gray is the main character of what philosophical novel whose editor feared the story was indecent, and deleted roughly five hundred words before publication?
2234	Darryl Kubian's "O for a Muse of Fire" is based upon the events surrounding which historical battle?
2238	In what ecclesiastical province is Stephen Conway currently part of?
2240	In the Morpeth Arms pub in London, there's a Spying Room with a view overlooking the headquarters of which organisation?
2243	How many Academy Awards did the film, in which Jimmy Bryant provided the singing voice for the character Tony, win ?
2244	What program responsible for the Health Insurance Portability and Accountability Act works with AHCCS?
2245	What movie genre does both "The Trials of Life" and "Human" belong to?
2249	Migene González-Wippler is leading expert on a religion that developed among which ethnic group ?
2250	Are both Leycesteria and Anigozanthos native to Australia?
2252	Who was born first, Helen Jonas-Rosenzweig or Amon Göth?
2257	literary magazine Okyeame was inspired by this first prime Minister of Ghana whom led Ghana to independence from what country?
2260	Kiskiack is a building that still stands at what York County, Virginia naval base?
2262	Are Tantrix and Personal Preference both types of games?
2263	Both Olaf Eller and Lars Eller are involved in which sport?
2264	Meomi Design works include The Octonauts book series, how did the adaptations of the series continue?
2266	What South Korean girl group formed by S.M. Entertainment recorded the Korean language song Lion Heart?
2269	Angry Dad: The Movie  was first introduced in what episode of "The Simpsons" That was the eighteenth episode of the thirteenth season
2270	In the seventh-largest country in Africa, what is the oil prodcution of the city at the mouth of the Congo River?
2274	What heritage site, known for a British explorer, is listed Seventeen Seventy Australia?
2282	Are both Götterdämmerung and Dafne considered operas?
2285	In what Mississippi county is the city that is located five miles west of the county seat of said county?
2289	What type of profession does Alexandra David-Néel and Jack Kerouac have in common?
2291	What institution does 2017 Texas Tech Red Raiders baseball team and Dan Law Field at Rip Griffin Park have in common?
2293	What is the birthdate of this King of Italy, claiming thrones of Ethiopia and Albania and father of Princess Yolanda of Savoy?
2295	Who voices Chef Mung Daal in the American animated television series created by C. H. Greenblatt?
2298	Which dog is native to France, the Basset Bleu de Gascogne or the Bulldog?
2301	What company started the urban complex development that included the highrise building, The Harmon?
2302	Rumble Fish was a novel by the author of the coming-of-age novel published in what year by Viking Press?
2303	Are University of Virginia and Massachusetts Institute of Technology in the same country?
2305	What apartment complex originally constructed in 1927 is included in Manhattan Community Board 6?
2310	Cave-In-Rock, Illinois was a stronghold for serial killer/bandit brothers who operated in which century?
2319	Which opera has more acts, Louise or Le roi malgré lui?
2322	Which work of William Shakespeare is thought to be a collaborative effort of himself and Thomas Kyd?
2326	What was the name of the bear promoted to corporal in the Polish army, and celebrated by an ongoing fundraising trust based in Scotland?
2329	Where is the host of the American survival skills reality show, The Island, originally from?
2331	What award was won by the director who directed the eighth musical by the team of Richard Rodgers and Oscar Hammerstein II?
2336	The castle where "Spook Squad" was filmed is in what part of Scotland?
2337	This कसबा पेठ विधानसभा मतदारसंघ is an example of a language that ranks what in the number of native speakers in India?
2339	Which indigenous people of the Ryukyu Islands were massacred in the Mudan incident of 1871?
2344	Was Suzanne Chun Oakland a member of the upper of lower chamber of the Hawaii State Legislature?
2353	Turner Field was originally built as what 85,000 seat main stadium of the 1996 Summer Olympic Games and the 1996 Summer Paralympic Games in Atlanta?
2356	Who aided the Colorado forces in the Uruguayan war?
2359	In between Hymenosporum and Agrostemma which one is closely related to the widespread genus Pittosporum?
2363	Willsmere was a railway station located in which inner suburb from Melbourne Australia?
2366	Were Daniel Mann and Todd Solondz both directors?
2367	Where does the region where Jews supported by Kolel Chibas Jerusalem are from get its name?
2369	Which genus has more species Babiana or Ceratophyllum ?
2371	Which company is an American petroleum company, EOG Resources Inc. or General Mills Inc.?
2374	Which composer lived longer, Maurice Ravel or Paul Hindemith?
2376	Mehdi Hashemi was thought to be guilty of opposition to the Iranian regime's dealings during what President's administration?
2379	Does Il trovatore have less acts than La rondine
2380	Arizona State Route 51 (SR 51) is named after a Native American woman belonging to what tribe?
2385	Which dog originated in Galicia, the Bullenbeisser or Can de Palleiro?
2389	Heinrich Marschner was a composer who performed in the time frame after one of the first significant composers in what school of work?
2392	What song from the fourth studio album made by The Who reached No.4 on the UK charts and No. 19 o nthe U.S. "Billboard" Hot 100?
2394	Which film was produced first, Dangal or The Man from Snowy River II?
2397	Which refers to more breeds, Stabyhoun or Griffon Bruxellois?
2398	What is the name of the statue whose replica have been created in many landmarks world-wide such as near Pont de Grenelle in Paris?
2400	Which film was directed by Wayne Coles-Janess, Tender Fictions or Bougainville – Our Island Our Fight?
2407	Who is younger, Martin Luther King III or his brother Dexter?
2409	What area once connected Great Britain to continental Europe, and is thought to have been submerged around 6,200 BCE by a massive landslide along 290 km of the continental shelf?
2411	Which is longer, Hampshire and Hampden Canal or Tennessee–Tombigbee Waterway?
2415	Kristine Moore Gebbie is a professor at a university founded in what year?
2418	The FIBT World Championships 1960 took place in a town located in which part of Italy ?
2420	What land elevation does Khunyang Chhish and Ismoil Somoni Peak have in common?
2423	A series of ministerial meetings and agreements between European countries and includes The Swedish higher education system is called what?
2424	In The Passion of the Christ, who did Monica Bellucci play?
2428	What is the county seat of the county in which Keokuk Falls, Oklahoma is loated?
2430	SS Ionic was built by the industrial company based in what city?
2434	who starred in the English-language Danish experimental horror film  which  Lars von Triers received award for
2435	How often do trains run on the system which has a terminal station located at the intersection of 32nd Street and Sixth Avenue in the Herald Square neighborhood of Manhattan, New York City?
2437	Church of All Saints, Doddinghurst is part of the state church led by which person?
2438	Both Hatter and March Hare are characters in which book?
2441	Which park is further south within Spain, Picos de Europa National Park or Timanfaya National Park?
2442	In what Country is Sul America Esporte Clube in?
2445	The King of Hollywood starred in what 1932 American pre-Code dram film?
2453	Which park is larger, Timanfaya National Park or Sierra Nevada National Park?
2454	Which was formed first, the duo Big & Rich or Lonestar?
2456	Who was attempting to regain the British throne until the Raids on Lachaber and Shiramore shut down his operations?
2459	What's the familiar short name of Polyethylene terephthalate, a material used by bottle makers such as Ecopack of Pakistan?
2460	What is the nickname of Stephan Lichtsteiner that refers to the character from the 1994 American comedy-drama film based on the novel by Winston Groom?
2462	What town's geographic feature is the battle James Swan was twice wounded at named for?
2464	How many novels are there in series of novels which were adapted for a 2015 BBC TV  series in which Ruby Bentall plays a character called Verity ?
2472	Which director lived longer, Lowell Sherman or Jonathan Kaplan?
2473	Are Trent Edwards and Lucy Saroyan both football players?
2476	At which level of French football does the football team named after the manager of France national team play?
2477	Brindisi, the city where Louis-Jean-Nicolas Lejoille died, is located in what country?
2481	Were both the One, Inc. v. Olesen and  Erie Railroad Co. v. Tompkins cases ones that included a ruling by the United States Supreme Court?
2484	What country is home to both Guadarrama National Park and Doñana National Park?
2485	Who is the mother of Mary, Crown Princess of Denmark's husband?
2486	In what type of imprisonment where the inmates Arne Berge helped rescue during operation White Buses?
2490	On what street would one find the "Journal Record Building" in Oklahoma?
2491	In which branch of the U.S. military did the man who Robert Conrad portrayed in the television series "Baa Baa Black Sheep" serve?
2493	Which dog is used for herding, the Bosnian Coarse-haired Hound or Dutch Shepherd?
2495	What big-budget epic film was released the same year as the film that focuses on a series of sudden, unexplained violent bird attacks?
2498	Which has more species, Clianthus or Callicoma?
2501	What regular performer at the R-26 club in Paris was known for her banana-themed costume?
2506	Which band was formed in a country closer to England, Kodaline or Rivermaya ?
2507	What is the name of the place in The Chronicles of Narnia where Lucy Pevensie and Mr. Tumnus meet?
2508	Were both the Battle of Saipan and the Battle of Manila fought by American forces?
2511	Who costarred in 1935 American drama film Les Misérables with the husband of Elsa Lanchester?
2512	Elizabeth Wordsworth's father was bishop in what church?
2515	Which Canadian artist is credited with first coming up with the title of Various Positions?
2519	Who is the author of the series in which Rupert Grint plays one of the three main characters?
2526	When did the war crime against communists that occurred before Ganghwa massacre happened?
2528	Who passed away first Max Ophüls and Shirley Clarke ?
2537	which nuclear reservation in the United States  did  the U.S. Atomic Energy Commission acquired Meyers Mill  as part of
2539	What band wrote the song "Blue Letter" and was inducted into the Rock and Roll Hall of Fame in 1998?
2542	What is the seventh book of the Hebrew and Christina bible and also has Quran references to the river drinking experience?
2551	Clifford Odets was seen as a successor to a Nobel Prize winner known as what?
2553	What year was the early consumer co-operative, in which a 2012 British biographical feature film tells the story of, formed?
2554	Whose former city palace did Erna Flegel work at?
2557	The album that contains the song "Get Together" by Madonna was mainly recorded in whose home studio?
2558	This team which is moving from Oakland, California to Las Vegas Nevada with share its stadium with what college?
2559	San Francisco National Cemetery is located at a park that is part of what National Recreation Area?
2561	What was the home city of the author of the famous novel tracing the life of a male roe deer from his birth onward?
2562	Wincenty Gostkowski was a lawyer for the watch manufacturer Patek Philippe & Co. in which city in Switzerland?
2563	when was american stunt performer which Stunt Cycle attempted to cash in with born
2566	The Declaration of Montreal was the founding document of which world event, lasting from July 26-August 5, 2006?
2567	Pashto is the main language among a diaspora that has it's largest community in which country ?
2569	What CBS-affiliated station serves Pontotoc County, Oklahoma?
2570	What British publisher published a dystopian novel in 1949 written by an English author?
2571	Which is the Oil Capital of China, Chaoyang District, Shantou, or Daqing?
2573	The Lewis and Clark Memorial Column is dedicated to Meriwether Lewis, best known for his role as the leader of which Lewis and Clark Expedition?
2575	Are Asimov's Science Fiction and The Christian Science Sentinel both magazines?
2577	At what height does State Route 160 start?
2579	Are both the Wire Fox Terrier and West Siberian Laika dog breeds?
2580	Were both Terence Fisher and Leopoldo Torre Nilsson British film directors?
2581	 What species has an extinct subspecies that are classified as Trogloxene and are known from fossils and prehistoric art?
2582	Which actor/actress from Overnight Delivery was born in New Orleans?
2584	Bridgewater Triangle is an area where the phenomenon associated with what type of tradition has been seen?
2585	Who created the first rule of chemistry?
2587	In what regions of the United States is the Eastern Market, Detroit located?
2588	What electronic attack squadron is permanently stationed on two pieces of land near Oak Harbor?
2595	Which poet is famous for "A Shropshire Lad" and is depicted in the play "The Invention of Love"?
2602	Which adpotive brothers were co-emperors of Rome during the Nerva-Antonine dynasty?
2605	What movie was directed by Harold Ramis and stars Bill  Murray?
2607	What do the Rampur Greyhound and Borzoi have in common?
2612	What was the 54th edition the 2009 UEFA Champions League Final, Europe's premier club football tournament , played?
2613	Blackamoor, Lancashire lies near the banks of what river?
2616	Where did the punter for the Dallas Cowboys in the 1980s play college football?
2620	Which career path did African-American activist Bertha Gilkey pursue in St. Louis, Missouri?
2622	What is 3/4 of the budget of the agency who  placed ECT machines  in the Class III category coming from?
2623	Where did the designer of the Van de Graaff generator teach at?
2627	Which feature film was released earlier, One Magic Christmas or Muppet Treasure Island?
2633	Menindee Lakes are located near a town located on the banks of which river ?
2636	 Patrol Squadron Four (VP-4) is a U.S. Navy land-based patrol squadron based at a Naval station formerly known as what ?
2640	Many right wing WNP were  connected to a clandestine operation ran by a "stay-behind"  operation ran by what organization?
2641	What king took away John Erskine, Earl of Mar's office?
2642	Party of Syrian Unity was established in the wake of a public statement that announced what ?
2644	 Procter & Gamble Co. was founded by a British-born American candlemaker who died in what year?
2645	Dandong and Hotan are located in what country?
2646	Which genus expands to the Pacific Ocean islands, Osteomeles or Medinilla?
2648	What is the population of the city which  Deryl Dedmon came from
2649	Mike Huckabee took part in the most recent Republican Presidential primaries, which began on what 2016 date?
2651	Giuseppina Tuissi played a role in the execution of a National Fasict Party leader, as well as what female associated with the leader?
2653	Å is part of the alphbet used in which group of Upper German dialects?
2664	In the epic of Gilgamesh, where did the wise female divinity associated with fermentation live?
2671	Owney was a stray terrier adopted as the first unofficial postal mascot by a post office that is roughly how many miles north of New York City?
2672	The Shōgitai were an elite corps of which shogunate?
2678	Who was responsible for the Soviet–Albanian split?
2679	The M1919 and the M1 was used by what military?
2682	In what state is the university where Boria Sax is a lecturer and teacher located?
2683	Which direction do both the M1 and the M6 Motorways travel?
2686	What country is both Thornton–Cleveleys railway station and Poulton-le-Fylde railway station located?
2688	Which organization has been led by the overseer of the Renewable Heat Incentive Scandal since 2003?
2692	Loughborough Students' Union serves the students at what public research university that has been a university since 1966, but the institution dates back to 1909?
2693	Myron F. Diduryk's exploits were described in a book by an author holding what military rank?
2698	What region has the indigenous language that includes the word Catuaba?
2699	Ira Nadel wrote the biography of which historical fiction author?
2704	What component was included on the iPad4 that is now a registered trademark in Jamaica?
2709	What are the subdivisions of Neringa Municipality called in English?
2711	Which battle took place during the American Civil War, Battle of Gettysburg or Battle of Tarawa?
2713	Who used a Barrack buster to shoot down a British Army Lynx helicopter
2715	Which  American chain of bakery-café fast casual restaurants sponsored Bill Steers Men's 4-Miler
2716	What is the name of the English poet who wrote a poem titled Don Juan and also served as the real-life model of a character in the novel Glenarvon?
2717	Which movie came out first Baseball or Tunisian Victory ?
2719	What landmark event did Bill Miner achieve at Silverdale, British Columbia, coining the phrase "Hands Up!" in doing so?
2722	What is the second book by the author that won the Booker Prize in 1997?
2726	Pandora- The World of Avatar includes a ride that allows guest to take flight on what animal?
2733	 Season of Migration to the North  is a counter narrative to a novella by what Polish-British novelist?
2737	The seventh largest inhabited island in Hawaii has what remote wild beach?
2739	John Robert Marks III, the former Mayor of Tallahassee, Florida was succeeded by an American politician who ecame the youngest person ever elected to what?
2742	Sudha Kheterpal who is  musician best know as the percussionist in Faithless has played with what singer who is recognized at the highest-selling Australian artist of all time by the Australian Recording industry Association?
2744	Who is the older brother of the king that was overthrown in the Henriad?
2746	What actor starred with Virginia Katherine McMath in Star of Midnight?
2748	Q:The 7.92×57mm Mauser rifle cartridge was used by which country's military in the 20th century?
2749	Which peak stands higher, Muztagh Ata or Manaslu?
2751	The 19 high-rise commercial buildings covering 22 acres between 48th and 51st Streets in New York City feature which style of architecture?
2753	Celebrity Fifteen to One has had more than one appearance by an English writer and former Conservative Member of what?
2755	Which case was brought to court first Miller v. California or Gates v. Collier ?
2756	Are Norman Z. McLeod and Sam Wanamaker both directors?
2757	Which of the four US Presidents who have been assinated was shot on the grounds of the Pan-American Exposition at the Temple of Music in Buffalo, New York?
2767	That is the nationality of the author who wrote books that featured the character Faline?
2771	Which identifier: transwomen, cis women,or genderqueer, is a combination of masculinity and femininity or neither in gender expression?
2772	Who was an important leader of the Democratic-Republican Party?
2773	Q: What 1965-born field director directed the 2002 Indian comedy horror film "Makdee" ("Spider", in English)?
2774	Nostie lies a short distance from one of Scotland's popular tourist attractions a small tidal island dominated by a picturesque castle that frequently apperas in what?
2775	Did both  Slaughter-House Cases and United States v. Darby Lumber Co. involve civil rights law?
2776	What magazine was started in 1925 and features the work of Barry Werth?
2777	Which has more species, Festuca or Dactylis?
2779	This 2016 biographical sports comedy-drama film stars Taron Egerton as a skier who finished last in what events?
2782	which plant has the highest specie  Panicum or Populus
2783	Mastophora dizzydeani is a species of spider named after baseball player Jerome Herman Dean who goes by what nickname?
2785	In 1736, a fortified complex was built in the heart of Moscow. What is this complex known as?
2786	What instrument of war was only used by the President of the United States who was born in Lamar, Missouri?
2794	Which Scottish playwright wrote the poem "Havisham"?
2796	Between the Riddlers Revenge and the Green Lantern, which stand-up roller coaster stands tallest?
2798	 "Quando m'en vo' " is a soprano from an Opera composed by who ?
2799	An American pharmacist was inspired to invent cola due to what recipe from  Angelo Mariani?
2800	The Innviertel is a traditional Austrian region southeast of a river that is how many km long?
2802	What was the name of the company that produced  the first practical jet aircraft that first flew on 27 August 1939?
2805	Linhai and Gongqingcheng are both what kinds of cities that are located in China?
2809	What genre of composers were both Claudio Monteverdi and Georges Bizet?
2816	The comedy play written by Shakespeare titled Twelfth Night is also know by what name?
2817	What Cantonese slang term can mean both "ghost man" and to refer to Westerners?
2818	What type of music features Geetam, created by a devotee of Lord Krishna?
2819	What type of media do Peter Filkins and The New Criterion have in common?
2831	La Machine a ecirire was written by what French writer, designer, playright, artist, and filmmaker, who is known for his novel, "Les Enfants Terribles"?
2832	Which mathematician worked with algebraic geometry instead of probability theory, Askold Khovanskii or Andrey Kolmogorov?
2833	After Patrick Mercer's suspension in April 2014, who won the seat for Newark?
2834	If the Charhki  Dadri crash was less dangerous than the Tenerife airport disaster, which occured firat?
2835	What type of diary did one of the founders of the John Bishop Memorial Hospital in Srinagar write?
2837	What vehicle, made by UROVESA, is most like the four-wheel drive military light truck produced by AM General?
2843	What was the fort renamed in which the English abandoned to move to a fort located atop State Street Hill?
2844	Which of these is further south in China, the Pulandian District or Kaiyuan, Liaoning?
2849	The Ronkonkama railroad station and the town of Islip, New York are near?
2851	Which dialect spoken in the province of Scania calls Spettekaka, "spiddekaga"?
2853	John Stark Regional High School serves the community in which New Hampshire county?
2857	When was one of the science fiction survival horror video game released for who's title Frictional Games AB was famous for?
2862	Who was the last king of the Shahiya?
2870	In which county is this site located where Operation Buster–Jangle was conducted?
2872	The city in which the Disney Resort & Spa, Aulani is located in, is colloquially known as what?
2876	Who is the Chief Executive Officer of the corporation that owns Space Dev?
2878	Ai-Ling Lee is a Singaporean sound editor who worked on a  biographical survival drama film directed by who?
2879	Grown-Ups starred the actor who was best known for which role on  "'Allo 'Allo!"?
2880	Hermann Wilhelm Göring was a veteran fighter pilot in a war that ended in what year?
2881	Who is the father of the king that defeated the The forces of Olaf and Constantine
2882	In which year was this historic diner in Albany, New York built, which also was a filming location for major portions of Ironweed?
2884	Who was one of the first religious sceptics’ best disciple?
2885	Which one between Milium and Eucommia lives more widely spread across the world?
2886	Are both Forman Christian College and Purbanchal University public schools?
2891	The player also known as  "O Fenômeno" is responsible for popularized a soccer move first reported to be used by what player?
2894	In what year was the Commander of the second human spaceflight mission in the United States Apollo space program born?
2896	The Pluralist school is said to have included what creator of the theory of atomism?
2902	Are Northwestern University and Middlebury College both private schools?
2903	Are both Smoking Bishop and Caipirinha beverages?
2905	Who was born first Václav Havel or Penelope Fitzgerald?
2906	Which king of Northumbria, who possibly became king while a still a child, attempted to have Eardwulf of Northumbria assassinated?
2908	An NFL Color Rush uniform and a Third Jersey are both considered what type of uniform in the NFL?
2909	Who was the fourth son of the lord of the Seventeen Provinces of the Netherlands in 1555?
2913	Which is the Birthplace of Sir Isaac Newton and has a neighboring village called Belvor?
2914	Is Edison Sault Power Canal somehow linked with or used with the Cayuga–Seneca Canal?
2915	By what type of music was this English composer who collaborated with Ella Mary Leather on "Twelve Traditional Carols from Herefordshire" influenced strongly?
2917	Who stars in the title role of a Netflix show co-created by Robert Carlock?
2918	Tsavo Man-Eaters were found at what Kenyan reserve?
2933	Which composer was born first out of Gaspare Spontini and Wolfgang Amadeus Mozart?
2937	Who was a Christian Evangelist and US prisoner of war survivor that was the basis for a film directed by Angelina Jolie?
2940	What country is the theme park served by the Huis Ten Bosch train service themed on?
2943	What coastal resort is about 11 miles south-east of St Wilfrid's Church?
2944	Prince Michael of Prussia was a member of the house that arose in what town in the 11th century?
2948	Which debut album contained a 1999 mega-hit song created by Maurizio Lobina and Jeffrey Jey?
2954	Where did Mark Pavelich win Gold in 1980?
2963	What is the species of animal which the town of Antelope, Kansas was named after?
2964	The genus containing lions also contains several poorly known what?
2968	The founder of the Ali Akbar College of Music was known for his virtuosity in what musical instrument?
2970	Camp Courtney was named after the Major killed in action at the battle codenamed what?
2978	What conference champions were putted against each other in the first NBA Finals in which the Orlando Magic's played?
2979	Which municipality of Gunnison County, Colorado is now called "the last great Colorado ski town" and is located near the Lucky Jack mine?
2981	Are Wake Forest University and Pennsylvania State University both located in the US?
2982	Genealogy is an Armenian supergroup that competed in a 2015 singing contest in what city?
2986	What public service broadcaster with over 20,950 employees, aired the variety show Welsh Rarebit?
2992	Who died second, Averroes or Ibn Taymiyyah?
2997	What is the name of the physician who studied the cause of the 1854 Broad Street cholera outbreak in London, England?
3003	Zhangye and Nan'an, Fujian are both located where?
3006	What is another name, in Swedish, for a seductive forest creature found in Scandinavian folklore?
3007	Lex Antonia nullified the dictatorial laws set up by which Roman general?
3010	Are Tim Rice and Leslie Marmon Silko both lyricists?
3011	Which city is under Jining, Kaiyuan, Liaoning or Yanzhou District?
3016	Who was a pianist, Maro Ajemian or Richard C. Sarafian?
3017	In what year did both Orson Scott Card's novel "Ender's Game" and Keri Hulme's "The Bone People" come out?
3018	 The Astor Bridge carries State Road 40 over a river that his how long?
3021	The Russian route M9 forms a part of what European route that has a length of about 5320 km?
3023	New Hampshire Route 124 runs between two regions, one of which is found in Cheshire County, New Hampshire, United States with the population of about 2000 and is named what?
3024	Which occurred first, Phillips v. Martin Marietta Corp. or Roth v. United States?
3025	What word or phrase is found in both the history of Belgium and cockfighting?
3027	which university was founded first Duke University or Tufts University?
3028	What is the name of the murder victim that worked in a restaurant, in which Mark Fuhrman was the detective?
3029	The scunthorpe telegraph and the Grimsby Telegraph used to service Scunthorpe which is in what country?
3030	When was the folk dance style Johannes Brahms' Liebeslieder Waltzes were written for most popular?
3031	Is the Virgilia found in Africa? And is Koeleria found all over?
3032	Susanna Thompson appeared in the courtroom drama film Ghosts of Mississippi, directed by who?
3033	The large subunit and small subunit that use two types of RNA are major components that make up what?
3034	What year did Francesca Caccini's father die?
3038	Which former New York senator did Marc Elias help run for office?
3039	Which Equerry to a British monarch was married to a Marchioness Camden?
3041	Jim Sharman and Ava DuVernay both share what title concerning their actions leading actors in film or stage?
3043	Are the 1908 Ex parte Young and 1948 McCollum v. Board of Education United States Supreme Court cases related to each other in any way?
3044	Which genus of plant grows originally in Mexico and Guatemala, Phylica or Weldenia?
3047	What was the job of the character Jack Nicholson played in a 1992 French-American biographical crime film directed by Danny DeVito?
3048	Are both Jonathan Marray and Wayne Black British?
3049	The Combs–Hehl Bridge is a twin span single pier cantilever bridge carrying an intersate loop that encloses and area of over how many acres?
3057	Was Pennsylvania State University or University of California, San Francisco founded first?
3058	Which Skagen Painter favored naturalism along with Theodor Esbern Philipsen and Kristian Zahrtmann?
3059	Predelta National Park is located in which area of Argentina comprising of the provinces Misiones, Entre Ríos and Corrientes?
3060	What is the name of the national level academy for performing arts that Bhupen Hazarika won his award in 2008?
3062	who features in the series  which McClure hosts
3067	Are Power Grid and Vanished Planet both cooperative board games?
3069	Mr. Wilson's Cabinet of Wonder: Pronged Ants, Horned Humans, Mice on Toast, and Other Marvels of Jurassic Technology is a book about a museum that is located in which city ?
3070	Band-e-Amir Dragons is named after the lakes in which Afghan national park?
3073	How much was Ammon Bundy's son ordered to pay in grazing fees?
3076	Are Macheng and Lianjiang, Guangdong both cities ?
3082	Whose death dramatized in a stage play helped end the death penalty in Australia?
3085	John Rhys-Davies played General Pushkin in the Bond Film that starred whom as James Bond?
3090	The Plymouth fury produced from 1955 to 1989  was replaced by what for police and fleet applications?
3097	Maria Curcio taught a classical pianist who is of what South American lineage?
3098	What Canadian filmmaker created a film about Bettie Page in 2005?
3099	Which genus is native to arid or semi-desert areas, Alopecurus or Echeveria?
3101	What Russian ballet choreographer restaged a play based on a Spanish novel by Miguel de Cervantes Saavedra?
3102	The author of "We Were Soldiers Once… And Young" received what military decoration for valor?
3103	Thomas Parker Sanborn was a model for the protagonist in the only novel by a poet originally from what country?
3105	When William Gladstone successfully relaunched his political career in Scotland in advance of the 1880 General Election, which party did he lead?
3106	Who was the director of 2004 American teen comedy adventure film in which Michelle Christine Trachtenberg appeared?
3111	What was Rosario Dawson of Josie and the Pussycats film debut
3112	Do both Korematsu v. United States and Chaplinsky v. New Hampshire cases regard the rights of U. S. citizens?
3114	Which building, the Metropolitan Life Insurance Company Tower or the 432 Park Avenue building, has two addresses?
3115	Which species of trees is larger Dryopteris or Gymnocladus?
3118	Petroglyphs on Ingaro isalnd indicate it has been innhabited since an era that lasted until what year?
3119	Which Italian classical composer, conductor, and teacher born in 1750 composed this four-movement serenade in B-flat major for five instruments (2 oboes, 2 horns and 1 bassoon)?
3120	The Genesis Flood is a book by John C. Whitcomb and what founder of the Creation Research Society and the Institute for Creation Research?
3121	Which happened first? The scarp was first imaged by Voyager 2 or The play All's Well That Ends Well was written by William Shakespeare
3123	Which university is a private research university, University of California, Berkeley or Brown University?
3125	On December 4, 1872, the ship Mary Celeste, captained by Benjamin Briggs, was found unmanned and drifting in the Altantic Ocean near what location?
3126	The city that hosted the Olympics where Taiwan competed as Chinese Taipei is situated at the confluence of what two rivers?
3127	What type of crab can be grown in a fishery and is known for its sweet and tender flesh?
3129	Who directed the film about the living funeral for Morrie Schwartz ?
3132	Cowie Castle at Stonehaven, and Allardice Castle near Inverbervie, are part of a coastal chain of castles in Scotland overlooking which sea?
3133	Wilm Hosenfeld assisted the pianist and composer of what nationality survive during 1944?
3135	An Austrian-British psychoanalyst born in 1882 and innovative in object relations theory was also rigorous about what other type of therapy?
3138	The King George V Bridge crosses the River Trent near a small village 4 mi west of where?
3141	The Troubles in Newtownabbey recounts incidents during and the effects of the Troubles in Newtownabbey in the County Antrim of which country?
3148	What was the most famous post of the man who commanded American and French troops against German positions during the Battle of Saint-Mihiel?
3151	What man is credited eith inventing both the Leyden jar and the Tribometer?
3152	Which film was not a 3D computer-animation Cars 3 or Smith!?
3155	What years did Jose Gonzalo Rodriguez Gacha and other leaders of fthe Medallin Cartel operate in Boliva, Colombia, Central America, Peru, the United States, Canada, and Europe?
3156	The hip hop group Strange Fruit Project relates its name to what song by a famous female jazz musician and singer known for her vocal delivery and improvisational skills?
3160	What book did the president and CEO of Tracinda Corporation buy?
3161	Bob Edwards was the host of what show, that later was hosted by Renee Montagne?
3162	What state is home to the Lake Wobegon Trails and the recording location for the live radio show "A Prairie Home Companion"?
3164	Loch Shiel is part of the river that drains into the sea near the castle that sits west of what town?
3166	The Death Camp of Tolerance is an episode from an animated television series that was created by which two people?
3167	What is the name of the largest publicly owned company in Minnesota that is situated in Minnesota's most populous county?
3173	The Facts Behind the Helsinki Roccamatios was published by the creator of the award-winning fantasy adventure novel that was published in what year?
3176	Special K is a slang word for a medication whose main effects last how long?
3179	What is the rule that makes a major difference between the National League and the American League that allows another player to bat for the pitcher?
3181	Annapolis Junction is located in what county named after  the wife of Cecilius Calvert, 2nd Baron Baltimore?
3188	Michael Braz completed a libretto for what Georgia college, founded in 1906?
3191	What profession does Nora Roberts and Elizabeth Hardwick have in common?
3197	In what state is the manufacturer of Bisquick headquartered?
3198	Hina is derived from a dye prepared in what areas?
3205	What is the nationality of the poet who wrote Une Tempete and first performed it in Tunisia?
3206	What position did Christian Albrecht Bluhme during the second military conflict as a result of the Schleswig-Holstein Question?
3207	What Dutch painter specialized in domestic interior scenes of middle class life and has a painting of a young woman dressed in a yellow shawl in the Louvre, Paris?
3211	The German geographer and geopolitician Otto Maull was part of a team led by Haushofer whose close associate was a prominent politician in Nazi Germany born in 1894 who served under Hitler in 1933 as what capacity?
3212	Do both Kettering University and University of New Mexico offer post-secondary degrees?
3216	Who starred in The Bronze and also showed up on the CBS sitcom "The Big Bang Theory"?
3217	What is the long name of the Government of Ireland Act 1920 that relates to Islam in Northern Ireland?
3218	The 2008–09 Texas Tech Red Raiders played in which athletic conference headquartered in Irving, Texas?
3229	An American physicist coined the term "soft energy path" in 1976.  Today he is chairman and chief scientist of what?
3231	Wade Watts is the uncle of a politican who played college footbal for which team ?
3234	Which musician or band is from further north, Matthew Good or Modern Baseball?
3235	Which them park is host to both the Back to the Future Rid and The Simpsons Ride?
3242	Was the famous opera comique that was based on a Prosper Merimee novella a comedy or a tragedy?
3243	who has written more than 100 books, Yaşar Kemal or Avram Noam Chomsky?
3246	Which light rail system would one use to visit the museum that explores the impact of modern conflicts on people and society?
3248	Huell Howser provided the voice of Backson in Disney's what numbered animated film?
3252	Venus is a play by an American playwrite who what what prize?
3256	What is the relationship of Yeshahework Yilma's mother to the man who was Ethiopia's emperor from 1930 to 1974?
3261	Tile Kolup pretended to be a member of what House?
3270	Are either The Pogues or Pillar an electronic dance music group?
3275	Gabriela Mistral and Alan Sillitoe were both in what profession?
3277	Which game can have more players, The Magic Labyrinth or Shogun?
3281	What is the Landsman Kill near New York State Route 308?
3284	California joined the Union due to the passage of a package of how many separate bills?
3285	what air force based named in honor of Carl Benjamin "Ben" Eielson is located 26 miles southeast of Fairbanks, Alaska?
3288	How many of the 12 million immigrants to the United States through Ellis Island were Italian immigrants?
3295	Which mechanical device which engages and disengages power transmission  uses brake fluid?
3297	The moon represents my heart is a mandarin song made famous by Teresa Teng, what other language does she sing in?
3298	What is a common feature of both the Iron Rattler's inversion and a barrel roll?
3304	What year was the major Roman road built that connects to the port that is now in the "comune" of Bacoli?
3308	In which city are Anadoluhisarı and Church of St. Mary of Blachernae both located?
3310	Kentucky Truck Assembly and Louisville Assembly Plant are two auto factories in the city of Louisville operated by which car maker?
3314	Which breed of dog came first, the Norrbottenspets or the Blue Lacy?
3317	What giant silverware company was started as a religious Utopian group and was for many years run by Pierrepont Noyes?
3321	The Dying Swan is a famous solo associated with Anna Pavlova. Whose music is it based on?
3323	What Estonian composer whose music is partly inspired by Gregorian chant set the Latin text of the Magnificat canticle in 1989?
3324	Which is a type of gun dog, the Labrador Retriever or the Tibetan Terrier?
3325	In which professional wrestling promotion did Randy Savage perform, after he left the World Wrestling Federation?
3329	Which Hells Angel member stabbed and beat an attendant of the 1969 counterculture-era rock concert in the United States?
3333	Lighthouse Beach is a small section of the Fire Island National Seashore that is adjacent to a state park in Long Island that is how big?
3334	What party campaigned for the Irish Home Rule Movement?
3337	Which opera had more contributions to its making from friends of the composer of the opera, Eugene Onegin or The Devil and Kate?
3338	What did the NBA player who visited Tlacote el Bajo win during his rookie season?
3341	Which American novelist was notable primarily for publishing science fiction, Allen Drury or Philip K. Dick?
3344	Where is the location of Liberty Square park in Disneyland California?
3347	Panna a netvor is a re-telling of a classic tale by what novelist?
3353	Are both the flowering plants Desfontainia and Alisma  in the family Potaliaceae?
3354	How many people go through the airport where Darwin Airline's headquarters are located?
3355	Who voices the character that stars in Baseball Bugs?
3364	Carroll County, for 12 of the 13 counties, were named for which wealthy Maryland planter?
3365	The Curaçao Centre for Correction and Detention changed its name to Sentro di Detenshon i Korekshon Kòrsou at this event which saw the dissolution of a Caribbean country on what date?
3366	To which place was this Irish convict portrayed by Oscar Redding in "Van Diemen's Land" transported for theft?
3371	Which movie used more styles of animation and filming, James and the Giant Peach or Tangled ?
3374	Which genus has more species, Lantana or Silybum?
3376	The people for whom pap is a staple food speak a language that is a major branch of what language family?
3378	What items are used to play both Lapta and Rounders?
3379	Who died more recently, Lincoln Steffens, or Monique Wittig?
3382	Who wrote lyrics for both "Little Shop of Horrors" and the song "Be Our Guest?"
3394	What is the name of the city located near the historical region known as Margianḗ in Greek?
3395	What languages did the son of Sacagawea speak?
3404	Who wrote shorter stories, Raymond Carver or Lydia Davis?
3418	Kyle Ezell is a professor at what School of Architecture building at Ohio State?
3420	Which genus is native to more continents, Nothoscordum or Callirhoe?
3421	Securinega and Zamioculcas are both examples of what?
3425	Where is the headquarter of the American multinational chemical corporation who's part is Dow AgroSciences?
3426	Are York Minster and Brentwood Cathedral in the same country?
3427	Are Cryptanthus and Gagea, both a genus?
3429	 No. 3 Elementary Flying Training School RAAF operated at an Airport during World War 2 that is closest to Which city center in Australia?
3431	 Which attack resulted with the formal surrender of German forces, the Battle of Guam or the Spring 1945 offensive in Italy?
3436	In the NASA mission where Moon trees were taken into space, what was the nickname of the Command Module?
3443	Who was the author of the book "The Coming Global Superstorm" and was also the host of the radio program "Coast to Coast AM?"
3447	The HMS Seraph is most famous for a WWII operation intended to cover the allied invasion of Sicily in what year?
3448	Although Michael Fincke's record was broken by Scott Kelly, commander of the International Space Station (ISS) on Expeditions 26, 45, and 46, what was his record for the most time in space?
3449	Goldilocks and the Three Bares was a film that was totally separate from the fairy tale from what century?
3450	Are both Lygodium or Maxillaria a genus of orchids?
3451	The current home ground of the Salford Red Devils was built for what season?
3453	The Red Butte Creek oil spill occurre din a pipeline that was owned by what successor company to Standard Oil?
3454	Which song that John Kirby scored  is often the final piece of music played during an evening of revelry?
3456	A Pair of Brown Eyes and Wild Mountain Thyme is based from what artists song?
3457	What composer with an Italian libretto was born 4 March 1678?
3458	What is the brand who makes canned meats that had its own cook off in Austin until 2007?
3459	What is the full name of the company co founded by Jay Van Andel?
3463	Which of the case was held in a higher ranking court, South Dakota v. Dole or Rogers v. Okin?
3468	What Air Base became an airport that is home to the 101st Air Refueling wing of the Maine Air National Guard?
3469	What is 25 miles south of Groom Lake?
3471	What type of ovulation does the animal formerly known as the pygmy chimpanzee have?
3472	What role in the military did the discoverer of the elliptical galaxy NGC 3610 have before reaching Britain ?
3474	Are George Stevens and Luc Besson American cinematographers?
3475	What was the title of the man who Sir Thomas Hungerford made his fortune working as a steward to?
3476	Caprice No. 5 was composed by what Italian violinist, guitarist, and composer, who was the most celebrated violin virtuoso of his time?
3484	Which auhor is younger, Nevil Shute or Grace Metalious?
3487	Willi Forst and Brian Robbins are both what?
3490	Murray Seafield St George Head most recognised for which song from the concept album and subsequent musical "Chess" by Tim Rice, Benny Andersson and Björn Ulvaeus?
3491	What organization does Sandra Pizzarello and Doctorate have in common?
3492	Henry W. Bloch School of Management is named after the founder of an American tax preparation company that is based where?
3494	When was the novella written whose film adaptation was played during the Christmas season of "Afternoon movie" and contained the character of Ebenezer Scrooge?
3498	To what group of plants do both Dieffenbachia and Carlina belong?
3501	Name any class of vertebrates within the class of Mammalia that has atleast 2 types of sensors?
3504	Where was the first governor after the The Missouri Compromise from?
3505	The person that William Flannery was an architect for entered the publishing business in what year?
3511	Was Vanderbilt University or Emory University founded first?
3514	Who founded Methodism along with the man who was also part of the revival movement in England and the Great Awakening in the United States?
3520	Which county is Jollyville, Texas located in that had a population of 1,024,266 as of the 2010 census?
3521	Did both the Beaulieu Mine and Colomac Mine fall into bankruptcy?
3526	Which player for the Chicago American Gears held the record which George Harry Yardley III broke
3527	The title of this Swedish-French crime television series in English refers to a natural phenomenon where the sun remains visible for what?
3528	When was Ben McNiece played his debut  in the Anzac Day clash  against Collingwood at the Melbourne Cricket Ground?
3529	What is the genre of music shared by vocalists Barney Greenway and Jens Kidman?
3530	The song "Only a Pawn in Their Game" was based on a crime whose perpetrator was convicted in this year.
3541	Sinimole Paulose's favorite events are the 800 metres and another event that has been a contest at the Summer Olympics begining in what year?
3543	The central figure used in the corporate branding of Singapore Airlines has been an element of it's marketing since what year?
3546	What type of believer does Mir Jafar Baghirov and Joseph Stalin have in common?
3547	The 2009 Fort Hood mass shooting was committed by who?
3552	Who died last Vladimir Arnold or Georg Cantor?
3553	What do the Church of St. Mary of the Spring and Hagia Irene have in common?
3555	What were the nicknames for the companion of Nuna?
3557	What philosophical system did the author of a novel about Howard Roark develop?
3558	John Constantine Williams, Sr was cofounder of a Florida city located in what county?
3560	Where are the offices of the weather service that serves the Kansas city which was named after an agreement between European Americans and the Osage Nation?
3565	Does Lucozade pre-date Hires Root Beer?
3571	Which countries forces fought in The Battle of Hürtgen Forest which was covered in the shooter video game Darkest Hour: Europe '44-'45?
3573	Which plant has more species, Bolax or Jovibarba?
3574	In what year did the brother-in-law of Ezzo, Count Palatine of Lotharingia, die?
3575	What animated movie, starring Danny Devito, featured music written and produced by Kool Kojak?
3580	What federal agency was founded in 1935 and maintains a list of wanted persons?
3585	Which battle, that resulted in the death of Selyf Sarffgadau and Cadwal Crysban, did the Synod of Chester contribute to starting?
3586	What Indian government tag was given to the handicraft known for making simple loose clothing worn over the shoulders?
3589	What Japanese fashion label was founded by the creator of Dover Street Market?
3596	Who conceived the rapid transit system that Klemzig Interchange is a part of?
3600	Trilochanapala, last king of the Kabul Shahi dynasty, ruled in the site of which modern country?
3601	Which areas of the United States were still able to deny sames sex marriages after the case in which Edith "Edie" Windsor was the main plaintiff?
3604	The book translated as "School of Religions" was suggested to be written by whom?
3605	In the "Star Trek" franchise, DeForest Kelley portrayed a character aboard which starship?
3607	The most famous song of the last monarch of Hawaii was what?
3615	Do both Lee Tamahori and Robert Redford work as a director?
3619	The terminology of algebraic geometry changed drastically with the introduction of the general methods, initiated by a mathematician of what nationality?
3626	Thomas Fitch defended John Henry Holliday when he was accused of killing men during the gunfight at the o.k. corral, when was that?
3628	WHere are both Sanming and Jiutai District located?
3631	In addition to Syosset Central, Half Hollow Hills Central, and the school district that has Henry L. Grishman as its superintendent, what other school district is near Hauppauge Union Free School District?
3632	What city does Saint Paul School of Theology and United Methodist Church of the Resurrection have in common?
3633	Which school is older, Dartmouth College or Cornell University?
3634	What was Sophia Dallas' husbands name who served under the 11th president of the United States?
3635	Are Nikolaschka and White Russian made of beer?
3636	In which period the first King of Norway's son who was the king of Norway?
3637	According to the 2010 census, what was the population of the city in which Andover USD 385 is located?
3643	Which genus has 5 known species, Leonotis or Psychopsis?
3647	The Gap band was from what neighbor hood that was known as the black wall street?
3653	Which part of Handel's Messiah covers the birth of a child who, according to the gospels of Luke and Matthew, was born in Bethlehem?
3654	How many total staff (including part-time, flexible, and fixed contract staff) does the broadcaster, who released HyperNormalisation, employ?
3655	James Conlon directed the oldest outdoor Music Festival that is located and what state?
3656	In which of the largest surviving medieval old towns in Europe is the Vilnius Cathedral located?
3657	The standard that defines Svalbard and Jan Mayen is similar to what standard that originated in the United Nations Statistics Division?
3658	What province is the city where Matts (Matti) Wiktor Hoikka was a blacksmith and politician?
3659	Near what ocean does the highway carried by the Long-Allen bridge terminate near?
3660	Where does the city situated where Kellyville Ridge is located?
3662	What Polish pioneer in watchmaking was an associate of Wincenty Gostkowski?
3663	Who has a wider scope of profession, Hrag Vartanian or Hovsep Pushman?
3670	What is the former name of the animal whose habitat the Réserve Naturelle Lomako Yokokala was established to protect?
3673	Are Columbia University and University of Colorado both private universities?
3674	Do both Icehouse pieces and El Grande come from the same game?
3676	The Westchester Knicks are a basketball team in a minor league basketball organization that was known as what from 2001 to 2005?
3679	College Humor is a 1933 American pre-Code musical comedy film that starred what American singer and actor who has a trademark warm bass-baritone voice?
3681	This American is best known for his work on such Disney animated films as "Beauty and the Beast" and a 1996 American animated musical drama film whose plot centers on who?
3685	Are Yucca and Rodgersia both perennials?
3689	What is the english translation of the name of style of novel of which The Company is an example?
3692	Which magazine launched first, Real Simple or Life?
3694	What was the middle name of the pilot who was portrayed by Levon Helm in the film The Right Stuff ?
3695	The Companions were the first of what type of cavalry?
3696	What year did the director of The Quiet American die?
3697	Where did this dish emerge in the late 1950s that is a long-standing tradition in New Jersey?
3699	How many albums have been sold by the singer who released the 2002 single "Sk8er Boi"?
3701	Christopher I of Denmark succeeded his brother, who was king during what period?
3702	What was the name of the country ran by the president who maintained the mercenary unit, White Legion?
3703	Who was born earlier, Garry Marshall or Leni Riefenstahl?
3705	What is served shaken with ice and should not be mistaken with the name Margarita?
3707	What is the city in which Bauerfield International Ariport is based out of?
3710	Which British Indian novelist and essayist did Anthony Burgess address in a lengthy letter?
3712	How big is the campus of the University that Ben Bahan is a professor at ?
3714	What is the pen name of author Carolyn Janice Cherry, who wrote the Fortress Series?
3715	Are Robin Wilson and Adrienne Bailon of the same nationality?
3716	 Which singer, who released his debut solo album in 2012, served as producer for the EP Live at the Third Man by White Denim in 2011?
3720	Father Jean-Pierre Aulneau de le Touche was killed before he could go on an expedition to Mandan, which is located in which state?
3727	What is the primary duty of the Austrian Pinscher and the Maremma Sheepdog?
3728	Australian National Airways was founded by the person who made the first what in 1928?
3730	What island in the center of Pearl Harbor is connected to the O'ahu by a floating bridge?
3731	When did the party inspired by Cacareco begin in Canada?
3733	The McKinley Tariff was framed by the representative who was later assassinated in what month?
3736	What topic does GeekDad cover that pertains to a line of plastic construction toys that are manufactured by a privately held company based in Billund, Denmark?
3737	What are both Stauntonia and Pimelea?
3738	Arundel Castle was damaged during a war between which two groups?
3742	During the period known as the Second Red Scare Alexander Trachtenberg was convicted under which Act?
3749	Who lived longer, American author Owen Wister or Canadian author Lucy Maud Montgomery?
3760	The Churchills is a TV exploration of Winston Churchill and his ancestor the Duke of Marlborough, presented by which English historian and broadcaster?
3762	Saturn AL-31 is an engine that powers the aircraft produced in what country?
3763	At what age did Cieli di Toscana's singer become blind?
3764	Which region of Austria means 'Estate of the Salt Chamber' and covers the village of Obertraun, a popular destination for skiing and snowboarding in the winter?
3765	Wexner Graduate Fellowships are given to students who show an ability of an individual to "lead" or guide who?
3771	Rowland Salley's best-known tune is "Killing the Blues", which has been most recently covered by which American singer-songwriter active mainly in the outlaw country music and Southern rock genres?
3772	What iron-hulled steamship designed by Theodore Timby was The Orleans County Monitor Newspaper named after?
3780	What was the nickname of Judy Lewis's father?
3781	By what other names was the king known whose reign was the first included in the Year Books?
3786	What 1876 battle featured the Other Magpie?
3788	Thomas Maclellan of Bombie was Provost of what town, as well as constructing MacLellan's Castle in the center of that town?
3794	What country does Salmonby and Somersby, Lincolnshire have in common?
3799	The "Happy Fun Ball" was the subject of a series of parody advertisements on a show created by who?
3800	The Findlater Castle built on a 50 ft -high cliff overlooking the Moray Firth was redesigned in the 14th century based on the model of what Scottish castle?
3806	How long is the road the A12 is a part of?
3810	The Hoch Conservatory had the teacher on-staff who was the first to publicly perform any work by which composer?
3814	Who is an Australian philosopher that inspired Living High and Letting Die?
3815	Mesih Pasha's uncle became emperor in what year?
3818	What did Phuture begin that spread to the United Kingdom and Europe
3820	What pistol cartridge was the original cartridge for the service pistol produced by a German arms manufacturer between 1896 and 1937?
3825	Were Will Durant and Margaret Mitchell both philosophical writers?
3827	Were Darby O'Gill and the Little People and Dangal only produced by Walt Disney Pictures?
3828	The Good Dinosaur features the voice of what Canadian-born New Zealand actress?
3831	In what region of Argentina is the city of Gualeguaychu located?
3833	What type of band is the group who released a 2007 compilation CD?
3834	Were Ulrich Walter and Léopold Eyharts both from Germany?
3836	What is the top speed of the faster roller coaster, between The Riddler's Revenge and Green Lantern ?
3838	Mesilla Park, New Mexico is located on the south side of the seat of what county?
3839	What year was the midfielder who shot the winning goal in the 2009 DFB-Pokal Final born?
3842	Which composer was born later, Gaetano Donizetti or William Walton?
3847	Dean Mills Reservoir is on the slopes of the hill located in what town?
3848	Though Nursultan Nazarbayev was elected through the democratic system of “rule of the majority”, citizens though what of his election?
3855	What was the name of the treaty that made Hungary a landlocked state which contained the Kolozsvar Ghetto?
3856	Which university is this American philosopher, theologian, and Christian apologist, who supports theistic science, professor at?
3858	University of Wisconsin–Madison and University of Notre Dame are both what?
3860	Are Tweedia and Crossandra in separate families?
3861	In what New York town did Glenn Martin Hughes attend high school?
3865	Which of these is a genus of flowering plants, Anemopaegma or Semele?
3866	Who is the head of state of the territory where the Ibrahim-al-Ibrahim Mosque is located??
3868	Which is located in Cornwall, Southwell Minster or Truro Cathedral?
3872	The 34th Pursuit Squadron of the United States Air Force was among the 60,000-80,000 prisoners of war who were involved the Bataan Death March during what war?
3875	Which is a French documentary, The Seine Meets Paris and Great Old Amusement Parks?
3877	What colloquial umbrella do Rutgers and the many Ivy league schools fall under?
3878	Are Fabián Bielinsky and Nelson Pereira dos Santos both directors?
3880	The Cromwell station is located in which Maryland county?
3882	In which six Western European territories have Celtic languages or cultural traits survived?
3885	What current state is the location of unrecognized and autonomous territory in the United States created in 1784 that was led by David Campbell?
3886	What sport does 200-foot game and Jonathan Toews have in common?
3887	What animal does Mahratta Greyhound and Tibetan Spaniel have in common?
3888	In what county is the General Motors Technical Center located?
3889	Which German aeronautical engineer concieved the Dornier Aerodyne?
3891	Which Oxford University graduate did Midge Mackenzie interview in "Women Talking"?
3892	Under Which Stanmore born prime minister was John Gorton a serving minister?
3894	Are both Alabama Slammer and Yorsh non alcoholic drinks?
3896	The name of the Japanese rock band T-Bolan was inspired by the name of an English rock band formed in what year?
3898	What bird of prey can be found around Brackendale?
3899	The composer of the album "Nightbook" received his training at what school?
3900	During what months of the 2003 invasion of the Iraq were the media outlets accused of having a pro war basis?
3901	Which is the busiest airport in the United Kingdom outside of London?
3905	Are 111 Murray Street and 220 Central Park South both located in Manhattan?
3906	What title did the Queen of the United Kingdom of Great Britain and Ireland give to Jeremiah Meyer?
3914	What is the current model of the iconic mascot co-created by Harold Bell?
3915	Between Amazing Stories and Aquarium Fish International, which magazine is devoted more to hobbies related to physical activities?
3922	What were the nations after 1722 that composed a culture that was extensively studied by William N. Fenton?
3924	Glad to Be Unhappy is a song composed by what American?
3925	Which grandson of Emperor Nicholas 1 was the father of Princh John Konstantinovich of Russia?
3926	The Minister for Defence Industry is currently the member of the Australian House of Representatives from what city?
3927	What is the name the Columbian film loosely based on a story about a dying child's dreams and hope first published in 1845 by Hans Christian Andersen?
3930	H-63 is a highway that runs near the county seat of what Michigan county?
3932	What kind of film was the film who featured Auli'i Cravalho?
3933	On what river is the city where Stade 24 Novembre is located situated on?
3936	The Trappist Abbey of Achel produces and sells what as an "Authentic Trappist Product"?
3937	Where did the tribe Mato-tope chief over reside?
3942	China Bio-Immnunity has developed a vaccine for which viral disease that causes brain inflammation?
3945	What is the population of the province Herald Provincial Park is in?
3947	Which airline partners with Gogo Inflight Internet and opened in 1984?
3948	Wich children's novelist whow was first published in 1939 gained an internaional following writting about an orphaned girl named Anne Shirley?
3949	Who is the mother of Mary Robinson in Shakespeare's "The Winter's Tale"
3950	Nguyễn Văn Trỗi tried to assassinate a future ambassador from which US state ?
3951	Which agreement resulted from multi-party talks held in St Andrews in Fife, Scotland and was opposed by the Concerned Republicans?
3952	What is the net worth of the founder of Intel Corporation as of 2016?
3953	Are Alice Munro and Lillian Hellman both writers?
3961	How many Major League Baseball teams usually attend the meeting where the John H. Johnson President's Award is awarded?
3962	Len Wiseman directed "Live Free or Die Hard" which is the 4 installment in the Die Hard film franchise base on what character?
3965	The Peak Galleria is located near the summit of a mountain that has an elevation of how many meters?
3966	What current NHL team owner played for the team that won the Stanley cup in 1992?
3967	What kind of unit was led by the German general who wanted to rush north up the Channel coast to capture Boulogne, Calais and Dunkirk during the Battle of Boulogne?
3972	What county is Keene High School located in?
3974	What is the profession of Ansel Elgort's character in "Baby Driver?"
3981	What festival is held every June in Bartlesville, Oklahoma?
3986	Which criminal case filed in Santa Clara County Superior Court did judge Aaron Persky rendered the verdict in
3994	Which maker of Robatumumab is American?
3995	 La Yesca Dam was inaugurated by which Mexican politiician and President of the country from 2006-2012?
3998	 Inglis Barracks bombing was the first IRA attack in England since a bombing thats purpose was to kill what leader?
4000	Who was the head coach for the team whose fourth round draft pick in 1974 played college football at Alabama A&M?
4001	Which writer won the Nobel Prize, William H. Gass or Naguib Mahfouz?
4005	What lieutenant general stayed in the Elliott-Donaldson House?
4011	What Harry Potter actor strred in My Boy Jack?
4012	Armand Castelmary played Horatio in the 1868 version of the opera set to a play by whom?
4017	What two ideals are the foundation of Neo-libertarianism?
4024	Oscar is what type of animal with black fur that may be a mixed or specific breed?
4025	The first person to reach both poles named a glacier after which person?
4028	What was the nationality of the person Mountbatten Institute was named after?
4031	What "sport" involving animals dates all the way back to the Tang Dynasty and continued to the beginning of the 19th century?
4035	In what part of Scotland is Bass Rock located?
4040	Which genus has more species, Azorina or Azadirachta?
4044	Which building near Piazza San Fedele is the world's oldest shopping mall?
4048	This high school located in the Bronzeville neighborhood was named after a settler who was arrested by who?
4050	What nationality is the man who developed the dictator game?
4051	A molera is a "hole" in the head of a breed of dog that comes in two what?
4059	Which major Australian city is close to the Pelican Point Power Station on the Lefevre Peninsula?
4064	Which case came first,  Barnes v. Glen Theatre, Inc. or Diamond v. Chakrabarty?
4065	Which US State, hIstorically dominated by the Republican party from 1860 to 1932 is represented by State Senator George D. Maziarz?
4066	What soldier and statesman was also a brother to James FitzJames mother?
4067	What street was the adult entertainment district of the Liberty Tree District centered on?
4069	Mount Austin Barracks is located near the Peak Tram terminus at what mountain that is also known as Mount Austin?
4074	Which dog breed is NOT recognized by the Fédération Cynologique Internationale (FCI), the Korean Jindo or the Taigan?
4077	Which book by William A. Dembski summarizes the concepts he introduced about intelligent design in another of his works?
4078	Operation Cold Comfort was a failed raid by a special forces unit founded in what year?
4079	The Kilby International Awards were named after the inventor who discovered what electronics phenomenon?
4081	Are both Weberocereus and Conospermum part of the same genus?
4082	The movie Chariots of Fire was based on the true story of which Scottish Christian athlete?
4088	In what year did the director of The Lion King win the Tony Awards?
4090	In which poetic form is Mad Girl's Love Song written and appears in the novel The Bell Jar by Sylvia Plath?
4095	"It's Me That You Need" is a song with lyrics written by Bernie Taupin and which artist whose career spans five decades?
4099	Who wrote the book that inspired the name of the CD/DVD "Here at the End of All Things"?
4101	In which war was the Meuse-Argonne Offensive executed?
4104	Which castles, besides Bamburgh Castle, are located on the northeast coast of England?
4107	Who co-founded View Askew Productions and produced numerous movies starring Jason Lee?
4109	The creator of the Lisa Simpson character was born in what year?
4115	Perry Ellis played for the college team that competes in what conference?
4118	The Synod of Chester led to the battle of the same name that took place in what time period?
4120	Sporobolus and Zea are in the same what?
4127	Aleksandr Dugin, the father of fascism, came to prominence during which era in Russia?
4128	Robert Allen "Bob" Case is best known for inspiring the naming of which initial area of low pressure developed off Atlantic Canada on October 29?
4139	What where both Hawker Hurricane and No. 1455 Flight apart of?
4141	Jomar Brun contributed to an operation designed to prevent what country from producing nuclear weapons?
4147	Are Castor et Pollux and Manon Lescaut composed by the same people?
4148	On what day did the battle that involved the Gin Drinkers Line end?
4153	The Sophia Amalia was named after the wife of a king that ruled which two countries in 1648?
4155	Who opened Gunnersby Park and signed the Munich Agreement?
4156	The last Republic serial made about a superhero stars what actor in the title role?
4157	Jean-Paul Sartre or George Bernard Shaw  have more influence on turn of the century literature?
4171	Who did a new permanent member on the fourteenth season of  So You Think You Can Dance play in High School Musical?
4172	How many members did Joseph Yablonski's union have in 2014?
4177	Where was the Danish colony, in which the Scandinavian Collectors Club claims as part of their region and includes the islands of Saint Thomas, located?
4178	Harry Emerson Fosdick was called to serve as pastor at a church that opened its doors on what date?
4184	What stone cube, meaning "stumbling stone", was designed by an American public affairs campaigner?
4185	Are Hanafuda and Okey both card games?
4189	Where was the private university that Alan Hurwitz served as the 10th President located?
4190	What Ruben Fleischer film did No One's Gonna Love You appear in?
4191	What is the current capital of the district that Michael "Mike" Campbell is from?
4192	When does the universe, Earth, and all life on Earth were created as believed by an organization which commissioned The Voyage That Shook The World?
4193	Ferrari 360 was replaced by the sports car that debuted at what event?
4198	What three other National forests are administered by the same people who administer the park in which the Art Loeb trail runs through?
4205	The chicken is a type of dance pattern that is a change of pace of what dance?
4212	What was the nickname of the English monarch that Petruccio Ubaldini presented one of his books?
4215	Which country is home to Alsa Mall and Spencer Plaza?
4216	The HTC U11 major carrier is Sprint, but it can be unlocked for this Texas company that is world's largest telecommunications provider?
4217	Which conference is the team for which Justin Bannan played college football currently a member of?
4219	What is the English translation of the noodle similar to Taglierini that is not tagliatelle?
4221	What company has a headquarters in Whitley, Convernty, United Kingdom?
4222	In what city did Jack J. Stephans coach from 1979 to 1980?
4223	How many beer brands are in the portfolio of the company that hired Leonardus (Leo) Petrus Beukeboom to decorate cafes?
4224	Where is the University of North Carolina at Wilmington, population 112,067 located?
4228	Where is the group of islands named after Purdue University's professor of forest ecology from 1947 to 1973?
4229	Which county was included in the Diocese of Reno and was also the county seat of Ormsby County prior to 1969?
4236	This American film and stage actor played the self-destructive soldier Prewitt in Fred Zinnemann's 1953 film that centers around which event?
4240	Who directed the 1940 film in which John Arledge appeared?
4243	When was the composer who created Peter Schmoll und seine Nachbarn born?
4248	Who won the 1981 CART PPG Indy Car World Series in Avondale Arizona?
4249	Are Benjamin Britten and Béla Bartók from the same country?
4253	John E. EchoHawk is a leading member in a social movement that wants to reverse what ?
4257	Which lake is located further south, Dal Lake or Waterton Lake?
4258	Who starred in more films Margaret Landon or Elizabeth Taylor?
4259	Queen Elizabeth Grammar School, Wakefield is a type of secondary school that caters to children of what age cohort?
4261	Paddington is a television program based on the books that first appeared on what date?
4262	Which cloth town in the high Middle Ages gives the name to the dye associated with the man who is said to rob from the rich and give to the poor?
4264	What nationality was Oliver Reed's character in the film Royal Flash?
4265	Augustus Jesse Bowie Jr was the innovator of the switch that was crucial to leading to the passage of which federal legislation in 1936?
4268	Which person went into space at a later date, Sigmund Jähn or Christer Fuglesang?
4270	Which is located farther West, the Cascade Locks and Canal or Lake Worth Lagoon?
4271	Which of the following board games accommodates up to 10 players: The Game of Life or the History of the World?
4275	The  Actaea genus is native to what continent that the Onoclea genus is not?
4276	What colors are worn by the Oregon Duck, mascot of the University of Oregon athletic teams?
4279	Were Paul Éluard and Georges Bataille from the same country?
4282	"The Empire Builder"'s Columbia River Subdivision was part of which line?
4283	John T. Mather Memorial Hospital is located in a village in what Suffolk County, New York town?
4284	Where in Greek mythology was the father of Benthesikyme venerated as a chief deity?
4289	Ckm wz. 25 Hotchkiss was a Polish derivative of what machine gun that became the standard machine gun of the French Army during World War I?
4295	Who authorized this infantry that was organized in the northern states during the Civil War and was commanded by RObert GOuld Shaw?
4296	The 43d Air Mobility Operations Group is stationed at which largest military installation?
4299	Roger Stuart Woolhouse is a biographer of a philosopher commonly known as what ?
4300	Who portrays Rachel Zane on the American legal comedy-drama that airs on USA Network?
4301	Nikolay Mitrofanovich Krylov and Anatoly Fomenko both held what academic title?
4302	St Anne's Academy is an 11–18 mixed comprehensive academy is located in a town that had how many inhabitants in 2011 ?
4303	William Sidney Sid Hatfield was the Police Chief of Matewan, West Virginia during a shootout between local coal miners and the Baldwin-Felts Detective Agency that is referred to as what?
4309	Are both Coldplay and Pierre Bouvier from the same country?
4312	which persons private jet called Trump Force One which is built by Boeing Commercial Airplanes and is the manufacturer's largest single aisle passenger aircraft that is produced from 1981 to 2004?
4315	The founder of the Metroplex record label attending high school in what city?
4317	The largest lake in New Hampshire sits how many vertical feet lower than Lake Kanasatka?
4318	What types of activities occur in both the Bennington and Bridgewater Triangles?
4320	Who resides in the palace that was the inspiration for the Kensington System's name?
4325	What is the estimated population of the city in which the suburb of Beaumont is located ?
4327	José Rubia Barcia  published a great number of books and articles on a Spanish poet, playwright, and what?
4330	What was Muammar Mohammed Abu Minyar Gaddafi's title during the Libyan Civil War?
4340	From what county is Steven Avery, wrongfully convicted man on which the documentary Making a Murderer is based?
4343	are Mikhail Glinka and Jean-Baptiste Lully both composers ?
4344	Are John le Carré and Tim Winton both novelists?
4346	What was held in 2011 at the same stadium where the seventeenth edition of the IAAF World Championships is scheduled to be held in 2019?
4349	The 2003 South Australian National Football League Grand Final saw the Central District Bulldogs defeat a football club whose home base is currently known as what?
4351	Typically how many pages were in the fiction magazine in which Robert E. Howard wrote in 1930s?
4352	Walt Disney World Quest: Magical Racing Tour includes the space-themed roller coaster that was opened on what date?
4353	What airline was a monopoly with a hub at Sheremetyevo International Airport?
4355	What role is played by John Travolta in the film that greatly influenced the two dances, the disco fox and the hustle?
4357	What was the nationality of the composer of Chaconne in F minor?
4358	In what year was the college that Cal Hovde served as dean for founded?
4359	Who died and had his dog wait in Japan for him for 9 years after his death?
4361	What German philosopher, economist and political theorist was Jakob Lukas Schabelitz a friend and associate of?
4366	Which f beer brewed in the Pajottenland region  American wild ale similar to
4368	Where is the international airport which Eagle Aviation wet lease operations were based in located
4369	The Lisbon Traviata revolves around fans of the soprano who was of what nationality?
4370	National Strategy for Homeland Security was a response to the events that partially took place at what Arlington County, Virginia location?
4372	King of Norway Magnus Barefoot launched aggressive military campaigns in this region that was at times independent of external control and was known to the Norse as what?
4375	What type of license is the open source roguelike video game video released 2012, in which a subset of it's pricing model is a called free-to-play, licensed under?
4377	The Zapruder film shows President John F. Kennedy's motorcade as it passed through a plaza that was named aNational Historic Landmark in what year?
4386	Which constituent college of the University of Oxford in England was Francis Leighton warden of?
4387	Calling All Dawns includes the theme for the game "Civilization IV," written by whom?
4393	Why did Rudolf Hess stop serving Hitler in 1941?
4395	Who did the 39th Vice President of the United States serve under?
4396	This Fox News Specialist Host also took over what Fox Business Channel news program in 2013?
4397	What type of media does Jeff Rona and Veeram have in common?
4398	What was the official religion of the lands of the husband of Dorothea of Denmark, Duchess of Prussia?
4399	What year did the movement that Tess Asplund protested in the viral image of her with her fist in the air disband?
4404	Which was secretary to President Richard Nixon: Rose Mary Woods or H. R. Haldeman?
4418	Pak Sao is a technique in the martial art specializing in what type of fighting?
4425	In the summer of 1972, "Metal Guru" was the last UK number one for T. Rex and its lead singer. What was his name?
4426	According to the 2010 census, what was the population of the city after which the vice president, in April 1813, was named?
4429	What country of origin does Shawnee Trail and Great Indian Warpath have in common?
4432	Which "novel with a key" was written by John Ehrlichman about the CIA, base on events leading up to the Watergate coverup?
4433	author of the popular "Getting Started in Electronics" founded Micro Instrumentation and Telemetry Systems (MITS) in what state?
4436	What sort of activist is the author of The Irrational Atheist?
4441	Which Air Force member was behind enemy lines for 11 1/2 days and had the largest,longest and most complex rescue mission?
4444	Were the films Tonka and 101 Dalmatians released in the same decade?
4450	Which of the cities of Dujiangyan City and Ezhou has the larger population according to their latest census ?
4451	Nell Williams Plays a younger version of this Character in HBO's Game of thrones that is also in Which fantasy novel Series written by George R.R. Martin?
4452	Which bank has more branches, China CITIC Bank or UniCredit?
4453	100 indviduals with the surname 'Preradovic' died at which concentration camp that straddled the southern border of the Hasburg Monarchy?
4454	Who was the  "King of Denmark, the Vends and the Goths, elected King of Norway's" brother?
4455	What is the population of the county Rockingham County which Little Bay Bridge meet the river between it
4456	What language, traditionally written with the ancient Libyco-Berber script, is closely related to the Tumzabt and Teggargrent languages?
4459	Where was the opera, which was the subject of After Aida, first performed?
4465	Bridgewater Trustees major source of income came from a canal that was commissioned by whom/
4466	What is this subfamily within the cat family Felidae named by Reginald Innes Pocock that is descendant of Pseudaelurus?
4468	What are the colors of the tricolour flag that was adopted in 1919?
4469	Are The Limousines and Faith No More from the same state?
4471	Which town was home to a forward for the Western New York Flash?
4473	Which river flows next to the German town where the music project "I Drink My Coffee Alone" by Alex Gazin originates from?
4474	When "Good Night" was aired on "The Simpsons 138th Epsiode Spectacular," which actress did the voice of the character named after Matt Groening's mother?
4475	Which partner of Jash was born in 1970?
4476	Were both documentaries, Loot and Air Force, Incorporated, released in the same year?
4477	The Six Arms Saga was written by the former editor-in-chief of what company?
4478	In the 2004 United States senate election, re-election was won by what American plitician who was first elected in 1998, defeating what three-term Republican incumbent?
4482	Oklahoma State Cowboys are part of what NCAA Division?
4486	Japanese destroyer Oite participated in what conflict that ended with the surrender of the American forces to the Empire of Japan?
4495	What player was the first overall pick in the 2004 NFL draft and had the Manning Field named after him?
4496	What television show was,based,on an 1908 novel by Lucy Maud Montgomery?   Anne.
4501	The Oppenheimer security hearing explored the associations of the wartime head of which laboratory?
4504	Which group of people in West Africa with significant populations in Ghana, Ivory Coast, Liberia and Sierra Leone use the Ida?
4508	Does Linzhou, Henan have a larger population than Xingcheng?
4509	What country of origin does Robert brothers and Jacques Charles have in common?
4515	When was the Russian composer who composed "Prisoner of the Caucasus" born?
4517	What profession does 2007 Formula 3 Euro Series and Romain Grosjeanhave in common?
4525	The Ranters were a loose collection of radical so-called heretics whose main objection was with what major division of Christendom?
4527	What type of boat was the German submarine U-505 that was captured by the U.S. Navy in 1944?
4531	The water-based dark ride in Walt Disney is connected to a song known for what?
4536	Are both genera Silphium and Heliotropium, genera of flowering plants ?
4538	Which of the castle along the flow of River Fiddich  is a ruined castle near Dufftown in the Moray region of Scotland?
4547	What did Pioneer 4 fly by before inserting into the type orbit that planets of the Solar System are in around the sun?
4551	How many people live in the County serviced by The Collier Area Transit system?
4553	"Clydebuilt" is on the south bank of what river?
4557	Raiffeisen Zentralbank is the central institution of one a group of co-operative banks in Austria. What is the name of the other group?
4560	Which species is the most numerous, Podocarpus or Osmunda?
4561	By what name is the King that Gothard Wilhelm Butler was captain of the guard for known in Poland?
4574	What Cuban American baseball player was suspended in the new steroid policy of the 2005 Major League Baseball season?
4575	The German software corporation who has established Remote Function Call (RFC) has its headquarters in what city?
4586	Akademik Lomonosov was named after a Russian polymath, scientist, and writer, who discovered the atmosphere of what planet?
4603	Which director won an Academy Award for best director for his work on the film, "Midnight Cowboy?"
4608	WHich college is located in the United States, Grand Valley State University or Carleton University?
4609	When was the earliest known pottery created in the country which was the native land of Admiral Yi Sun-sin, who conducted the Battle of Happo?
4610	What year was the man, who is credited for developing a Crescograph, born?
4611	Löwenbräu and Bürgerbräukeller are both located where?
4612	Tritonia and Phyteuma are both names for a what of plants?
4613	where is the Vanderbilt mansion which Ochre Point–Cliffs Historic District is its home located
4614	Where is the head quarter of the Blue Bird Body Company?
4615	The musical composer of Manru was a spokesman for what country's independence?
4616	Which is bigger, Griffon Bruxellois or English Mastiff?
4619	Robert Earl Holding owned an oil company that was originally founded by who?
4621	Which hospital opened first, St. Elizabeths Hospital or Providence Hospital?
4630	What group of participants that carried of Operation Neptune Spear is sometimes referred to in the U.S. media as a Special Mission Unit?
4633	Ralf Popken had a role in a musical that is a satire on corruption in the administration of criminal justice, bringing what concept to light?
4634	Peter Jackson is Emeritus Professor of Medieval History at a public research university founded in 1949 as what?
4635	Along side Thomas Alan, which singer's first three albums were recorded at The Boarding House?
4639	Which terrorist group was the cause of the battle in which Mark E. Michell won an award for his actions?
4646	In Ancient Egyptian religion how would a citizen be weighted to decide if they where worthy of damnation and would face the torment in the lake of fire ?
4651	What major landform lended its name to both the Blue Ridge Music Center, and American's longest linear park?
4656	The primary jockey of Binocular was Champion Jockey how many consecutive times?
4657	SMS Emden mounted a symbol on her stem-head from what Kingdom?
4658	In what year did the playwright who wrote "The City Heiress" die?
4661	Which magazine is based out of more countries, Adventist World or Baseball Digest?
4662	The fictional private detective that appears in "The Adventure of the Seven Clocks" what written by whom?
4664	Who won the special election in 2014 to replace Bill Young?
4665	Who provided the source material for the 2015 Australian revenge comedy-drama film in which Rebecca Gibney featured?
4667	Which airport is used for both public and military, Shenandoah Valley Regional Airport or Louisville International Airport?
4671	The father of Manning Marius Kimmel retired from the Navy in what year?
4675	What was the position in the United States Army of the Lieutenant general that Confederate General Robert E. Lee surrendered to?
4676	Who is the sister of Princess Zein and the daughter of a British woman?
4678	How many personnel does the Navy that had Gilliam-class atttack transports have on active duty?
4679	Is Northeast Florida Regional Airport farther from St. Augustine than Glacier Park International Airport is to Kalispell?
4680	Stig Lennart Blomqvist drove which car produced by German automobile manufacturer?
4683	When was the younger brother of Farshid Karimi born ?
4688	Sony/Philips Digital Interface Format can transmit over what Toshiba optical fiber connector system?
4691	Mount Gunnison was named in honor of an explorer born in what year?
4693	Inductivism was a scientific method attributed to a man that served in what two capacities?
4695	Aleksandras Stulginskis' successor held office between what dates?
4696	Who was born first Garo Yepremian or Michael Casey ?
4697	The Northern Circuit dates from a year when a King of England married to whom sent his justices on circuit?
4699	How was Ada Lovelace, the first computer programmer, related to Lord Byron in Childe Byron?
4701	Are Catasetum and Origanum in the same family?
4703	Which Austrian and later American chess master who was also a highly influential writer and chess theoretician competed for the first contest  that was defined "in advance" as being for the world championship?
4708	A. N. Prabhu Deva is the former vice chancellor of a university located in what state?
4710	Bill McCollum took a leadership role in the Senate trial that began on which date?
4711	Rawlins Park is a small public park in a neighborhood that got its name due to what ?
4716	Æthelweard was an author of a Latin version of which collection of Old English annals?
4719	Which member of the music group Guy spearheaded the fusion genre New Jack Swing with Bernard Belle in the 1980's?
4721	The Clavivox was invented by an American composer who was born Harry Warnow in what year?
4727	Which breed of dog was first recognized by their country's official kennel club, the American Hairless Terrier or the Saint-Usuge Spaniel?
4728	Where is the  city and "comune" in Emilia-Romagna in which talian Renaissance painter ;Ludovico Mazzolino located
4729	Which plant, the Chaerophyllum or the Cryptanthus, can be found in various places across the world?
4732	When was the author of "Albert Speer: His Battle with Truth"  convicted?
4733	Which author found inspiration in their career prior to writing, Hart Crane or John le Carré?
4734	Wolf and Sheep was screened at which 2016 film festival?
4735	Who was undefeated since the Athens games with 28 medals?
4737	What year did a Russian soprano opera singer born in October 1926 leave Russia with her cellist husband and daughter?
4738	The 2013–14 Phoenix Suns season brought back a player who now plays for what team?
4740	Who voices Homer Simpson's character on the animated television series?
4741	Fort Snelling spurred growth of Saint Paul was located in this county?
4743	Are both Grapico and Izze artificially flavored soft drinks?
4746	Jim Betts ran against the first American to orbit what?
4747	Luther: The Calling is based on the BBC crime drama comprising six episodes that were run in which year?
4751	What medieval fortress is believed to refer to a chapel at the bottom of a hill?
4752	Who was the biological father of the emperor who built the Nemi Ships?
4755	The British longhair is defined by what registries?
4761	Which country in Florida is the airport associated with transportation in Jacksonville, Florida?
4765	A play that was first performed on February 16th, 1728, at the Theatre Royal, was written by an English novelist who was also the author of what novel?
4767	Arnold Richards was the former chair of what organization that is a member of the Center for Jewish History?
4768	If Selfridges in London is the UK's second largest shop, which store - today owned by the State of Qatar - is the biggest?
4770	Which Bulldog includes breeds such as "Standard" and "Classic," the French Bulldog or the American Bulldog?
4771	Which was published first, Take It Easy or Personal Preference?
4774	Which breed of Dog was developed in Germany, The Large Münsterländer or Bracco Italiano?
4775	Orange is the New Black, starring Annie Golden as Norma Romano, takes place in which minimum-security federal prison?
4777	Reinhold O. Schmidt was a UFO contactee in the same era as which Polish-American citizen?
4778	What adorns the archaeological artefact excavated by Thomas Bateman on 3 May 1848?
4785	What substance is always in a trap to prevent the passage of anything from either direction,  even sewer gases?
4787	Are Mirpur University of Science and Technology and University of Debrecen both Universities located outside of the United States?
4789	Lucy Pevensie is a character in the series of fantasy novels that have sold more than how many copies?
4791	James Davidson reported on which infamous American serial killers?
4792	The 45th president of the United States did what to the Grand Hyatt New York?
4794	The Havanese and the Black Mouth Cur are both which kind of animal?
4802	Gene Sculatti write for CREEM sometime in the 60s or 70s, what famous term did CREEM coin for describing a genre of rock?
4805	Who is the mother of the king that Walchelin de Ferriers was principal captain to?
4808	W. Tresper Clarke High School is in what county?
4809	What election will take place on the same day as the United States Senate election in Texas?
4811	Miller County is named after a governor who was born in which year ?
4816	Veljko Čubrilović was involved in the assassination of which heir to the Austro-Hungarian throne?
4819	What region of Italy was Giorgio Pini born in?
4823	Stokely Webster has paintings can be found at the official residence of whom?
4827	Who is writing a book about the Koch family who control the second-largest privately owned company in the United States?
4828	Which sister of Margarita "Peggy" Schuyler Van Rensselaer is sometimes called Betsey?
4829	Who was the probably maternal grandfather of Edmund II?
4835	In 1632, where was one of the most highly acclaimed English architects born?
4837	What is the population of the city that Munsonville is in the northwest corner of?
4838	A relative of the emu is native to which continent?
4839	Are the Barton Mine and Hermiston-McCauley Mine located in The United States of America?
4843	Who assassinated the 20th President of the United States?
4848	The 1st Alabama Siege Artillery Unit were massacred by Confederate troops under whose command?
4849	The astronomer who formulated the theory of stellar nucleosynthesis co-authored what landmark paper?
4857	Which genus contains more species, Crowea or Dracula?
4858	Between Pine and Butea, which genus has the greatest number of species?
4863	What position in the court does the Professor of Law at the Interdisciplinary Center in Herzliya hold?
4865	Which battle took place first out of the Battle of the Ch'ongch'on River and the Battle of Tarawa?
4866	The Story of the Man Who Turned into a Dog is a type of play that fits into the genre that was founded during what era?
4867	Who was soldier Archie A. Peck's commanding officer during the Meuse-Argonne Offensive?
4871	Where does the team coached by someone with the nickname "Coach K" play?
4872	Whose third name comes first in alphabetical order, Juan Carlos Onetti or Richard Llewellyn?
4873	Which town in New Hampshire with a population of 5,457 in 2010 is located by Mount Monadnock?
4874	Adam Fox was one of the first members of an informal literary discussion group associated with what University?
4875	What Finnish Christmas figure, which eventually become more or less conflated with Santa Claus, has modern representations typically made of straw.?
4877	Who has won more literary awards, Annie Dillard or Gabriel García Márquez?
4878	What was the author of Freeway Warrior's original occupation?
4879	What role was played in "Who Framed Roger Rabbit" by the actor who played an Addams Family character played by Jackie Coogan in the original television series?
4884	Ghostkeeper's plot is inspired by a legend that lends its name to what type of medical condition?
4885	Multiculturalism in the Netherlands reached new heights following the murder in 2002, in part, with what Dutch politician, civil servant, socialogist and professor who formed his own party?
4893	What kind of building did the Romans use that is still the most common architectural style for churches in Europe and America?
4894	Which American actors and comedian played a New York City tailor in The Angel Levine?
4896	In the television series Green Hornet, which actor played the role of Kato?
4902	What character did James Byron Dean play in his final lead role, which earned him his second Academy Award?
4903	What is the name of the man who was partners with the electrical engineer that was awarded the Nobel Prize in Physics in December 2000?
4904	what movie starring Melissa McCarthy features a character named Slimer?
4909	Who directed the film in which Catherine Ann "Kate" Bosworth made her debut?
4914	What was the name of the band of Confederate army deserters in the 2016 movie starring Matthew McConaughey, Gugu Mbatha-Raw, and Keri Russell?
4915	Codex Escalada shows an apparition to the saint that is a native of which country?
4916	In the USA, gun powder is used in conjunction with this to start the Boomershot.
4918	What kind of music do The Stone Roses and The Lemonheads play?
4923	Which dog breed, the Schapendoes or the Bull Terrier, has its origins in a greater number of other dog breeds?
4926	What was the original name of the female singing group that recorded "The Happening"?
4927	Which was Disney's 2nd animated production, Pinocchio or Home on the Range?
4928	Dum Dum Motijheel College is located in the capital of West Bengal?
4929	What was the nickname of the author of the comic strip on which a a 2015 American 3D computer-animated comedy film produced by Blue Sky Studios and distributed by 20th Century Fox was based?
4930	What is the name of the region that includes the cities Dover and Portsmouth, New Hampshire?
4931	what language did the ethnic group which Torstein Ellingsen was its drumer  speaks
4934	Northland Mall was the first directionally-named shopping center in Columbus, 5 years before which shopping center at the intersection of US-40 and I-270?
4935	Dangerous is a book by which political commentator?
4936	What professional dancers twice turned on a lights festival taking place on the Fylde Coast in Lancashire?
4937	When was the American film, television and theater actress born who was a star in the film the Matchmaker and also received the 40th AFI Life Achievement Award?
4939	Where is the American Hockey League, that Dan Frawley played in, located?
4940	John Douglas Gibson lived his whole life in a suburb of what city?
4945	In what year was the most famous statute at Po Lin Monastery built?
4947	Who preceded the man who had the Nassak Diamond cut and placed into the handle of his sword?
4949	Which is a formal name of a species of tree, Bee tree or Microcachrys?
4959	Are Couroupita and Graptopetalum plants both native to central America?
4960	What ethnicity are french people referring to when they use the term banlieues?
4962	Which has more species in Asia, Disporum or Boltonia?
4966	What year did the father of Willem van Oldenbarnevelt die?
4970	How long is the river The Atherton Bridge spans?
4972	The court in which the most important decisions of the "Black Book of the Admiralty" where established under a monarch who was also known as the what of Scots?
4975	What is the surname of the Italian composer of the works for which the baritone Giovanni Polese was celebrated?
4978	Which 1962 film starring Tom Courtenay is based on a short story of the same name?
4979	Which party dominated the last three elections of the state in which Arataca is a municipality?
4984	What are caesium-137, radium and uranium-234 examples of?
4985	Havelock Ellis and Arnold Bennett were both what?
4986	The Carnaval del Pueblo is Eurpoe's largest celebration of what expression of the people of Latin America?
4989	What university in India hosts a literary festival which has had as a previous invitee the former Union Minister of Panchayati Raj?
4990	Mooreville, Mississippi is located on which Interstate highway that follows US Route 78?
4991	When was the Austrian "Schutzstaffel" (SS) officer born based on who's life Schapira co-authored a book?
4992	The British diver featured in Splash! specializes in what event?
4993	Who was the boyfriend of Thelma Lou in the series with Jim Nabors?
4995	In which year was the choreographer for "Best Foot Forward" born?
4996	Who was born in August and was a professor?
4999	Which Native American activist was known for his involvement in the American Indian Movement which addresses incidents of police harassment and racism against Native Americans?
5001	What is the population of the town that starts with the letter "B" that is connected by State Route 582 to Las Vegas?
5004	Which is a type of herb, Brassia or Achimenes?
5005	Currently, which division does the fighter, who lost to Jon Jones in the UFC 140 event, fight in?
5007	Dahlia and Aruncus are both examples of what type of plant catagorization?
5008	What is the name of one the Italian Navy's new warship?
5009	Carol Kane played the wife of which fictional character on Taxi?
5014	How many major novels did the author write, whose 1811 book was adapted for a 2008 film with a screenplay by Andrew Davies ?
5022	W41AP is a station owned by the daily newspaper serving what nearby city in Erie County?
5023	Which of the people that helped Max Hoffmann do defeat the Russia army was born on 9 April 1865?
5024	Bill Bryson grew up in a city that is the seat of which county ?
5027	The younger brother, who became king, of Princess Mafalda of Savoy reigned for how many days?
5032	What is the legal name of Johnny Campbell's hometown?
5033	What is the name of the company that is the successor to News Corporation following its split on 28 June 2013 that Paul Cheesbrough works for?
5034	What is the war that No. 22 Squadron RAAF followed as far as the Philippines sometimes called?
5035	When was the film containing the song "I'm still Here (Jim's Theme)" published?
5037	After partially sinking in 1994, Celestyal Crystal was rebuilt for the purpose of what Bermudian company?
5038	Cartman Finds Love is an episode from the sitcom created by whom?
5039	To Catch a Predator was devoted to impersonating people below the age of consent for which in North America varies by what?
5040	What river is the city that Cyprus Classic Motorcycle Museum is in on the banks of?
5052	Who was born first, Ana Kasparian or Andre Agassi?
5057	Which guitarist that played on the LP Street Survivors and was a member of an American Southern Rock band from May 1976 until his death Oct 1977?
5061	Whose helmet is it discovered in 1939 which is well preserved and together with the Coppergate Helmet?
5062	The Little River Railroad is operated between Maryville and what pioneer Appalachian and resort community?
5064	In what Italian region was the House of Grimaldi?
5065	When did the person who claimed that Fidel Castro was killed in the 26th July Movement but was proven wrong by Herbert Matthews first serve as President of Cuba?
5073	Is The Stuff of Legend and Babes in Toyland both entertainment?
5074	Where is stadium that was named after Rodney Cline Carew?
5075	Are both Ixia and Rhexia a plant genus?
5076	Who composed music for this 1941 American animated film with the main character of Jumbo Jr.?
5078	In what directional area of Argentia would one find the Rio Hondo Department?
5082	What county is Icknield Walk First School located in?
5083	The former British protectorate of Rhodesia became two countries with the Zambezi river as the border. Zimbabwe lies to the south; which country is north of the river?
5085	The manufacturer that owns the company that currently produced and marketed Skittles is headquartered in what US state?
5086	Why is Bangor Daily News talkin about Sawin Millett?
5087	On which continent did Pia Miller make her appearance, in the teen magazine, Dolly?
5088	The Grieg crater is named for a Norwegian composer who composed during what era?
5089	From what countries are Gauhar Ali and Iftikhar Ahmed from?
5090	In what movie did a Kenyan-Mexican actress, who graduated from Hampshire College, star in in 2015?
5092	The 1966–67 NHL season ended with a win in the Stanley Cup by the team from which division of the Eastern Conference?
5093	Who created and mostly wrote the show that Idris Akuna Elba played Stringer Bell in?
5094	What year was the essay which Henry Louis Gates and Cornel West criticized in their book, "The Future of the Race" first published?
5095	Which university did the singer of "Long Time Gone" study?
5096	Are the Kabataş Erkek Lisesi school and the Küçüksu Palace located in the same city?
5097	Grafton and Carroll counties as well as the Pratt Family Camps border what lake in New Hampshire?
5098	The Soul of a Butterfly is an autobiography of a professional boxer that was born in what year?
5099	In addition to serving in the largest seaborne invasion in history, what is another military operation that Edmond Harjo served?
5100	What relation is Anakin Skywalker to Princess Leia?
5102	Eleventh Dream Day and The Shins are both rock bands from where?
5103	Friedrich Ratzel coined the phrase Lebensraum; which political movement made it notorious by taking it to extremes?
5105	What dynasty was the creator of Mouten Cadet wine a part of?
5107	Which breed was bred first, the English Water Spaniel or the Estonian Hound?
5108	Clipper Cargo was a subsidiary cargo airline of  the principal and largest international air carrier in the United States that was founded in what year?
5109	 Who was born first Burton Cummings or Sharleen Spiteri?
5114	Tommy Faile sang the song "the legend of Brown Moutain Lights", about a series of ghost lights that can be seen from which viewpoint outside Linville Falls?
5116	Live at Radio City is a live Album recorded in what City?
5122	Which composer was born earlier, Paul Hindemith or Béla Bartók?
5130	Which is farther west, Sheridan County, Montana or Chandra Taal?
5132	In between Anaïs Nin and Odysseas Elytis who was awarded the Nobel Prize in Literature?
5137	A journal to which Jim Rasenberger contributes is the official journal of an institute located in what city?
5138	The Ran Paul presidential campaign, 2016 event was held at a hotel on what river?
5145	What nymph may have a mother who fell in love with Narcissus?
5148	which German philosopher wrote "The opera "Lulu"
5149	What is the ratio of flow velocity past a boundary to the local speed of sound for a Saab JAS 39 Gripen?
5150	According to the 2010 census, what was the population of the city in which Boyle's Thirty Acres was located?
5153	FC Barcelona ambassador Ronaldinho won what French award in addition to FIFA World Player of the Year?
5157	What Cuban preisdent overthrew Mary Tarrero-Serrano?
5159	Shaheed Udham Singh is a movie based on what massacre that took place on 13 April, 1919?
5162	On the Knocking at the Gate in Macbeth is an essay by what English essayist best known for "Confessions of an English Opium-Eater"?
5166	What town did Moe Sedway have success in after Benjamin "Bugsy" Siegel's murder?
5168	Which season did Brain Billick coach the Baltimore Ravens though in 2001?
5170	What was the specialization of an American naval officer who led the aircraft of the United States Antarctic Service to photograph Cox Point?
5173	A man known as one of the most brutal pro-Confederate guerrilla leaders in the American Civil War had a following that included a bank and train robber from western Missouri raised in what area?
5178	Which genus contains more species, Laurus or Syzygium?
5179	The plateau region between the Atlantic Coastal Plain and the main Appalachian Mountains is in what state?
5180	What language, also known as the Amazigh, is part of Siwa Oasis?
5182	What was the name of the hill that was the seat of an estate uphill Aldbury?
5186	The 1998–99 Los Angeles Lakers season included the signing of the rebounding specialist who had what nickname?
5190	What is the area of the desert that Ghanzi is in the middle of?
5191	Javier Frana and Thomaz Koch both share what occupation?
5192	Which university is located more east, Indiana University or University of Pennsylvania?
5193	How long did the king who created the coins of the hawaiian dollar rule?
5194	Thomas Major was the engraver to the estranged son of which monarch?
5196	What year did the infantry regiment featured in the 2006 film "Only the Brave" begin?
5202	On May 25, 2017 Greg Gianforte won the special election following the resignation of a politican that current holds what position?
5205	What sibling of John D. Rockefeller III was the chairman of Chase Manhattan Corporation?
5207	Which dog is believed to dispel ghosts and evil spirits, Segugio Italiano or Sapsali?
5209	What is the country of origin of the film Dui Purush and the music director Pankaj Mullick
5216	Who supervised the sting operation that implicated Evelyn Dawn Knight?
5224	Hatyapuri was a novel by the filmmaker of what nationality?
5232	Who served as a Prime Minister in postwar Britain?
5234	Where did the hijacked plane rammed by Heather Penney crash?
5236	Masters and Johnson labeled the orgasmic platform while researching what?
5237	Where was Nobel Laureate in Physics know for his contributions with Abdus Salam and Steven Weinberg a professor?
5238	In what year was the university where Sergei Aleksandrovich Tokarev was a professor founded?
5239	What country are both Dafeng District and Jixi in?
5240	When did Henrietta Ponsonby's father die?
5243	Alan Schechter supervised a woman with her senior thesis entitled what
5249	Where is the animation studio that produced Mary and the Witch's Flower based in?
5253	In what year was the 1965 World Series MVP elected to the Baseball Hall of Fame?
5255	Harrison Newey made his ADAC Formula 4 debut with a partner who is the son of who?
5257	The Kahn Trussed Bar for beams and columns was invented by a man raised in what US city?
5258	Ryan Fredericks plays for a professional football club based in which city ?
5260	Who died in the battle located near the River Boyne in Ireland?
5261	How many episodes were in the original run of the HBO show that Kristin Davis played the character Charlotte York Goldenblatt?
5263	Which is founded by a president, University of Washington or University of Virginia?
5264	The Battle of Nanchang was fought between the Chinese Nationals and what ground-based armed force of Japan?
5266	In what year was the coach who led the 2007 South Carolina Gamecocks football team in his third season as USC head coach born?
5267	Alex Haley wrote what novel about a man that was born in 1750?
5268	Who directed the 2007 film which  Sasson Gabai won an Ophir Award for?
5271	In which county does the  8th Military Police Brigade  of the United States Army's Barracks located?
5274	Which Outer Banks landmark and premiere BBQ restaurant has been featured in the magazine Southern Living?
5276	During which years was the politician, upon whom the character Allison Taylor from "24" is baded, First Lady of the United States?
5277	The Devonshire Club was named in honor of which British landowner and politician?
5279	In addition to Richard Strauss, Luigi Nono, Krzysztof Penderecki, Joaquín Rodrigo, and the German composer whose known for "Das Marienleben", what other composers have been represented by ESZ since the 1950s?
5284	What city did the author of "Portraits and Prayers" choose to live in after moving to France?
5287	From which country is the largest known example of European Iron Age silver work?
5289	WBYA is a radio station licensed to a town with what population as of the 2010 census?
5291	Are John O'Hara and Rabindranath Tagore the same nationality?
5293	How long did The Shire of Flinders, which encompassed the extremity of the Mornington Peninsula located south-east of Melbourne, Australia, exist?
5297	Was the Sacramento Deep Water Ship Channel or the Contra Costa Canal completed in an earlier year?
5301	Which city in Missouri is the Route 66 State Park closest to travel from, St.Louis or Eureka?
5302	What is the name for plastic water-filled barriers that you might find along the MacArthur Road highway in Pennsylvania?
5307	Which documentary is the oldest, The Private Life of Plants or Marx Reloaded?
5308	Rosemary Willis was seen in the grass in what Texas town, where John F. Kennedy was assassinated?
5309	Ethel Winter worked with which avant-garde theater director?
5311	Which documentary film follows poetry, Race to Nowhere or SlamNation?
5312	Human Shadow Etched in Stone is an exhibition to showcase which bombing that killed 129,000 people in 1945?
5313	Which one of Ricardo Rodríguez Saá's relatives would become governor from 1983 to 2001?
5315	Barnstable County Hospital was the location of the autopsy of the son of President John F. Kennedy and Jacqueline Kennedy, and the younger brother of who?
5320	The Sentinelese language is the language of people of one of which Islands in the Bay of Bengal?
5321	Which software application was originally made for the company that acquired RadioShack in 1963?
5326	What is the familial relationship of the founder of the Gulf Cartel to Juan García Ábrego?
5327	What is the formal name for the sporting facility located in Coos County, New Hampshire?
5332	Are Todd Haynes and Chris Columbus of the same nationality?
5333	When was Leeds no longer called Elmet?
5335	What American agronomist that worked on The Green Revolution won a Nobel Peace Prize?
5343	Which English Egyptologist is known mainly for his works in the Egyptian Museum that is named after the capital of Egypt?
5344	Do James Schuyler and A. E. Housman have the same nationality?
5346	Are Dorothy Parker and Maxine Kumin the same nationality?
5347	For which Thomas Rickman film did Sissy Spacek win an Academy Award for Best Actress?
5348	The Runge-Kutta methods were developed by M.W. Kutta and a German mathematician, physicist, and Spectroscopist that was born in what year?
5350	When was the person who did the music for Manru born?
5351	Oxley Highway ends at a coastal town that had how many inhabitants in June 2016 ?
5354	Who designed the building that the 58th Technology & Engineering Emmy Awards were held in?
5355	What did Eric Radomski produce that premiered on Disney XD on May 26, 2013?
5356	Are Portland International Airport and Gerald R. Ford International Airport both located in Oregon?
5357	The composer for the music in the film "A Clockwork Orange" was born in which state?
5358	The film Navakoti Narayana was based on the life of Purandara Dasa who was born in what year?
5359	How many times has the author of Writing with Intent been shortlisted for the Booker Prize ?
5361	When did Peter Capaldi play the role of Mr. Curry in Paddington 2?
5362	What waltz was composed by "The Waltz King" in 1844?
5366	What do Woodstock and American Dream have in common?
5368	Are the movies "Monsters, Inc." and "Mary Poppins" both by the same company?
5369	What actor replaced the Welch actor born in 1978 who played Robin Hood in the first season of "Once upon a Time"?
5372	From which phrase the name of the place where Hazina Towers is under construction?
5373	The American Astronomical Society presents an award named after what New Zealand astronomer?
5374	Alexander Borodin wrote what piece of music named after the Kiphchaks and Cumans?
5377	How was Tiger Pataudi related to Iftikhar Ali Khan Pataudi?
5379	Siegfriedstellung in the First World War was a defensive position of what country's army?
5388	What objects were carried into battle by these naval ships for qhich the QF 6-pounder Hotchkiss were introduced to defend against?
5394	Eric Stark Maskin was a  teacher for which university, located in New Jersey?
5395	What is the electric racing series British race car driver Alex Lynn drives for and is owned by Virgin Group?
5396	Whose brother was a king of the East-Saxons?
5399	Por Baazar contains a cameo by an Indian film director, screenwriter, producer, actor, playback singer, and television host, who was born to Javed Akhtar and who?
5404	What is the genus and species of the bear in which the Florida black bear is a subspecies of?
5410	Who coached the Indians and was the first Native American to win a gold metal his home country?
5414	How many members exist in the conference represented by the Michigan State Spartans in the 1993 Liberty Bowl?
5415	The "unofficial national anthem" of Australia is the basis for the nickname of what soccer team?
5416	What are the two categories of the non-electric version of the neighbourhood electric vehicle?
5417	What was the slogan  that came about from the idea of Lebensraum which had its most extreme form supported by the Nazi Party until the end of World War II?
5420	Where was David Angell headed when he died aboard the American Airlines Flight 11?
5421	What position does Kyle York hold at the internet performance management company Dyn?
5423	Which conflict was this person whose assassination led to Mark Fulton taking over command the Loyalist Volunteer Force involved in?
5425	What conference does Ralphie the Buffalo's football team play in?
5431	What university employed the psychologist that inspired David McClelland's thinking on power??
5433	What are both Eleutherococcus and Amaryllis?
5434	What is the familiar name for the first operation in the Battle of Normandy, also codenamed Operation Overlord?
5436	After whom was the area, where  The Phillips Collection is located, named ?
5441	Peter and the Wolf was originally released as a segment of an animated anthology released to theaters on which day ?
5445	The eastern coast of Ivan Zammit's birth city is located along what body of water?
5448	What year was the inventor of Rejuvelac born?
5449	Which amusement park at Coney Island, Brooklyn, New York City,  without being the grandest, was the island's longest lasting?
5451	The brother of Ferdinand Alfred Friedrich Jodl served as what position in World War II?
5454	Nevada's second busiest commercial airport was named after which career United States Army officer?
5456	Widewuto, a legendary king of the pagan Prussians, was believed to have existed before which army launched crusade against the Prussian peoples?
5460	August R. Lindt served as chairman of a UN program from 1956 to 1960 that won how many noble prizes ?
5462	What was the company that was co-owned by the person who Abbe error was named after?
5463	What railroad in which Challengers were most common was completed in 1915?
5467	Who was the narrator of the 26-episode series which featured the British national museum organization with branches at five locations in England?
5473	What actor starred in "Word of Honor" and "Miami Vice"?
5474	jean Sagbo, considered "Russia's Obama" is considered to belong to what ethnic group based on his having African heritage or dark skin?
5478	When was the federal US law made that was responsible for shutting down Braniff Airways?
5479	What was the name of the person that was interviewed and later written about by John G. Neihardt?
5490	What type of art does The Consul and Arlecchino have in common?
5503	What schools of thought are drawn from in the academic discipline of Hafiz Rashid Khan?
5507	What aspect of the board game Diplomacy is not found in the board game Uncle Wiggily?
5511	Are both Microcachrys and Protea endemic to the same continent ?
5514	Cagliostro-Walzer op.370 was composed by a man born in what year?
5518	The vynil collectible Vinylmation are all shaped with the body of a cartoon character created by who ?
5521	What is the central institution of Cheyenne Indian tribal governance that Ehyophsta was not a member of?
5527	The Jodrell Bank Observatory was established in 1945 by what English physicist and radio astronomer?
5532	What product is being built at a 107,000 acre industrial park for Tesla Motors?
5533	Are Eryngium and Arnebia in the same kingdom of life forms?
5535	Kiki Preston was the alleged mother of a child born out of wedlock with a prince born in which year ?
5536	Alexandra Park in Greater Manchester, England was created in response to an event that ook place during what years?
5538	Lafe Pence was a member of which lower chamber of the United States congress?
5540	Who led the Texian Army in the battle in whichJoseph L. Bennett served as lieutenant colonel?
5542	The W. H. Shipman House is in what Hawaii county?
5543	The facility where Robert Croft worked as a navy instructor was also known as?
5546	Stabat Mater was written by a composer of what nationality?
5547	Who is the US Olympian and Christian evangelist did the 2010 non-fiction book by Laura Hillenbrand focus on?
5549	What prize was won in 1963by this physicist who was part of the Princeton Three?
5552	Are Portuguese Podengo and Russo-European Laika the same breed of dog?
5553	Which field of studies did Semyon Aranovich Gershgorin and Anatoly Maltsev work in?
5554	Southern California Logistics Airport is how many miles northwest of Victorville, California?
5556	Which European Space Agency astronaut flew more Space Shuttle missions, Hans Schlegel of Germany or first Belgian in space Dirk Frimout?
5559	The Swallow Bluff Island Mounds is a Mississippian culture archaeological site that is located in this river which was once known by what name?
5568	Who was a student of Rolls Gracie and ran the Gracie Humaitá school in Rio de Janeiro?
5569	On which river is the shipyard established by Andrew Sprowle ?
5576	The Russian-British physicist who shared the Nobel Prize in Physics in 2010 has established a reserach center dedicated to continuing the work with graphene in what country?
5578	What do Victor Salva and Emilio Fernández have in common?
5581	Which Persian historical figure was an astronomer, Al-Karaji or Ahmad Nahavandi?
5583	What is the name of the person that named Moltke Nunatak after the Chief of the German General staff that served from 1906 to 1914?
5587	What characteristic meaning it's transferable between species, does monkeypox and cowpox virus both share?
5588	Are both Kaiping and Pingxiang, Guangxi located in Guandong Province?
5592	The Pappas house is the largest of the Usonian Automatics built after a house located in what village?
5593	How many daily flights are made by the Thai long-haul low-fare airline (part of the AirAsia Group) headquartered and based at Don Mueang International Airport?
5594	Which airport is further north, Valley International Airport or Aberdeen Regional Airport?
5595	 The A5117 runs between Shotwick and a village with a 2011 population of what?
5596	Who born earlier, Lewis Terman or  G. Stanley Hall?
5597	Dr. Saleha Mahmood Abedin's daughter was born in what year ?
5598	The world's greatest Super-Heroes anthology showcased one of four superheroes known for speaking the phrase "SHAZAM", what was their name?
5599	Are the films Gasland from 2010 and Pumping Iron from 1977 both documentaries?
5601	Which animal races annually for a national title as part of a post-season NCAA Division I Football Bowl Subdivision college football game?\
5603	Kurt Cobain: Montage of Heck documents the life of Cobain until his suicide in what state?
5606	Faruk Halibegovic was born in what city that is the capital and largest city of Bosnia and Herzegovina with a population of 275,524?
5611	What is another name for the people that the Torra di Tizzà was created to protect against?
5614	Was the Metropolitan Life Insurance Company Tower [Met Life Tower] or the 15 Hudson Yards building designed by the firm of Napoleon LeBrun & Sons?
5616	Which company had a ten year contract with the anti-hero from Escape From New York played by Kurt Russel?
5617	Which feature does the G-shock watch have that is tested by a leakage test?
5618	When was the medieval fortress abandoned that is to the north of Yellowcraig?
5620	The World War I Air Force pilot who has been credited with 80 air combat victories has been the subject of what forms of media?
5621	Which university has more schools, Ateneo de Davao University or University of Rochester?
5622	Baltic Neopaganism was a religious movement that included which poet and humanist?
5627	In what capacity did the author of the book,  An Inconvenient Truth,  serve in the United States government ?
5629	What year was the 2nd wife of the leader of the hussites born?
5637	Are Dogo Cubano and the Dutch Shepherd both breeds of dog?
5652	Which Italian composer was known for his long-flowing melodic lines and was included in the repertoire of Maria Callas?
5663	The inventor of the Maxim Gun issued 1.9 million shares to what man?
5666	what are the low sea stacks in the Shetland Islands called?
5668	 The original serialized story of the Bride of Re-Animator film was titled "Herbert West–Reanimator" and written by an American author who achieved posthumous fame through his influential works of what?
5672	whodesigned the first theoretical mechanism for the detonation of an atomic bomb and was part of the group of scientists who first discovered nuclear fission?
5674	In modern history of Syria this kingdom lasted for only four months, this kingdom surrendered to who?
5677	What was the population of the town as of 2000 where the historic tugboat Catawissa is located?
5678	Where does the founder of The International Grenfell Association act as a missionary to?
5679	What country is the Selun located in?
5681	What sort of dog did the same man who cared for the living gift that Martin Bormann gave Hitler have?
5690	Grimsby Minster is located in which English Province?
5692	 Umaru Mutallab had a son who tried to detonate materials about the flight that took place on what date?
5693	Mexican Indignados Movement is a response to a war also known as?
5699	When did the place in Canada where François Beaucourt (1740-1794) was mainly active acquired its present name?
5703	What theatre in St. Martin's Lane often hosts the English National Ballet?
5705	Undiscovered Country is a reference to the concept of the afterlife as the "undiscovered country" from which opening phrase of a soliloquy spoken by Prince Hamlet in the so-called "nunnery scene" of William Shakespeare's play "Hamlet"?
5706	How many periods in office were held by the British Prime Minister who led the "Who? Who?" ministry?
5710	The National symbols of Albania are used in this part of Serbia that are composed of which municipalities?
5712	When did the person for whom Tubman University was named serve as President of his country?
5718	Who brewed the first espresso coffee in space, Patrick Baudry or Samantha Cristoforetti?
5722	Roy Holder appeared in a 1967 film which was based on a play of the same name written by who?
5725	IS Paul Sloane noted for directing more musicals than  Jacques Demy
5726	Underwater! is a 1955 adventure film starring an American film actress who was a leading sex symbol in what decades?
5727	Did Yasuzo Masumura and Pitof hail from the same country and professional career?
5729	Are Mina Loy and Raymond Carver both British writers?
5738	The Light Princess was inspired by "what" literary tale published by Charles Perrault in 1697?
5752	A small regional passenger airline from Killeen, Texas moved its operations from a city owned public airport 6 miles northwest of Downtown Dallas to what airport?
5753	In 2106 this magnetically confine nuclear fusion device achieved the highest pressure of a gaseous mixture of negatively charged electrons and highly charged ions called what?
5756	When was  Evelyn Waugh famous work first published
5757	Kresy, which roughly was a part of the land beyond the so-called Curson Line, was drawn for what reason?
5759	 Cliburn railway station was a station situated on This railway that  ran between Clifton Junction near Penrith and Kirkby Stephen via what?
5760	What is the nationality of the scientist who invented in Tribometer?
5761	Which pistol was replaced by a pistol manufactured by Spreewerk?
5762	The Twelfth United States Army Group commander was the first chairman of what?
5767	The Hong Kong Museum of Coastal Defence is located on an island with a population of what?
5768	In 135 BC, a second campaign was sent to intervene in a war between Minyue and another ancient kingdom established at the collapse of whom?
5783	Which former college football quarterback is the nephew Wade Watts?
5786	What space mission is the Rear Admiral astronuat born 1923 known for?
5787	Between Parsifal and Saul og David which opera has more acts?
5791	What is the nickname of the island that is 1,415 km further to the east-southeast of Tokyo?
5798	What island is located  808 nmi northwest of the capital of Hawaii?
5805	Which game is a board game, Mensch ärgere dich nicht or Roulette?
5806	The Bee Cliff in northeast Tennessee overlooks a river that is how many miles long?
5812	In which region is the town in which  Fort Kongenstein is located ?
5815	Oprah Winfrey narrated a documentary about this athlete who rode 400 miles across his country to bring attention to the plight of the disabled in the country?
5827	Of the two genuses Gaillardia and Browningia which one is a genus of cacti?
5836	The New York, Westchester and Boston Railway has a terminus at the New York city in what county?
5837	What German computer repair technician may have inspired Diary of a Cannibal
5840	Which comic book was also written by the writer of Crossed?
5842	Who was born first, Maurice Ravel or William Walton?
5844	Mis'ry's Comin' Aroun is by an American librettist that won how many Tony Awards?
5845	What type of submarine was the non-nuclear U-32?
5846	What is the full name of the captain of the Australian team that won the 1930 Ashes series?
5847	Where were the presenters of the 2016 Brit Awards from?
5851	When was the colony William Bradford was governor of founded?
5854	Which battle took place closer to New York City, Battle of Fredericksburg or the Western Allied invasion of Germany ?
5856	Which Avalanche happened first, Rigopiano avalanche or 1999 Galtür avalanche ?
5857	The Grosvenor Museum takes its name from the family name of a title currently held by whom?
5858	Pyotr Verzilov is married to a Russian conceptual artist and what kind of activist?
5859	Which genus has more species, Monstera or Cercis?
5861	On what street was the hotel located where the fire happened that ranked one above the MGM Grand fire in severity?
5866	Who has more scope of profession, Edward Dmytryk or Otto Preminger?
5869	The Shrewsbury & Newport Canals Trust promotes the restoration of what navigable canal in England?
5870	The Dalmatian parliamentary election, 1861 was held in what crown land of the Austrian Empire?
5876	Dichroa and Lathyrus, both native to Europe?
5881	The Prodigal Daughter, though a book about an American, is by a novelist of what nationality?
5883	Which movie is loosley based off the Brother Grimm's "Iron Henry"?
5886	Leo A. Harris was also known for his handshake deal with Walt Disney that permitted the University of Oregon to use the likeness of what cartoon character created in 1934 at Walt Disney Productions?
5889	Which mountain is higher, Tongshanjiabu or Himalchuli?
5894	Thunderbirds was a film featuring the exploits of what part of the Oklahoma Army National Guard?
5898	Which American rock band is from Chapel Hill, North Carolina - Polvo or The Black Keys?
5899	Which bird-themed team did the baseball player, who frequented the Red Cedar Inn and was also known as Dizzy Dean, play for?
5900	In his book Mathematical Foundations of Quantum Mechanics, John von Neuman devles into which major field?
5902	Between the two operas, Mosè in Egitto and Lucrezia Borgia, which one has more acts?
5905	Who was born in 1922 and published a book in 1985 by Delacorte Press?
5907	Which as more species Cassiope or Deutzia?
5909	Southrey is a village in the civil parish of which village in the West Lindsey district of Lincolnshire, England?
5910	Egremont Castle is located in what market town, civil parish, and two electoral wards in the Borough of Copeland in Cumbria, England?
5915	What does the unique calendar system in Japan, who the first Emperor of Japan created, emphasize?
5917	In what year was the writer of the drama "Ingenious" born?
5925	Until when did this region exist as an organized incorporated territory of the United States, for which Samuel Thurston served as its first delegate?
5927	How many Academy Awards has the writer for the music of The Road to Hong Kong won?
5929	Martin Flavin and Peter Benchley both did what occupation?
5931	What is the manufacturer of the car used by the Ford CD2 platform's design inspiration?
5934	Which director is from the US, Wayne Wang or W. D. Richter?
5935	The Admiral's Men occupied which kind of theatre in the 1590s ?
5936	Who died first, Andrei Platonov or John Masefield?
5940	What film genre links Baghdad ER and Olympia?
5941	Who will conduct the firing cannons in Victoria as part of a musical piece written to celebrate the defeat of Napoleon in Russia?
5945	Heinrich Gross participated in the Nazi regime's Aktion T4 more commonly referred to as what?
5947	What superhero is followed in the American comic book series that started as a horror comics anthology and introduced the fictional realm based on Norse mythology?
5950	"Text Me Merry Christmas" is a song performed by Kristen Bell and a group that originated at what univeristy?
5951	Which writer died later, Agatha Christie or Clement Greenberg?
5953	In what group was the writer of Songs and Dances of Death in?
5954	Are Tímea Babos and Jack Sock tennis players?
5955	What entity with the capital city of Ciudad Victoria is a home to the northern grasshopper mouse?
5956	What football team did Mario Gomez and Javi Martinez both play for?
5959	Pulsed Pressure Cavitation Technique was developed at a natioal laboratory sponsored by what U.S. department?
5962	What type of comedian was cloned in a series centering on Mitchell Reynolds?
5963	Which documentary is newer, War/Dance or The Sorrow and the Pity?
5971	What record officially started in 1519 in the same state that holds the city Augustus Chapman Allen used his inheritance to fund the founding of?
5974	When was the son of Kingsley Amis born ?
5975	Ist das Ihr Fahrrad Mr O’Brien? is a German biographical radio play about life, works and legacy of an Irish novelist whose many satrical columns were written under what name?
5976	How many different schools does the university, in which Andrew J. Elliot is a professor of psychology, have?
5977	Who was the great grandfather of Franklin Seaver Pratt's wife?
5981	What american singer,had Warren Fu as one of their video directors, and also had to face allegation of illegal marriage with R. Kelly?
5990	Why did the Japanese occupy the westernmost and largest island in the Near Islands group?
5993	The Woodvale Historic District was built buy a company headquartered where?
5994	Are Lochner v. New York and Cooley v. Board of Wardens both Supreme Court cases dealing with labor laws?
5996	Which writer also enjoyed boxing, Amy Tan or Norman Lindsay?
5997	 Charice is the first international studio album of a singer who rose to popularity through what?
5999	Who owns the broadcasting platform where Games Done Quick is broadcast?
6002	When was the king that started coin production in Copenhagen born?
6003	when did the black Angolan was one of the earliest African-American landowners in what would become the United States.acieved his freedom
6006	Indian Mound Cottage was owned by the financier that co-founded which company?
6007	Which Democrat running for president in 2020 currently holds Maryland’s 6th district in the US House of Representatives?
6008	What United Kingdom Prime Minister was succeeded in the 1990s by the Leader of the Conservative Party?
6015	Which documentary film was released first, Chicken Ranch or The End of Suburbia?
6016	What Golden Globe Award actor starred in the film Little Fugitive?
6018	Are NRG Energy and Raymond James Financial  based in Great Britain?
6029	What is the man who Hofstadter's law is named after's profession?
6032	Which market town in Lancashire is part of the BB postcode area?
6033	Which major international airport in south-east England ranks as the 8th busiest airport in Europe and replaced Croydon Airport?
6034	Are Alexander Kluge and Sidney Salkow of the same nationality?
6036	What Australian Electoral Division in New South Wales created in 1906 covers suburbs like Alexandria?
6038	What part of the great power concerts such as the EU trio, the Nato Quint, the G7, and the G20, is Italy associated with?
6040	Which of the following works was completed first, Something Wicked This Way Comes or The Wind in the Willows?
6042	What Author reflected on the contrast between Ethiopian Airlines and other African Airlines?
6047	Which  princess of French origin did Conrad IV of Germany married to
6050	What made the man who abolished the Consell in 1718 resume the throne?
6051	What concert hall is located on the northern edge or South Kensington, London, and had songs chosen from a number of concerts there?
6053	Eduard Schweizer teaches at a German university with over how many students?
6055	Which composer was wrote his music most recently, Michael Tippett or Luigi Cherubini?
6060	Which genus of plant is named after a person, Amesiella or Cucurbita?
6062	Which Royal Air Force is located in a town that had a population of 2,841 on 15 April 2012?
6067	Who released the song "With or Without You" first, Jai McDowall or U2?
6071	Which was released first, Gasland or To Shoot an Elephant?
6074	Ken Pruitt  was a Republican member of an upper house of the legislature with how many members ?
6075	Which super bowl that took place at the Miami Dolphins home stadium, featured the San Francisco 49ers defeating the San Diego Chargers?
6078	Bridge of Spies stars a Soviet intelligence officer with what name?
6083	Are Harry Kizirian and Howard Kazanjian known for the same industry?
6084	Which football club did Michael Whitham briefly manage in Lincolnshire, England?
6086	Who is both an Austrialian-born British independent filmaker and is known for his work  with the YouTube series THE PERIODIC TABLE OF VIDEOS?
6091	Which came first, Battle of Antietam or Battle of Guam?
6094	Are both Barry Unsworth and P. G. Wodehouse from the same country?
6097	Are Dutch Smoushond and Sussex Spaniel's both dog breeds?
6099	Easter Airways' head office is located at which airport owned by Manchester Airports Group?
6102	Are The Man from Snowy River II and Miracle of the White Stallions filmed in different countries?
6114	Which system of parliament was modeled after the United Kingdom and is also used in Canada?
6116	What was the nationality and profession of the person responsible for the concept of a dimensionless number in physics and engineering?
6119	Which English actor starred in the 1995 american romantic drama film The Scarlet Letter alongside Demi Moore and Robert Duvall?
6121	What I Saw: Reports from Berlin, 1920-1933 is a book by a writer born in which year ?
6122	Who was the last monarch of England to be overthrown before The English General Election, 1690?
6129	Between Pinanga and Alopecurus which genus is more common in temperate regions?
6132	what species of plants are Chamelaucium and Vanilla derived from?
6134	Who was the director of the 1987 American psychological thriller film in which the actor, who played Bob Charles in "Not Necessarily the News", appeared?
6141	Have James Schuyler and H. G. Wells both published books?
6148	Atlas Shrugged was a film based on the books by a proponent of what philosophy?
6152	What is the name of the American author, songwriter, educator, lawyer, diplomat, civil rights activist and husband to Grace Nail Johnson who was the first African American executive secretary of the National Association for the Advancement of Colored People (NAACP)?
6156	Beyond the Edge was a docudrama about the mountaineer that was part of the Everest expedition led by whom?
6157	Where do both the New Jersey Devils and the Seton Hall Pirates play?
6160	Jaroslav Kvapil the Czech poet was born in the Kingdom of Bohemia, also referred to by what name?
6162	The 2015 CrossFit Games were held at what multiple-use sports complex that is approximately 14 miles south of Downtown Los Angeles?
6163	What stadium in Pyongyang, North Korea hosted the Collision in Korea and is also known as the May Day Stadium?
6169	Who helped initially design the Gotha Go 229 and later died in Argentina in 1994?
6172	Which South African politician won the indirect presidential election with 277 votes?
6176	What is the nickname of this American retired airline captain celebrated for his water landing with Jeffrey Skiles, after a bird strike and being unable to reach an airport?
6186	Who was born first, Bobby Keys or Joe Cocker?
6190	What is the estimated population of the province where Winnipeg Jewish Theatre is located?
6191	What career did the British actor born in 1965  and star of Lock, Stock and Two Smoking Barrels have before acting?
6193	Who wrote the tragic play which also has a 1968 film with a soundtrack by Nino Rota?
6196	Which university was established first, University of Washington or Texas Christian University?
6200	Which breed of dog has origins outside of the United States, Old German Shepherd Dog or Black Mouth Cur?
6205	What type of vegetation does Tabernaemontana and Crinum have in common?
6207	The community that contains Downtown Summerlin occupies how many acres?
6209	Which is a flowering plant, Pueraria or Pleiospilos?
6210	What was a series of battles during the Revolutionary War, for control of New York City and the state of New Jersey, fought on October 28, 1776 near White Plains, New York?
6211	José Baviera starred in the 1962 film by the filmmaker who worked in what countries?
6214	Extract starred what American actress who is known for her work on Saturday Night Live from 2005-2012?
6216	What river can a  large African bovine be seen bathing in in the Mwabvi Wildlife Reserve?
6218	The host of PokerFace is from where?
6225	What nationality was the pirate who along with Robert Culliford stole Jean Fantin's ship ?
6227	The creators of the product designation TSR 2002 was the first to publish what kind of game?
6234	Die Nacht was composed by German composer, Richard Strauss. What other well known operas did he compose?
6245	What National Park contains the Thornton River and the Blue Ridge Mountains?
6254	The Atik Valide Mosque and Valens Aqueduct are found in what country?
6259	Which had a bigger population in the 2016 census: Queens or Staten Island?
6267	Runaway Scrape events of the Texas Revolution, culminating in this Battle, was a fight that lasted how long?
6268	Which is located in India, University of the Philippines or The Northcap University?
6275	What was the other name for the war between the Cherokee people and white settlers in 1793?
6281	Carroll County, Ohio is named after the only Catholic signatory to the Declaration of Independence, who is he?
6284	In between  Polytechnic University of the Philippines and California Polytechnic State University which was founded as a vocational high school?
6285	What president was assassinated and had Worthy Stevens Streator as one of his pallbearers?
6287	Did Greg Costikyan have the same profession as John Dolmayan?
6288	How many newspapers are in the group that Hills Valley Weekly is a part of?
6289	Which southern Georgia city features the Blazers college athletic teams?
6290	Which became a Cathedral first St Chad's Cathedral, Birmingham or Chelmsford Cathedral?
6291	Are Water dropwort and Costus both in the family Apiaceae?
6293	The Walkley Heights suburb is located on land that was the home of a prison built in what year?
6294	Where is the concert venue which hosted the first US performance of "Libuše" located?
6297	What is the length of the river into which Pack Creek runs after it goes through the Spanish Valley?
6298	Gloria S. Butler can find her constuancy in what directional sections of DeKalb County, Georgia?
6306	The Black Star Line was a part of the Marcus Garvey movement that was also known by what names?
6309	The eighth-longest rollercoaster in the world is located in what theme park?
6310	A vehicle that uses hydrogen as its onboard fuel for motive power is cosidered which, Flex-fuel or Bi-fuel?
6311	Yves Apollinaire Pede made sand paintings of which South African anti-apartheid revolutionary?
6312	What state was the dissenter in Kessler v. Treat from?
6313	An english lawyer had Christopher Mont as an agent and was awarded denization where?
6315	Where are people with ADolf Bestelmeyer's nationality from?
6316	What is the population of the birth city of Daniela Scalia?
6320	Abba Kovner  was a Jewish Hebrew and Yiddish poet, writer and cousin of the youngest and longest surviving signatory of what?
6322	Henricus Antonius "Han" van Meegeren sold a forged painting to a military leader who was the recipient of what?
6324	The Nazi architect that was most rewarded and favoured by Adolf Hitler alongside Hermann Giesler held what type of ministerial office?
6325	Which genus has more species, Leitneria or Tricyrtis?
6328	Which composer, who was a crucial figure in the transition between the Classical and Romantic eras in Western art music, wrote Piano Sonata No. 16 ?
6332	Who conducted the negotiations  with the owners and the longest serving commandant of Auschwitz concentration and extermination camp?
6333	Which genus of flowering plants has the most species, Caesalpinia or Achimenes?
6335	Which genus contains more species, Ortegocactus or Eschscholzia?
6338	When did the author of "Computing Machinery and Intelligence" die?
6340	How close to Louisville was Randal Malone born?
6341	What was the Steven Seagal film Under Siege Oscar nominated for?
6342	At what school is the individual who was awarded the 2012 Nobel Prize in Physics, jointly with David J. Wineland, a professor?
6344	In what year did the Irish Politician who led the Introduction of the Constitution of Ireland resign as President of the legitimatist government, the Council of State?
6345	Where did the military engagements that Captain Lewis Cunningham Broadus served during take place?
6346	Which hospital, the Psychiatric Institute of Washington or Howard University Hospital, is known for serving the African American community including former slaves?
6347	Felicia Pearson is a rapper who appeared in the single "Here I Am" by who?
6348	Lady Elizabeth Delmé and Her Children (1779) is a portrait given to the National Gallery of Art in 1937, which is located in which state?
6349	22 years earlier, the predecessor to The Magic Mouse and Mighty Mouse was what?
6350	Is Rice University or Stanford University further west?
6353	National Stadium BTS Station is near the shopping center in what Thai city?
6354	The Rhymers' Club met at Ye Olde Cheshire Cheese listed as what type of house?
6355	Pajottenland has historically provided beers that include are fermented through yeasts native to what valley?
6356	When was the advisor of Alpher–Bethe–Gamow paper died?
6359	What was the album by Coldplay after the one with a song referencing Chris Martin's unrequited love?
6363	Pedro Duque and Mark Shuttleworth both went where in their life times?
6368	Who was the architect of a Dutch museum dedicated to the arts and history in Amsterdam, located at the Museum Square?
6374	What is the nationality of the foreign born victim of Singapore's caning punishment before Oliver Fricker experienced the same?
6380	Vincas Kudirka is the author of both the music and lyrics of a national anthem which has how many words?
6382	Which Indian cricketer was the penultimate holder of the title Nawab of Pataudi?
6383	Progress MS-09 was used to resupply the satellite that first launched into orbit in what year?
6384	What type of tours does the host of Tosh.0 conduct?
6385	What other jobs did the man that co-produced Gyara Hazar Ladkian have?
6386	What is the name of this Austrian association football club from Vienna for which Raphael Holzhauser was a player?
6387	What do Wrigley Park and social networks have in common?
6390	Ganjam district is located in an indian state located in which part of India ?
6392	What is the best known novel from the author of "Laura Warholic"?
6393	What former city, now the fourth-largest Russian city, was the Belarusian State Technological University evacuated to in 1941?
6394	Are both Yixing and Shaoshan county-level cities in China?
6395	What is the middle name of the singer who recorded Would You Like to Take a Walk? with Louis Armstrong in 1951
6401	Who does the minister at The First Church of Springfield help make teaching evolution illegal?
6404	When was the Swiss author and dramatist died who's novel is "A Dangerous Game"?
6405	This One's for the Children had lead vocals by the singer and songwriter of what nationality?
6412	Who commanded the Anglo-Canadian 21st Army Group and was nicknamed "Monty"?
6414	What ingredient is in both Cosmopolitan and Cuba Libre?
6416	Which brother of John F. Kennedy had a memoir released September 14, 2009?
6417	What river does Waterloo Bridge and London Eye have in common?
6419	Which breed, Chinese Chongqing Dog or Kanni, is used for hunting?
6421	Which was the last of four Alien films to feature Sigourney Weaver?
6423	The memorial commemorating a 1941 Japanese surprise attack was designed by whom?
6426	What award has both Nicole Kidman and Tom Cuise been given?
6429	What year did The Chronicle of Philanthropy's publishing overlap with Antic?
6436	The Death of Cook depicts the death of James Cook at a bay on what coast?
6438	Which airport does Travel Service have their head office located in the capital of the Czech Republic?
6439	Stamford Baron St Martin was a parish that has a church south of what river?
6446	What profession does John Lanchester and Alan Dean Foster have in common?
6449	Which actor, who also appeared in "The Usual Suspects" (1995), does the 2017 action crime comedy Baby Driver star?
6451	Which was released later, The Strongest Man in the World, or Roving Mars?
6454	Smith Morrill was responsible for what advantage to Land-grant university?
6456	Which conflict involving the Mende ethnic group lasted for eleven years?
6457	What is one element of House dance where the dancer ripples his or her torso back and forth?
6461	Which 2009 animated film is from Japan, Summer Wars or The Secret of Kells?
6464	Bordan Tkachuk was the former CEO of which company, which provides IT products?
6466	The 2017 European Short Course Swimming Championships will be held in an Arena which began construction when?
6467	Are Siping, Jilin and Linhai both in the same province in China?
6468	Humanzee is a hypothetical hybrid of humans with what great ape?
6469	Of what ethnicity is the founder of the Orchestra which debuted on January 1, 1988?
6473	When was the first stud book created for the breed of horse that came from Rotrou introducing Arabian horses to Perche?
6476	The actor who played captain hook in Peter Pan Live! won the academy award for which film ?
6477	Robert Jan van Pelt testified for the defense in this "Churchill's War" author's civil libel suit?
6478	Where does the Husband character reside in the book published in 1847 under the pseudonym "Ellis Bell"?
6479	Which show aired first, "Rudolph the Red-Nosed Reindeer" or, "A Charlie Brown Christmas"?
6485	In what country did Irvine Gerald Sellar develop the second-tallest free-standing structure?
6486	What relative of Charles Hirshberg made important contributions to the study of solar wind particles and fields, as well as sun-Earth relations; and magnetospheric physics?
6487	Are the magazines American Heritage and Bon Appétit both published in America?
6491	In which year was the American politician, that both represented New York in the United States Senate and served as an adviser to President Richard Nixon, re-elected for a fourth term as U.S. Senator?
6492	Was the Mark-8 microprocessor different from the one in the Comx-35?
6496	Who was the opponent of the Republican of Indenosia when Nugroho Notosusanto served as a member of the Student Army
6497	Were Rosario Castellanos and Lucy Maud Montgomery both authors?
6498	 Mount Stimson is the second highest peak in national park that encompasses how many acres?
6501	Who played the role of Nettie Harris in the 1985 film directed by Steven Spielberg?
6502	How many operas are among the artist who composed The Prelude for Clarinet in B-flat major best known works?
6504	Jayaraj made the 2016 epic historical drama that is an adaptation of what Shakespeare play?
6505	Macaulay Carson Culkin was regarded as the most successful child actor since which actress, who was Hollywood's number one box-office draw as a child actress from 1935 to 1938?
6506	Who passed away first Robert Graves or Dino Buzzati ?
6507	The Sports Museum is a non-profit museum currently located in what multi-purpose arena that opened in 1995?
6511	The Juan Trippe Professor at Yale School of Management is named after a pioneer in which field?
6513	 Kenneth Anderson served under the General who was which President of the United States?
6514	On which television network did Joe Penny play an investigator named Jake Styles?
6515	Vincent Drucci was a member of a rival gang to the mob boss who was known by what nickname?
6516	What actor portrayed that characters "Kick-Ass" and "Count Vronsky"?
6517	As of 2010, what was the population of the county that was named after the 13th Speaker of the House of Representatives?
6518	Which of the following is home to the 642nd Aviation Support Battalion: Greater Rochester International Airport or Valley International Airport?
6521	One of the signatories of the Chicago Statement on Biblical Inerrancy was which Presbyterian pastor, known for taking a more presuppositional approach to apologetics?
6522	Does the genus Cunninghamia or Chilopsis contain only one species?
6525	Which Canadian rock band released a song called "Counterparts" and had a drummer who was inducted into the Modern Drummer Hall of Fame?
6526	Harold Brent Wallis as producer and Humphrey Bogart as actor collaborated to make what 1942 film?
6527	Were both Eugene Dynkin and Vladimir Voevodsky mathematicians from Russia?
6528	Which Argentine Marxist revolutionary, author, guerrilla leader, diplomat and military theorist did Arther Quinlan interview?
6529	What family are the genus' Sinofranchetia and Stauntonia from?
6536	American singer-songwriter, Taylor Swift, self-penned the song, Change, alongside Nathan Chapman, which was featured on her second studio album released by who?
6543	Creolized forms of which language are found in traditional African religions of Africa with some influence from Christianity?
6546	Were Guillermo Cabrera Infante and Guillaume Apollinaire of the same nationality?
6551	Arthur Saint-Léon was the "Maître de Ballet" of the ballet company now known as?
6554	What is the population of the city where the Akademisches Kunstmuseum is?
6556	When was the sequel to the 2000 mystery by Dan Brown released?
6557	What company was Luca Cordero di Montezemolo the chairman of that merged into a new Netherlands-based holding company Fiat Chrysler Automobiles NV?
6559	Kate Ashfield plays what role in the 2004 British horror comedy film about a zombie uprising?
6560	Which ocean would the ingredients likely come from for the She-crab soup?
6561	What is the name of the director from a country which has only one-tenth of its historical boundaries?
6564	The National Council meets where in the Federal Palace?
6565	What party does the person that represents Stoke Newington Central belong to?
6567	Who was the wife of the United States Army lieutenant general who received the Distinguished Service Cross, and was the first of his West Point class to be promoted to brigadier general, major general, and lieutenant general
6568	Which opera has more acts, La jolie fille de Perth or Mitridate, re di Ponto?
6569	Which Canadian Province was captured with the support of the Mi'kmaq, Maliseet, Passamaquoddy, Abenaki, and Penobscot?
6571	The not-for-profit company which owns a Mark VI monorail was assisted in bond financing by whom?
6572	Sparking the Marian civil war, who helped the recently abdicated queen to escape her imprisonment?
6590	At what summer festival might you find music by Bakermat?
6591	In which period was this German composer, pianist, organist and conductor born in 1847 active, whose work "Wedding March" became reference to any "wedding march?"
6592	Chien-Shiung Wu's expertise in experimental physics evoked comparisons to a scientist who passed away in which year ?
6593	Ed Oxenbould plays Tyler in a film directed by which famous director?
6602	Which writer, Karen Blixen or Woody Allen, has a broader range of artistic talents?
6604	Who were the lead members of the group of actors who were in the film which was remade as the first film of "Ocean's Trilogy"?
6606	What movement was the the person referred to as Mumia part of?
6607	 Are Isaac Asimov and Michael Cunningham both American writers?
6608	How large is the lake that is near Wyee Point?
6609	Gaia is a space observatory of the European Space Agency, what is Astrosat?
6612	Which canal was built between 1836 and 1847, Washington City Canal or Whitewater Canal?
6620	Who was the American congressman whose actions led to a CIA program to arm Jihadi warriors in Afghanistan in the 1980's?
6621	In which city did he painter and printmaker associated with "Les Nabis" found Salon d'Automne?
6625	Pierre Benjamin Monteux conducted the world premiere of which play by Maurice Ravel?
6627	Were Stanley Kubrick and Elio Petri from different countries?
6630	12 Years a Slave starred what British actor born 10 July 1977)
6631	Which genus has more species, Mahonia or Diplazium?
6633	Who was the original recording artist of the song which was chosen over If You've Got Trouble for the Beatles' "Help!" film?
6636	Which tendencies does a group like Uyoku dantai fall under?
6638	What actress from "The House of Mirth" played an FBI agent involved in the cover up of extraterrestrials?
6642	The Norse-Gaels language emerged from the intermarriage of the Norsemen and what other ethnic group?
6645	What type of industry does Tony Bill and Flyboys have in common?
6646	Buck Rogers XXVC is a published campaign setting or a homebrew campaign setting?
6647	What summit is located in the county who's county seat is Helena?
6648	Dutch-born American businessman, Harry Koch, fathered a son born in 1900 that founded which oil refinery firm?
6649	Erskine Academy is located in a village in what county?
6650	BMW X5 is a mid-size version that was produced alongside which newer model, produced in 2009?
6652	What is name of the city in Istanbul which has both Column of the Goths and Gül Mosque?
6653	Which region of Ghana was the city where Akrofuom is located?
6655	The person who established the Human Biology journal had released how many publications at his death?
6658	The St. Louis Bay Bridge runs between Bay St. Louis and a city in what county?
6663	By how many points did Dion Lewis' team trail by, in the third quarter, of the Super Bowl that they won ?
6664	What is the name of a Sri Lankan political party associated with the aim of developing a national identity based on shared characteristics and preserving the nation's culture?
6666	Ivan Simson was under the command of the officer who was most noted for a defeat at what WWII battle?
6669	High Water is a song by Bob Dylan it was based on the 1927 Lousiana Flood. Another song recorded by Dylan about the event is When the Levee Breaks who is the Husband and Wife team that wrote and recorded this song in 1929 ?
6675	How did the prominent member of the Astor family who was a lieutenant colonel in the Spanish-American War die?
6679	What is the genus of the viral disease that has symptoms such as fever, chills, loss of appetite, nausea, muscle pains, and headaches, and has a chance of causing liver damage?
6681	MacBook offers what brand-type of displays that are higher-resolution than other portable computers?
6683	Which film is older, Monsters, Inc. or Earth?
6684	Who did the actor who played a bellhop in Dead Heat on a Merry-Go-Round play in Star Wars?
6691	My Neighbor Totoro was produced by a Japanese animation film studio founded in what year?
6692	Which The Wind's Twelve Quarters story depicts a summer festival in the utopian city of Omelas?
6693	Mazda's Mazda6 belongs to which country's car manufacturer?
6696	Cudjoe Kazoola Lewis was brought illegally to the United States on board a ship that was how many feet long?
6697	In what city was the song "Where is Love" first staged and did Oliver Twist meet the Artful Dodger?
6698	Edward Fitzalan-Howard, 18th Duke of Norfolk is the son of what British Army general and peer
6700	Which breed of dog is extinct, the Hawaiian Poi Dog or the Dandie Dinmont Terrier?
6702	What tower house near Aberchirder, Aberdeenshire did David Gregory inherit?
6704	Why I Write was penned by which English novelist and critic?
6706	What type of word play does "What Are Little Girls Made Of?" and "What Are Little Boys Made Of?" have in common?
6716	What do a Flaming beverage and a Gin and tonic have in common?
6717	The thid episode of the first season of The Simpsons, features which character voiced by Harry Shearer?
6718	Oak Beach, New York and Great South Bay are both situated between what same island?
6723	On what continent is the business port that was struck by one of its worst typhoons in history on 2 September 1937?
6725	What event in 1920 was established by the director of the play "The Miracle?"
6729	What flag features 13 stars, and has a creator who also has a memorial bridge named after her connecting Pennsylvania and New Jersey?
6730	What city is the army division that conducted Operation Blue Hearts in the Korean War based out of?
6733	The series of novels that reference numerous locations and incorporates themes from multiple genres is titled what?
6734	Double Dragon starred the actor and martial artist who played which character in "Brotherhood of the Wolf"?
6736	What award did both Victor Heerman and Lloyd Corrigan win?
6737	Get Off is an album by a group using which style originating in NYC in the early 1970s?
6738	What past honoree from the New Dramatists Organization is a powerful baritone who won the Tony Award for Best Actor in 2000?
6740	The Schumann–Runge bands are named for at least one German what?
6742	Between Joe Orton and Henry James, which author is the adjective "Ortonesque" used to refer to his work?
6743	Rainforest Ecological Train runs through a national park with an area of how many Kilometers ?
6747	How many films were directed by the director of Wise Blood?
6748	In what county is the community, to which the character Everett Turner is travelling to in the book "Away West", located?
6749	Who is Colin Kaepernick and what is his preferred nickname?
6752	What did the person in which the Toronto Pearson International Airport is named in honour of organize to win the Nobel Peace Prize?
6753	Timothy J. Sloan was the CEO of Wells Fargo who succeeded the CEO who took the job in what month?
6755	What was the codename for the atomic bomb that is dropped by someone other than the weaponeer Frederick Ashworth?
6758	The actor that plays Phileas Fogg in "Around the World in 80 Days", co-starred with Gary Cooper in a 1939 Goldwyn Productions film based on a novel by what author?
6759	Jacques Coghen is a direct ancestor to the spouse of which Belgian Queen?
6761	When did the mother of Joseph Ferdinand Leopold of Bavaria die?
6762	The actress known for her role in "Lost in Translation" also appears in Untitled Avenger film with which male actor who plays the character Thor?
6763	What king was the intended victim of the plot that Thomas Arundell was briefly suspected of being a part of the same year he became the 1st Baron Arundell of Wardour?
6764	In what town is the university which the Bryant Bulldogs represent?
6765	The King who opened Newcastle Civic Center in 1968 was born in what year?
6766	Electoral district of Bragg currently includes which suburb in the city of Burnside, Adelaide?
6767	Midland F1 Racing was a racing team that, in 2007, competed under what name for sponsorship reasons?
6769	What was the previous name of the Italian town that is about 15 kilometres from a former Cistercian monastery?
6771	What was built near the residential neighborhood of Ramsay, Calgary in 1983?
6772	When did the man for whom St Vincents Hall, Grantham was built found his eponymous company?
6773	Arbutus and Aspidistra are what types of plants?
6774	Who was born first, British novelist Doris Lessing or American writer Philip K. Dick?
6775	Gül Train is a project of which Eurasian political and economic intergovernmental organization?
6777	Is Ordos City more west than Yangzhong?
6782	Toyota Innova is part of the IMV program along with which light commercial vehicle?
6783	When is the election held for the position former policy director Krishanti "Krish" Vignarajah is running in?
6784	What award was won by Niels Henrik David Bohr, a Danish physicist who established the Nordic Institute for Theoretical Physics?
6785	The founder of The Covenant, The Sword, and the Arm of the Lord is a close associate of what man responsible for the Oklahoma City bombing?
6796	Are both French Spaniel and Beagle universally recognized breeds?
6797	What river runs near the tidal island of Eilean Tioram?
6800	William Hodges visited a polar region as part of a voyage, the region is how big?
6802	Are Hungry Hungry Hippos and Parcheesi both published by Parker Brothers?
6804	This film is an adaption of a Jacques Offenbach's opera that was written by a Hungarian British screenwriter?
6808	Old Bushmills Distillery was in the process of transitioning from the ownership of the company that had a headquarters in what English city?
6811	What is the name of the city 200 km north-west of Sydney, Australia that the Armstrong 500 race was moved to?
6812	Who was a species of Alerce tree native to the Andes mountains named after?
6814	What does the brewery that is located in the home of Neuhaus produce?
6815	These three apps that have similar functionality to Google for Education are compatible with what Microsoft file format?
6819	Lt Col. Stewart Francis Newcombe was a British army officer and associate of a military officerthat was given what title?
6822	What other name is the Moor Park Mansion known as?
6824	Who wrote the 2009 American home invasion horror film which Andrea Roth was known for her role in
6825	Are Stan Lee and Mark Helprin both comic book writers?
6828	Dorothy Sarnoff's personal client list included what AMerican novelist, who has sold over 800 million copies of her books?
6829	Dean O'Banion was the main rival of which mobster, known as Scarface?
6830	Princess Marie-Clementine Bagration was the illegitimate daughter of the Austrian Empire's Foreign Minister whose resignation was forced by what?
6833	Which French aristocrat and military officer who fought in the American Revolutionary War visited this historic home located at Enfield, Halifax County, North Carolina, known as The Cellar?
6834	What team does the third place winner from the 2006 San Marino Grand Prix currently compete with?
6835	What is the name of the field marshal and strategist who was the mastermind behind the Schlieffen Plan?
6840	Which mine first entered into production, Beaulieu Mine or Con Mine?
6842	What was the population at the 2010 census of the city which, along with Clayton, is covered by the Mount Diablo Unified School District?
6850	Who was the murderer sent to "Old Smokey" for allegedly commiting "The Crime of the Century"?
6852	Which of the former British Leyland companies is best know for it's two-seat open sports cars?
6854	What is this group referred to as that this Russian composer, who wrote "The Songs and Dances of Death," is a member of?
6856	What company produced the 1978 movie based on a book written by a radio playwright and children's book author born in 1900?
6859	Whose father is the name of the son of the chief counsellor to the king in Hamlet taken from?
6860	What two singers who worked together on the song I Would Like to See You Again also performed as part of a country music group which was active between 1985 and 1995?
6861	What musical was inspired by the films that included Ruth Leuwerik's best known role?
6869	Which magazine was founded first Science News or High Times ?
6871	Who was the winner of the European Cup the year that 39 people were killed?
6873	The Patriotic front promotes the interests of what nation particularly with the aim of gaining and mainting self governance.
6881	The Parc des Buttes-Chaumont was opened during the reign of the President of what era in France?
6883	What type of area did Michel Thomas work in when he was in the French Resistance?
6885	As a Nazi hunter, Simon Wiesenthal, was apart of a fued in what time frame?
6887	When was one of the fresco mural, one of the greatest treasures of the Hood Museum of Art, painted?
6890	What park is just south of the location where the New York Jets played prior to moving to Shea Stadium?
6891	George Lucas created what character to raise Boba Fett?
6892	Where is the summer retreat the American mining engineer, inventor, and self-made member of fashionable society and his wife, who was a survivor of the "RMS Titanic"?
6898	Are Wolfgang Becker and Jacques Audiard both German film directors?
6899	Is Rutgers University or Brown University public?
6903	Who sparked the 972 unrest in Lithuanian SSR?
6904	Which was built first Woolworth Building or 1 New York Plaza?
6905	"The Parasite" is a kind of text that has how many words?
6906	Who was the running mate of the man about whose candidacy the 2016 book Insane Clown President: Dispatches from the 2016 Circus documents?
6907	Besides dísir, what is another Nordic term for a ghost?
6909	Are Karl Shapiro and Elie Wiesel both American writers?
6910	The man nicknamed "the Mayor of Silicon Valley"  was credited along with what engineer that was awarded the nobel prize for physics on December 10, 2000
6913	Was Princess Charlotte of Cambridge born before or after the repealing of the Royal Marriages Act 1772?
6916	The term snake eyes is used in a particular casino game that uses what game pieces?
6917	Who set Nietzche's philosophical novel to music?
6922	To which taxonomic category do both Hyacinthoides and Anthriscus belong?
6923	Are both Frank Lloyd and Olivier Assayas American film directors?
6928	Stanley "Tookie" Williams founded which African-American gang in Los Angeles, California in 1969?
6929	What is the name of the US battleship best know for the setting of the film Under Siege and the site of the surrender of the Empire of Japan to end World War II?
6935	On which coast can the California Aqueduct and the Lake Washington Ship Canal be found?
6936	Butautas tried to depose his uncle who between which years ?
6937	What was the name of a land where Maria Anna of Spain's husband was king?
6938	Shinola LLC, an American luxury lifestyle band is owned and operated by Bedrock Brands a texas investment group launched by this man one of the founders of  Fossil Group
6942	The Distribution of Industry act was passed by a man who was prime minister when?
6947	The Pollution Prevention Act of 1990 expanded a publicly available or private database?
6948	Does Kurt Cobain and Glenn Frey work in the music industry?
6949	Are William James and Bret Easton Ellis both screenwriters?
6950	What German is Arthur Wesley Wheen best known for translating?
6957	Which of the fighter in Battle of Gavinana was created in 1422, and came to an end when the Holy Roman Empire was wound up in 1806, as the result of the Napoleonic Wars?
6961	What type of conflict does Nathaniel Starbuck and Bernard Cornwell have in common?
6964	When was the British economic historian who established "The Economic History Review" born?
6965	What do Káťa Kabanovát and Der ferne Klang have in common?
6966	In the 1973 NFL season, the Pro Bowl took place at what football stadium that is part of the Truman Sports Complex, along with what other stadium?
6969	Water Night was composed by what Grammy-winning American composer?
6979	The Rome Protocols were signed by three Prime Ministers one of which was assassinated as part of what?
6982	 The 1919 Mississippi gubernatorial election Incumbent Democrat was a master of what?
6986	While at the University of Michigan, Louis Smith played with what American jazz trumpeter, bandleader, and composer?
6987	What profession does Spice Girls discography and Emma Bunton have in common?
6988	Which is a shrub, Mimosa or Cryptocoryne?
6989	A Therapy was written and directed by what French-Polish film director who was born in Paris?
6990	Of four Harry S. Truman Supreme Court candidates, who was the 53rd United States Secretary of the Treasury and the 13th Chief Justice of the United States?
6995	What was the name of the commander who captured all of the French ships that varied in size?
6996	What is the middle name of the Silicon Valley entrepreneur disussed in the non-fiction book The Unwinding?
6999	What actor was also a president that Richard Darman worked with when they were in office?
7004	Dunstan is an electoral district that includes which suburb of Adelaide in the City of Norwood Payneham St Peters?
7006	A Wind in the Door is part of a series written by who?
7007	Are both Miltoniopsis and Strobilanthes examples of a genus?
7009	Fodder on My Wings is an album by a singer/pianist/songwriter born in which year ?
7011	What is the highest peak in the mountain range in which Elk Valley, Tennessee is located in?
7012	Who lived longer Ellen Glasgow or N. Scott Momaday ?
7013	Which mountain is higher, Nanda Devi or Broad Peak?
7020	What kind of material forms the wrapping for the chocolate candies that Hershey Kissables were shaped like?
7021	Erving Goffman was cited as higher than a literary critic on which guide?
7023	What country does Ogwini Comprehensive Technical High School and Durban have in common?
7026	Which peak is flanked by Manaslu, Shispare or Ngadi Chuli?
7028	Which mountain is taller, Gasherbrum II or Langtang Ri?
7032	What division of Mexican football is the team that Jesús Daniel García Esparza currently plays for?
7033	Who had more pen names, George Orwell or Nelson DeMille?
7034	Did both Anthony Burgess and Tennessee Williams use pen names?
7035	What cuisine is described as a cultural blending of Mediterranean influences (such as those created by Italian and Spanish populations)?
7036	Were both Léopold Eyharts and Ulrich Walter a General in the French Air Force?
7037	Who is the father of the king who attempted to have Eardwulf assassinated
7038	Are Werther and The Odyssey both operas?
7039	Are 9 DeKalb Avenue and New York World Building both skyscrapers in Brooklyn?
7049	When did the Romance languages of Slovenia evolver from Vulgar Latin?
7051	Millennium Greens were funded in part by a what type of lottery?
7054	Lake Wales Ridge National Wildlife Refuge is on the US route that runs between a city in what Florida county?
7056	Irish print journalist, Arthur Quinlan, was the only one to interviewed which major figure of the Cuban Revolution?
7057	What do Eragrostis and Rhexia have in common?
7058	Which is a black-and-white film, Flying Padre or Inside Job?
7062	What nationality was the lover of Lord Alfred Douglas ?
7075	Who was the king of England who became king after the death of his younger brother and whose reign was chaotic due to rivalry with relatives until his own death a few decades later?
7077	When was the female co-founder of the organization that published the "Daily Word" devotional born?
7080	In what field did a Swiss physicist who had a geometrical representation named after him work in?
7081	Louis XVI style sought to evoke the artistic styles that were just then being rediscovered in  Pompeii and this ancient Roman town that was destroyed in what year
7083	Are Tetrastigma and Spruce both types of plants?
7084	What is the translation of the name of the river on which Widnes is located ?
7087	John Wickham Legg was recommended by Jenner for the post of medical attendant to which eighth child and youngest son of Queen Victoria and Prince Albert of Saxe-Coburg and Gotha?
7088	What is this machine that is able to fly by gaining support from the air whose maneuvering is referenced to a standard rate turn, also known as a rate one turn?
7091	What other two divisions of Argentine forces were involved in the war with Britain that incurred losses in aircraft?
7094	The 1978 NBA World Championship Series had as MVP which Hall of Fame class member of 1988?
7096	In what city did Charlie Spiller play college football?
7099	In what year was Kasper Schmeichel's father born?
7100	Edwyn Collins and Ian Gillan both have which profession in common?
7102	In which year was this English singer, songwriter, musician, activist and a co-founder of the Beatles born, whose classmate Bill Harry founded Mersey Beat at Liverpool Art College?
7104	Did both Alan Crosland and Chris Columbus work as stage actor?
7105	"52nd Street" is a 1978 album that earned two Grammy Awards for which piano-playing songwriter?
7107	What is the nickname of the peninsula that is home to the Calabrian Black Squirrel?
7108	Were Ilya Ehrenburg and Harold Robbins both translators?
7109	What is the name of the movie that srarred Stev McQueen in the orignal, and Pierce Brosnan in the remake?
7112	The first statue by Benjamin Victor was of a Paiute activist who was born with what name?
7121	What was the capital of India when the Taj Mahal was commissioned?
7123	For which film did the Director team with NASA scientists, Aliens of the Deep or Poetry in Motion?
7124	Ralph Faudree served as the American equivalent to what United Kingdom and Australian position?
7126	What is unique about the forum an American poet, memoirist, and civil rights activist spoke at?
7127	What occupation do Anita Loos and Grace Metalious share?
7135	Sylvia Cecil performed musicals by the playwright and composer of what nationality?
7136	The Bellagio resort owned by MGM Resorts international is located in which US city?
7139	Palestine Brigade RAF was a response to which English soldier's request for an air formation?
7144	Which was founded first, University of California, Santa Barbara or Hamdard University?
7145	What singer song writer born on December 13, 1989 wears jewelry from Porter Lyons?
7146	What performing traditionally from the longest continental mountain range in the world, are Grupo Aymara famous for?
7148	Marwan Hage played for a college team that sponsors how many varsity sports teams?
7149	Where were the brothers from that manufactured the balloon in which François Laurent d'Arlandes andJean-François Pilâtre de Rozier made the first manned free balloon flight?
7152	The author of the young adult novel Running Before Wind was the first woman to write the screenplay for which Disney animated feature?
7154	Which serial killer was known to start killing first, Wayne Boden or Ted Bundy?
7157	Which university - the University of Rochester or the University of Colorado - is located further east?
7158	This term about a playwright who lived from 1564-1616 presented what about his works?
7159	In which suburb of Melbourne, Australia did Harold Edward Holt go missing?
7164	In what metropolitan area is the future transfer point for the line previously designated the Bi-County Transitway?
7165	What memeber of the artistic gymanstic team known as the "Final Five" who won a team gold medal at the Rio games was born on May 25, 1994?
7168	This expansion of the 2008 magazine article "Is Google Making Us Stoopid?" was a finalist for what award?
7172	The most principle species of plants which requires an ericaceous type of compost can have what effect on its surroundings because of the way it takes up cations?
7175	Who died more recently, Ferdinand Anton Ernst Porsche or Ferdinand Porsche
7176	What relationship did the inventors of the technique through which plywood can be bent in three dimensions have?
7179	Which town near the county border with North Yorkshire was this Lancashire mill (closed in 1979 and demolished) located?
7180	In what California city was the first Torrid location opened?
7184	Which legal, autonomous North American tribal government signed its constitution in Oklahoma on September 6, 1839?
7185	What is Old Orchard Shopping Center currently called?
7187	Who did Muhummad Ali fight next, in Houston, after the so-called Fight of the Century with Joe Frazier?
7193	What russian Marxist revolutionary born in 1875 was part of the Vpered organization?
7195	In which city is the parent company of Sterlite Industries headquartered?
7198	In what year did a movie that starred both Nicholas Cage and Cher come out?
7212	When did the husband of William Roper bornj who was also the father of  Margaret Roper?
7214	Is Ashland, New Hampshire or Plymouth Regional High School located near the Scribner-Fellows State Forest?
7218	What was the formative year for the company eventually replaced by Suez Canal Authority?
7220	The eldest daughter of Princess Louise of Denmark and Norway was the wife of a king whose motto was what?
7221	What Old English poem commemorates the capturing of the five main towns of Danish Mercia?
7228	Christopher de Haro provided the financial backing to what Portuguese explorer who organised the Spanish expedition to the East Indies from 1519 to 1522?
7229	The ghetto that George Kadish documented held how many people at its peak?
7232	Which composer was a French Romantic composer in the 1800's, Hector Berlioz or Gaetano Donizetti?
7234	How many years was the politician coauthor of Common Sense, subtitled A new constitution for Britain an MP for?
7239	What year was the branch of military, who is credited with Operation Tidal Wave, created?
7243	Cinnamon sugar is a spice used to flavor this traditional Spanish and Portugese fried pastry.
7246	Which sport has been played at the BayArena in Leverkusen, Germany, since 1958?
7247	What are some foods that may have been served at the Hawaiin Cottage?
7248	Fighting Cock is produced in what Kentucky county?
7249	A guitar player called Noodles is a longtime member of which band, The Smashing Pumpkins or The Offspring?
7250	Giselle Cossard was known as Mother Giselle of what type of diety?
7261	Which Olympic game featured Boules and happened right before medals started to be awarded?
7265	What is the chemical formula of the organic material that clementines have less of than oranges?
7271	What was the other name of the textile mill on which The Mill was based on?
7274	Which board game is newer, Splendor or Power Grid?
7281	When Budweiser created a dog mascot to promote Bud Light in the 1980s, which rival brewer (with its own character Alex the Dog) were they competing with?
7283	Who directed the nuclear war drama where Rita May played Jimmy Kemp's mother?
7284	TimeCamp enables what type of commercial documents from a seller to a buyer?
7286	In which city were the olympic games held in which Willi Meurer competed in the individual and team road race events?
7292	Vasily Agapkin's most well-known march was written in honor of what event?
7294	Evan Buliung played the character Aragon who is based on a character in a book series written by which author?
7296	When did the UVF Mid-Ulster Brigade conducted the attack The Miami Showband killings?
7298	What revolutionary group was writer Mary Williams raised by before being adopted by director of the Peace and Justice Resource Center in Los Angeles County Tom Hayden?
7299	Between Aspidistra and Cyrtanthus, which genus of plant belongs to the Subfamily Amaryllidoideae?
7304	A sparse image is used by the FileVault feature in Mac OS X in versions later than which?
7305	Steven Covey, the father of Sean Covey, wrote what similar sounding title to The 7 Habits of Highly Effective Teens?
7307	Who is the grandfather to Frederick II and was the Holy Roman Emperor until death?
7308	Which "Roseanne" star is in Scream 2?
7321	Atlanta Zero Mile Post is located within a historic area opened in what year ?
7324	In what county are the Wichita Wild based in?
7331	Which South African anti-apartheid archbishop was part of the actions against the ruling National Party government?
7333	The teaching method that Maggie Gripenberg was the first to introduce to Finland is used to teach what?
7334	What dance competition television series features host and NFL reporter Erin Andrews?
7340	Tyler Redenbach was selected 77th overall by the Phoenix Coyotes in an NHL draft that was held in what city?
7343	The Motion Picture Soundtrack The Woman in Red featured this American Singer who became a United Nations Ambassador for what organization?
7347	Which Austrian writer and journalist introduced the term "Journaille "
7348	Who has a longer middle name, Alice Walker or Michael Herr?
7350	What did the American writer who wrote Into Thin Air  primarily known for in his writings
7354	Where is the county seat for people living in Henderson Point, Mississippi?
7355	Crucible is a geodemography computer system created by a company that has stores in how many countries?
7357	How many people were killed in the collapse of the bridge featured in the drama film, The Public Domain ?
7359	In what city does the most successful American and international five-and-dime business have a historic building?
7360	The screenplay for Alain Resnais' second film is who?
7365	Who has more scope of profession, Bob Fosse or Angelina Jolie?
7372	Wapping has the oldest riverside tavern, dating back from when?
7373	Are Yut and Tsuro both board games?
7374	What type of diet does the author of Eat to Live: The Amazing Nutrient-Rich Program for Fast and Sustained Weight Loss advocate?
7380	The mulga apple is is often eaten by people who genetic research has inferred a date of habitation as early as when?
7381	Which of the office buildings used to staff the White House used to be known as the State, War, and Navy Building?
7383	Who was born first, Antonin Artaud or  Elizabeth Taylor?
7386	Where was the father of the Jackson, Mississippi mayor elected in 2017 born?
7387	What is the city where Orville Siegfried went to college and that is located in Jackson county?
7389	Until what year did the Chief of Justice of the Supreme Court that administered the presidential oath of office to Abraham Lincoln on his first inauguration as the 16th President of the United States hold that office?
7392	The maternal grandmother of Princess Marie Cécile of Prussia was born in which year ?
7395	Who was born first, Bruce Conner or Nils Gaup?
7396	In what year was the uprising that marred John P. Buchanan's term as governor ignited?
7397	Which airport is operated by the Coos Country Airport District, Southwest Oregon Regional Airport or Lawton–Fort Sill Regional Airport?
7398	Who was the brother of the wife of the Democratic Party nomination for Vice President in 1972?
7399	When Copsi was made earl of Northumbria he went back to reside in a town at the confluence of which two rivers?
7402	Are Billy and Barak both breeds of scenthound? (Barak is also known as a Bosnian Coarse-haired Hound)
7404	Blackfin is a family of processors developed by the company that is headquartered in what city?
