3	Are the Laleli Mosque and Esma Sultan Mansion located in the same neighborhood?
4	The director of the romantic comedy "Big Stone Gap" is based in what New York city?
5	2014 S/S is the debut album of a South Korean boy group that was formed by who?
6	Who was known by his stage name Aladin and helped organizations improve their performance as a consultant?
7	The arena where the Lewiston Maineiacs played their home games can seat how many people?
8	Who is older, Annie Morton or Terry Richardson?
9	Are Local H and For Against both from the United States?
10	What is the name of the fight song of the university whose main campus is in Lawrence, Kansas and whose branch campuses are in the Kansas City metropolitan area?
11	What screenwriter with credits for "Evolution" co-wrote a film starring Nicolas Cage and Téa Leoni?
12	What year did Guns N Roses perform a promo for a movie starring Arnold Schwarzenegger as a former New York Police detective?
13	Are Random House Tower and 888 7th Avenue both used for real estate?
16	The Vermont Catamounts men's soccer team currently competes in a conference that was formerly known as what from 1988 to 1996?
20	Which other Mexican Formula One race car driver has held the podium besides the Force India driver born in 1990?
23	Which performance act has a higher instrument to person ratio, Badly Drawn Boy or Wolf Alice?
24	What was the father of Kasper Schmeichel voted to be by the IFFHS in 1992?
28	Kaiser Ventures corporation was founded by an American industrialist who became known as the father of modern American shipbuilding?
29	What is the name for the adventure in "Tunnels and Trolls", a game designed by Ken St. Andre?
30	When was Poison's album "Shut Up, Make Love" released?
31	Hayden is a singer-songwriter from Canada, but where does Buck-Tick hail from?
33	Are Freakonomics and In the Realm of the Hackers both American documentaries?
34	Which band, Letters to Cleo or Screaming Trees, had more members?
41	Where is the company that Sachin Warrier worked for as a software engineer headquartered?
42	A Japanese manga series based on a 16 year old high school student Ichitaka Seto, is written and illustrated by someone born in what year?
44	Alfred Balk served as the secretary of the Committee on the Employment of Minority Groups in the News Media under which United States Vice President?
46	Who is the writer of this song that was inspired by words on a tombstone and was the first track on the box set Back to Mono?
49	Which British first-generation jet-powered medium bomber was used in the South West Pacific theatre of World War II?
50	Which year and which conference was the 14th season for this conference as part of the NCAA Division that the Colorado Buffaloes played in with a record of 2-6 in conference play?
51	In 1991 Euromarché was bought by a chain that operated how any hypermarkets at the end of 2016?
53	In what city did the "Prince of tenors" star in a film based on an opera by Giacomo Puccini?
54	Ellie Goulding worked with what other writers on her third studio album, Delirium?
55	Which Australian city founded in 1838 contains a boarding school opened by a Prime Minister of Australia and named after a school in London of the same name.
56	D1NZ is a series based on what oversteering technique?
57	who is younger Keith Bostic or Jerry Glanville ?
58	According to the 2001 census, what was the population of the city in which Kirton End is located?
60	What distinction is held by the former NBA player who was a member of the Charlotte Hornets during their 1992-93 season and was head coach for the WNBA team Charlotte Sting?
62	Who was born earlier, Emma Bull or Virginia Woolf?
63	What was the Roud Folk Song Index of the nursery rhyme inspiring What Are Little Girls Made Of?
64	Scott Parkin has been a vocal critic of Exxonmobil and another corporation that has operations in how many countries ?
66	Vince Phillips held a junior welterweight title by an organization recognized by what larger Hall of Fame?
67	What is the name of the singer who's song was released as the lead single from the album "Confessions", and that had popular song stuck behind for eight consecutive weeks?
68	who is the younger brother of The episode guest stars of The Hard Easy
69	The 2017–18 Wigan Athletic F.C. season will be a year in which the team competes in the league cup known as what for sponsorship reasons?
73	What was the name of the 1996 loose adaptation of William Shakespeare's "Romeo & Juliet" written by James Gunn?
74	Robert Suettinger was the national intelligence officer under which former Governor of Arkansas?
75	What American professional Hawaiian surfer born 18 October 1992 won the Rip Curl Pro Portugal?
76	What is the middle name of the actress who plays Bobbi Bacha in Suburban Madness?
77	Alvaro Mexia had a diplomatic mission with which tribe of indigenous people?
81	The Album Against the Wind was the 11th Album of a Rock singer Robert C Seger born may 6 1945. What was the Rock singers stage name ?
83	Handi-Snacks are a snack food product line sold by what American multinational confectionery, food, and beverage company that is based in Illinois?
84	What was the name of a woman from the book titled "Their Lives: The Women Targeted by the Clinton Machine " and was also a former white house intern?
85	When was the American lawyer, lobbyist and political consultant who was a senior member of the presidential campaign of Donald Trump born?
86	In what year was the novel that Lourenço Mutarelli based "Nina" on based first published?
88	How many copies of Roald Dahl's variation on a popular anecdote sold?
89	What occupation do Chris Menges and Aram Avakian share?
90	Andrew Jaspan was the co-founder of what not-for-profit media outlet?
91	Which American film director hosted the 18th Independent Spirit Awards in 2002?
92	Where does the hotel and casino located in which Bill Cosby's third album was recorded?
94	In what month is the annual documentary film festival, that is presented by the fortnightly published British journal of literary essays, held?
95	Tysons Galleria is located in what county?
96	Bordan Tkachuk was the CEO of a company that provides what sort of products?
97	Which filmmaker was known for animation, Lev Yilmaz or Pamela B. Green?
98	In which city is the ambassador of the Rabat-Salé-Kénitra administrative region to China based?
101	David Huntsinger has worked with this gospel singer born in the month of July?
102	What year was the brother of this first round draft pick by the Washington Redskins drafted?
103	Where is the stadium at which 1964 Georgia Tech Yellow Jackets football team played their home game located?
105	Which American film actor and dancer starred in the 1945 film Johnny Angel?
108	When was the  former Indian cricketer who made his ODI debuts during the 2000 ICC KnockOut Trophy born?
109	Which airplane was this Major test-flying after whom the base, that 514th Flight Test Squadron is stated at, is named?
110	Based on a True Story... is an album by which country music star, with the single My Eyes?
111	Over how many centuries were the "dwelling place of the dead" built?
112	When was the British author who wrote the novel on which "Here We Go Round the Mulberry Bush" was based born?
113	Who died first, George Archainbaud or Ralph Murphy?
115	The Argentine PGA Championship record holder has won how many tournaments worldwide?
116	Suicide's 1977 released album features a song based on what brand's comic character?
118	Were the bands Skin Yard and Ostava from the U.S.?
120	What major truck road is located in Backford Cross?
121	In which role did Caroline Carver played in a 1999 Hallmark Entertainment made-for-TV fantasy movie?
122	What's the name of the fantasy film starring Sarah Bolger, featuring a New England family who discover magical creatures around their estate?
123	Maxeda has been owned since 2004 by which American multinational equity firm?
124	The youngest daughter of Lady Mary-Gaye Curzon stars with Douglas Smith and Lucien Laviscount  in what 2017 film?
125	Mummulgum is a stop on the Bruxner Highway before reaching the town on the banks of which river?
126	Which American audio engineer and clandestine chemist, who was a key figure in the San Francisco Bay Area hippie movement during the 1960s recorded the album "Old and in the Way?"
130	Which film was Oscar nominated, LaLee's Kin: The Legacy of Cotton or Gimme Shelter, the 1970 Rolling Stones documentary?
131	Which board game was published most recently, Pirate's Cove or Catan?
132	Alice David is the voice of Lara Croft in a video game developed by which company ?
133	Which Eminem album included vocals from a singer who had an album titled "Unapologetic"?
135	SuperMansion starred the actress who had a recurring role as whom on Workaholics?
136	The 1974 Texas Tech Raiders football team represented what public research university in Lubbock, Texas?
139	What year was the film that starred the composer for "The Naked Brothers Band"?
141	Who had the best singles ranking, Roberta Vinci or Jorge Lozano?
142	Both Truth in Science and Discovery embrace what campaign?
143	Josey Scott and Ian Watkins were both promising musicians. Which of these talented men was incarcerated, impacting his career with a rock band?
144	The movies Queen of Blood and Battle Beyond the Sun both contained scenes from what 1959 Soviet feature?
145	Who was born first, Erika Jayne or Marco Da Silva
146	When did the English local newspaper, featuring the sculpture and war memorial in the Forbury gardens, change names?
148	Who is Bruce Spizer an expert on, known as the most influential act of the rock era?
149	Which song was behind the third single on the album  "A Lot About Livin' (And a Little 'bout Love)" for two weeks on the country charts?
150	What occupation was shared by David Yates and Pietro Germi?
151	Marcus Wayne Garland spent nine seasons with an American professional baseball team that is based in Baltimore, Maryland, and was one of the AMerican League's original eight charter franchises when the league was established in what year?
157	What retailer in ABQ Uptown is headquarted in Poole, Dorset, United Kingdom?
158	What football club plays in the area between the old tool gates: Brook Bar and Trafford bar?
159	The song "Chim Chim Cher-ee" can be heard  in the "Mary Poppins" scene of a Disney ride that debuted in what year?
160	Who held the record for the longest service in the Australian Parliament for a woman, and was surpassed by  a former Australian politician who was the 29th Speaker of the House of Representatives?
161	Which man who presented the Australia 2022 FIFA World Cup bid was born on October 22, 1930?
162	What major city is the Faith Lutheran Middle School and High School located by?
163	What British singer-songwriter hosted the 16th Annual Young Hollywood Awards?
164	Who did the Star and Dagger bass player marry?
165	In 2017, what was 3/4th of the organization that also has a Center for Veterinary Medicine as well as part of the U.S. Department of Health and Human Services, spent on?
166	Which came out first, Dinosaur or McFarland, USA
167	Both Bishop Carroll Catholic High School and Kapaun Mt. Carmel Catholic High School are located in which city in Kansas?
168	What was the 58th quadrennial American presidential election held after the 2016 Michigan Democratic primary?
170	What is the name of the detective novelist parent of the author of '"Q" Is for Quarry'?
171	What is the birthplace of the Senator who represents the first of 62 districts in the State Senate?
173	Which songwriting duo composed music for "La La Land", and created lyrics for "A Christmas Story: The Musical"?
174	Which of the city at the south of Shelly Beach, New South Wales is a local government area in the Hunter region of New South Wales, Australia?
175	Are Bamboo Mañalac and Danny Jones both musicians?
176	Works by Hanna Leena Kristiina Varis are part of a collection in a museum that houses approximately 65,000 what?
177	When was the Western Germanic language spoken from which the small settlement situated on the river Leda opposite Leer derives its name?
178	Born on 6 March 1937, this man was also a citizen of the United Kingdom.
180	What podcast was the cheif executive officer of Nerdist Industries a guest on?
181	Randall Cunningham II was a multi-sport athlete at the high school located in what Nevada city?
182	Which English musician is known for both the songs "See Yourself" and "Withing You Without You"?
183	Which professional ice hockey position does the Captain of the National Hockey League All-Star Game "Away Team" play?
184	What year did the series on CBS, starring the actor who known for his role in "Rebel Without a Cause," air?
185	What season was the character introduced that becomes the main antagonist in the  following season, from the animated television series created by Bryan Konietzko and Michael Dante DiMartino as a sequel to "", which aired from 2005 to 2008?
187	Which travel parody series featured American actor, comedian, and radio host best known as the host of "The Joe Schmo Show"?
188	Do The Importance of Being Icelandic and The Five Obstructions belong to different film genres ?
190	Joe Walker played for which team that ends their regular season with the Civil War rivalry game?
191	What station broadcast the episode "Marry Me a Little, Marry Me a Little More" , of the series created by Max Mutchnick and David Kohan?
192	Georges-Henri Bousquet translated the work of a historian who is of what heritage?
195	Which Kentucky Writers Hall of Fame author has had works published by Dim Gray Bar Press?
196	What director worked with Vikram Bhatt on a film starring actors Rajneesh Duggal and Adah Sharma?
197	 Robert Smith founded the multinational company headquartered in what city?
198	What amount was the settlement that the character from the Son of al Quada got in 2017?
199	Considered the strongest recorded tropical cyclone, which cyclone had a film made about it in 2007?
200	The 2000 British film Snatch was later adapted into a television series for what streaming service?
201	Chris Williams last played for which football club from the National League North?
202	Who designed the hotel that held the IFBB professional bodybuilding competition in September 1991?
203	At the 71st Golden Globe Awards for television in 2013, what achievement did Breaking Bad, police sitcom Brooklyn Nine-Nine and American Hustle attain?
205	Onika Tanya Maraj is a judge on a television show hosted by whom?
206	Are Hot Rod and The Memory of Our People both magazines?
207	Who was Chamberlain and Colonel of the military staff of The Merrie Monarch?
208	Who has written more than 300 papers, Semyon Aranovich Gershgorin or Pavel Alexandrov?
209	Which post DC Extended Universe actress will also play a role in what is intended to be the fifth installment of the DC Extended Universe?
210	Who was the captain of the only battleship to provide gunfire support during the Vietnam War?
211	The Polar Bears featuring the voice of Armie Hammer, is also the same voice actor for which character in Cars 3?
212	Which tower is taller, 712 Fifth Avenue or Manhattan Life Insurance Building?
213	Is the Pakistan fast bowler who joined the Kent County Cricket Club in June, 2011 a left-hand or right-hand batsmans?
215	The Tennessee Volunteers football team plays as a member for a conference in what city?
216	Ernest Foot was the best friend of the fighter pilot who had how many victories?
217	From March 631 to April 631, Farrukhzad Khosrau V was the king of an empire that succeeded which empire?
218	Which suburb is a soap opera featuring a character named Beverly Marshall set in?
219	Which country did the Falkland Islands beat in the 2010 Commonwealth games that has eleven administrative divisions?
224	What film was written and directed by Joby Harold with music written by Samuel Sim?
226	The author of The Thing of It Is... is what Nationality?
228	Martin Patterson "Pat" Hingle was a close friend of an actor who achieved success in what Western TV series?
230	What building is opposite the ceremonial meeting place of the Accession Council in the United Kingdom?
232	One Raffles Place is one of the tallest skyscrapers in the city of Singapore and tallest in the wolrd outside North America until it was succeeded by a Building in city?
233	Which case came first, Craig v. Boren or United States v. Paramount Pictures, Inc.?
234	What is the nickname of the city where Darling's Waterfront Pavilion is located?
240	What arcade game is named after the only player in major league history to have a 0.300 batting average for 7 consecutive seasons?
242	Which professional baseball player and National 1993 Baseball Hall of Fame inductee is featured in the Greatest Sports Legends anthology?
243	Salisbury Woodland Gardens links a zoo with a park designed and built under the watchful eye of who?
245	Jamie Harris is best known for his role as The Hook-Handed Man in a movie directed by who ?
246	How many laps did Harry Prowell run during the 10,000 metres race at the 1967 Pan American Games?
247	Are  Chrysalis and Look both women's magazines?
249	Yoann Lemoine, a French video director, has created music videos for Lana Del Rey, Katy Perry, and an orchestral country pop ballad by which top pop artist?
250	In what city can a person find both the Nusretiye Clock Tower and the Eski Imaret Mosque be found?
252	Spaceware Sky Division II is manufactured by this subsidiary, which is one of twelve subdivisions of Inner Mongolia, China?
253	Which director had the longest career, Alain Resnais or Scott Sidney?
254	in 1999, Spirit Halloween LLC was purchased by a mall retailer that has how many stores in the United States and Canada ?
262	What NIFL Premier Intermediate League team did Sean Connor play for?
264	What was the name of the fanzine that interviewed the Sex Pistols bassist when he was in the band "The Flowers of Romance?"
266	Which American character actor who starred on the television series "Stargate SG-1" (1997–2007) and appeared in "Episode 8" of "Twin Peaks" as a guest star?
267	Candy Coburn has shared the stage with an American country music group with who playing guitar?
268	What is the population according to the 2007 population census of the city in which the National Archives and Library of Ethiopia is located?
269	Which composer created Night Ferry first performed in 2012 at Symphony Center in Chicago?
273	on 16 January 1995 "First Knight" was being filmed at a studio located how far from Windsor ?
274	What is the name of the actress who has received a Drama Desk award and was part of the cast album for the 2007 Broadway production of the hit musical, "Grease"?
275	Marion Greene was a health policy analyst for St. Judt Medical company, which had how many principal operations worldwide?
276	Which Genus has more species Eucryphia or Lepidozamia ?
278	Meaning "reddish water" in Hawaiian, which location was Butch Van Artsdalen known for surfing 25-foot waves at?
279	What type of magazine is Eugene Habecker the chairman of?
280	Flyboys stars which actor who was nominated for an Academy Award for "127 Hours"?
281	The English actor Kris Marshall played which character in the highly rated comedy-drama television series "Death in Paradise"?
282	In what month was the relief first officer of the flight that crashed on its way to Cairo with a stop in New York Born?
283	Which film was released first: Sacred Planet or Oz the Great and Powerful?
285	Who is older, Ferdi Taygan or Mahesh Bhupathi?
286	Other than racing, what sport does the 1998 champion of the Toyota GRand Prix practice?
287	Where did Ian Harland study prior to studying at the oldest college at the University of Cambridge?
289	Which came to market first, "Hey Pa! There's a Goat on the Roof" or "Poleconomy"
290	What record did the Super Bowl XXXIV champions finish the regular-season with in 1999?
292	What was the nickname of the hitman hired by an Italian American Criminal Organization?
294	Which American music star appeared as a guest in a Will & Grace episode called "Back Up, Dancer"?
295	What army did the namesake of the ship launched as the München in 1930 fight in during the American Revolutionary War?
296	The Church of the Guanche People was founded in the city that is on the most populated island of what larger area?
299	When did the rock band that sang "All Join Hands" rise to prominence?
300	Where is the company that owns thanKing Horse pub restaurant chain based ?
303	Which film starring Patrick Tatten is based on a book written by Steve Lopez?
304	Are Skeptical Inquirer and The Progressive Populist both tabloid-style magazines?
309	Are Staten Island Catapult and This Is Elvis both documentaries?
310	What is the year of the event that occured first, Making Today a Perfect Day was produced, or Frozen was produced?
311	Which magazine is published more often, Shonen Jump or Rolling Stone?
312	Where is the Cocoa Krispies and former Superman sponsor located?
313	Who was born first Am Rong or Ava DuVernay ?
314	How many days did it take the Best New Artist of 2009 to sell 2 million copies of an album in the UK and break a twenty year old record?
315	"Ew!" is a song by a television host born where?
317	What Kentucky county has a population of 60,316 and features the Lake Louisvilla neighborhood?
318	Are both Duke Energy and Affiliated Managers Group based in Massachusetts?
319	Two positions were filled in The Voice of Ireland b which British-Irish girl group based in London, England?
320	Who was also an actor, Serri or John Fogerty?
321	What is the international football competition for women that Liu Ailing played in the 1991,1995, 1999 editions?
323	Folie à Deux is a studio album by the American rock band formed in which city?
325	Katherine Waterston and Chrisann Brennan has what in common?
326	The voice of Homer Simpson also voices what alien character in the television series "The Simpsons"?
328	Were Enrique Carreras and Lionel Ngakane both filmakers during the 20th century?
330	Where is the singer of "B Boy" raised?
331	The Column of Saint Zanobi  is a monumental marble column located just north of religious building with the status of what?
332	The Ingerophrynus gollum is named after a character in a book that sold how many copies?
334	Which case was decided first, Selle v. Gibb or Reynolds v. Sims?
335	Mamie Gummer played the role of Nancy Crozier on the TV series airing on what network?
336	What country do both Adnan Akmal and Kamran Akmal represent in cricket?
338	Both Sorbaria and Goldenrod are a genus of more than 50 flowering plants?
339	What is the capacity of the Stadium, other than Kauffman Stadium, designed by Charles Deaton ?
340	Who is the current drummer of the band who did the song "What Lovers Do"?
344	Garden Island Naval Chapel is the oldest Chistian chapel of a naval branch of what defence force?
345	Július Satinský was born in a city that has a current population of what?
349	What year did the biographical-comedy-crime film directed by Steven Soderbergh about the highest-level corporate executive whistleblower come out?
350	when was the album that includes the song by Dustin Lynch released to country radio on February 17, 2017?
353	Vanessa Bley is what person who organizes and often finances concerts, plays, or operas, performing a role?
354	Were Thomas H. Ince and Joseph McGrath of the same nationality?
356	Bartlett's Bridge was built by the engineer who worked for the county seat of which Massachusetts county?
357	Which novelist, J. G. Farrell or Louis Aragon, wrote of the political and human consequences of his country's colonial rule?
359	Who were the producers of the show for which Chris McKay made his feature film directorial debut?
361	Scott Sandelin grew up in a town in what Minnesota county?
363	What type of media does J. T. Petty and Outlast have in common?
364	Where did the architect of the Governor's House, located in Knutsford, graduate from college?
365	 What is the latest album of Tim Hecker, the Canadian electronic music maker?
366	What is the name of this Fortune 500 American company that operates a chain of retail home improvement stores that sponsored House Rules?
367	For what "first" was Ivory Lee Brown's nephew credited for in Heisman Trophy balloting?
368	Haruki Murakami said that writing "Dance Dance Dance" had been a healing act after his unexpected fame following the publication of a novel published in which year ?
370	What type of media does Bitter Jester and Sicko have in common?
371	What country does Eric A. Sykes and Eccles, Greater Manchester have ion common?
372	What South Korean actor was a member of the pop duo TVXQ and stared in Heading to the Ground, a 2009 MBC television series?
374	What year was the film "Mom" released, starring the voice of Shashaa Tirupati?
375	For One Night Only was hosted by the man most well-known for hosting what show from 1962 until 1999?
376	What company did Roscoe Channing form with the owner of a leading stable of thoroughbred racehorses?
378	Which of the movie which has Rich Lee 3-D previsualizations was directed by Francis Lawrence?
381	Who did the Doncaster Belles play in the 1994 FA Women's Cup Final held at Glanford Park?
382	What act for Innocent Records achieved Platinum sales and shares its name with a primary color in the RGB color model?
383	What national historic district is located near a village in the town of Philipstown, New York?
386	Francisco Jose Hernandez was a participant in an invasion that took place in what year?
387	Dead but Rising was a song by the Danish band fomed in what city in 2001?
389	Which lead actor/actress in War Chhod Na Yaar has also acted in Bengali and English-language films?
390	What type of movie are Wishing Stairs and Voice?
391	Which cast member of Alice Upside Down also stars in the ABC Family/Freeform drama "Switched at Birth?"
392	What kind of movie directed by F. Javier gutierrez did an Italian model and actress star in?
394	Who wrote The Devils, and was an eninent English theater, opera and film director?
395	Which Grand Slam singles tournament have Francesca Schiavone and Olga Morozova both been finalists in?
396	"Kapitän zur See" Ernst Lindemann was the commander of which one of two battleships built for Nazi Germany's "Kriegsmarine"?
397	Which football team does Lewis Young's older brother, Ashley Young, play for?
399	Wendy Ayche was featured in 2016 in an annual production created by Youtube and what other organization?
400	John MacGregor, Baron MacGregor of Pulham Market was educated at the University of St Andrews and another university established by what monach?
401	Which game was released first, Icehouse pieces or Kill Doctor Lucky?
403	The Indian actor and philanthropist, who starred in "Mera Damad," entered the film industry in what year?
405	Where was the person born who was recognized by MIAL and is an American soprano?
406	Which magazine is older, Gallery or Dime Magazine?
408	How large is the shopping mall where KGOT radio station has its studios ?
409	What are the names of the members of the Detroit-based hip hop duo who has worked with Jason Gilbert?
411	Jacques Mathou starred in Delicatessen, the 1991 French movie in the style of which celebrated American animator?
412	Jacques Sernas, actor in Fugitive in Trieste, was of what nationality?
413	The VMAQT-1 logo is a female spirit in Irish mythology who heralds the death of what?
414	The actress that played the leading role in the independent film "A Perfect Ending" also stars with John Bregar in a 2008 film directed by who?
415	Which band is from England, Fireflight or Dirty Pretty Things?
416	The Bart the Fink episode of The Simpsons aired in February of 1996, and involves the host of which kiddie show?
417	Which mall, Wilton Mall or Viaport Rotterdam, has had more owners?
418	Which close friend of an American former basketball player was signed for to play for the Timberwolves?
420	Are Buried Country and South of the Border both films turned into stage performances?
421	"A Summer in the Cage" and "American Hardcore" are both what kind of film?
422	How many novels are there in the series of novels of which Shadows in Flight is the tenth novel ?
423	One of the coaches of Southern Methodist University also played what role at the Arizona State Sun Devils?
424	What is the height of the player who won the 2015 AFL Rising Star award?
425	Las Vegas Festival Grounds is north of the hotel that is owned by which company?
429	Season 2 of Rick and Morty began with the episode directed by whom?
430	What team did the recipient of the 2007 Brownlow Medal play for?
432	Who has more scope of profession, Phil Rosen or  Delmer Daves?
433	Which band has more members, Test Icicles or X Ambassadors?
434	The movies The Boatniks and The Great Locomotive Chase were both made by which production company?
435	How long is the river for which Frenchmans Creek is a tributary?
436	Where is the school that Tyler Kalinoski went to located?
437	Ambrose Mendy has managed and/or advised a British professional boxer that as of July 2017 is ranked the world's seventh best super middleweight by who?
439	What town host an annual media finance conference that has featured an Australian-born American media mogul?
441	In between The Bears and I and Oceans which was released on July 31, 1974, by Buena Vista Distribution?
443	What star of "Attack of the Gryphon" was also a voice artist in Johnny Bravo?
444	Which fantasy film from 1971 featured the song "The Age of Not Believing"?
445	Mick Carter is the landlord of a public house located at what address?
446	What television thriller anthology did the winner of one Golden Globe, two tony Awards and six Primetime Emmy Awards appear on?
447	What Cayman Islands registered Mandarin and Cantonese-language television broadcaster launched Phoenix Hong Kong Channel on 28 March 2011?
448	What is the name of the film starring Rose McGowan and features the character Earl McGraw's daughter?
450	What is the name of the oldest child that attended the Trump campaign-Russian meeting?
452	Which Argentine telenovela broadcast by Telefe from March 12 to December 19, 2012 starred Isabel Macedo as Jimena Benitez?
453	What was position of the man who served Prince Andrew from 1990-2001?
454	Are Agee and To Shoot an Elephant both documentaries about war?
459	William Pery served as Captain of the Yeomen of the Guard under the lord who served in what position from 1865 to 1868?
461	1956 Night Series Cup games were played at what inner suburb of Melbourne that is 3km south of Melbourne's central business district?
465	Which American Space Western animated series did Celebrity Home Entertainment released
468	Kam Heskin plays Paige Morgan in a 2004 film directed by who?
469	What 2016 film stars actor Xavier Samuel and an actress who portrayed Vasilisa Dragomir in the film "Vampire Academy"?
470	What type of profession does Ithu Engal Neethi and Shoba Chandrasekhar have in common?
471	In what field does the firm at which Claudio Fernández-Aráoz was a currently a senior adviser offers services?
472	Eric Ambler and Carol Shields are both best Known for what profession?
473	Which "Official Ireland" group comprises about  78.3% of the population of Ireland?
474	Where was the telefilm shot that was based on the 1977 Katherine Paterson book?
476	What Division was the college footbal team that fired their head coach on November 24, 2006?
477	Which is a Macedonian weekly, Hänt Extra or Tea Moderna?
478	What is the shared country of ancestry between Art Laboe and Scout Tufankjian?
479	Who programmed a cartridge-based development system made by a company noted for authoring Atari's BASIC?
480	Which record label released Van Morrison's "I've Been Working" on the album "His Band and the Street Choir"?
481	Hate Them is the ninth album by a band likened to who?
483	Were Goo Goo Dolls and Echosmith formed in the same city?
485	In what year was the team that Luke Clark plays either right back or central midfielder for founded?
486	What genre of music was played by both Tappi Tíkarrass and INXS?
487	A puzzle-platform video game developed by the Valve Corporation is part of what 2012 action-adventure game?
489	How many Senate seats will be contested during the midterm elections that Nancy Soderberg has filed to run for Congress in?
490	In between Berghuis v. Thompkins and Mississippi University for Women v. Hogan which one was a  case decided 5-4 by the Supreme Court of the United States?
491	Which jazz singer has a 2003 album entitled The Boy Next Door?
492	The actor who appeared on Charlotte's Shorts and Weeds was born in what year?
493	After he was contracted by the team that is headquartered in Affalterbach, Baden-Württemberg, Germany, Dario Franchitti competed in what series?
495	How many restaurants comprise the quick service restaurant chain that Ron Joyce helped found?
496	Anthony Avent played basketball fo a High School that is located in a city approcimately 8 mi west of where?
499	What type of film are both "500 Years Later" and "Manson"?
500	Who was the film which was Kim Dae-woo's directing debut about ?
501	Which city was the man who is known for a science humor story based on the tongue-in-cheek combination of two adages born in?
504	During which years was the model of car, featured on the cover of Earth's "Pentastar: In the Style of Demons" manufactured?
505	The "civic rally cross" was sold alongside what other model sold exclusively in Japan at Honda Verno dealerships?
507	Which constituent college of the University of Oxford endows four professorial fellowships for sciences including chemistry and pure mathematics?
508	In what London botanical garden can you find the fungus described by Elise Maud Wakefield as "Lepiota"?
509	Who collaborated with Rihanna on the album release "Numb"?
510	Christopher Oscar Pena was recognized by an entertainment-industry brand aimed at what?
511	What was the nationality of the actor playing a Russian hostage taker in "Hostage for a Day"?
513	What professions did S. Sylvan Simon and Danny Cannon have in common?
514	What number album is the first W.A.S.P. album to feature Steven Edward Duren playing guitar?
516	What screenplay was worked on by both Edward Carfagno and Miklos Rozsa?
518	Where is the academy, for which Joseph D. Stewart was appointed Superintendent, located?
527	What drum machine was introduced in 1989 and allowed 32 notes to be played simultaneously?
528	Which band was formed first, Wavves or Social Code?
529	Iselin Solheim provided vocals in the song released on what date?
531	Are Mauritz Stiller and Johannes Grenzfurthner both of the same nationality?
532	Luke Null is an actor who was on the program that premiered its 43rd season on which date?
533	With whom did this American singer, songwriter and record producer, who contributed to the single "Marvin Gaye" with Julie Frost, co-produced and performed the 2015 song for a movie soundtrack?
534	In what year did the Guild of Music Supervisors Awards recognize a British-American romantic drama film based on the 1952 romance novel "The Price of Salt" starring Cate Blanchett?
535	Who has released more studio albums, Candlelight Red or Motion City Soundtrack?
536	What number president was Annie Caputo nominated by to become a member of the Nuclear Regulatory Commission?
537	Jack Alfred Evans played with a football club team that is based in what city in Australia?
539	Where was the sports complex at which Will Brodie made his debut in the thirty-five point loss against Melbourne located?
540	Cardinal Pole Roman Catholic School was named after the last Roman Catholic to hold what position?
541	What job did Jörgen Smit work, where he was working in the world center for the anthroposophical movement?
542	The Dogwoman telemovies were created by an actress born in what year?
543	Southeastern Illinois College offers an undergraduate academic degree considered to be greater level of education than what?
544	The American Sweetgum is the hostplant of what kind of bug?
546	What drug is among the list of illegal drugs in the Philippines and can be taken by mouth or by injection?
547	The telenova "El Ardiente Secreto" was based ona novel published under what pen name?
548	In the 2012-13 FC Sion they brought in Gennaro Gattuso and a player who now plays for what Scottish team?
549	WAVN is a Gospel formatted broadcast radio station tied to which city in DeSoto County, Mississippi?
550	The Azad Hind Dal was created by an Indian nationalist whose defiant patriotism made him a hero in India, but whose attempt to rid India of British rule during what war left a troubled legacy?
551	What English stand-up comedian has a style of comedy full of "stream-of-conscious banter"?
552	Are both Jim McBride and Neil Jordan American?
553	What was the highest ranking in the United States for a single written by an English multi-instrumentalist?
554	Woman's Era and Naj are what kind of magazines?
555	Name a musician that worked with Hiren Roy and Vilayat Khan.
558	Which has more species, Aichryson or Polypodium?
559	Who is the psychologist who wrote about the disciple of the person known as the "Wild Woman of Buttle"?
561	Which band formed in England, Of Montreal or Vib Gyor?
562	Gualdo Tadino Cathedral, a Roman Catholic cathedral, was dedicated to Saint Bendict of Nursia who is a patron saint of what continent?
563	Where was the coach of the 1999 Oklahoma State Cowboys football team hired in 2013?
564	Who is the author of the 1993 production Madge Ryan participated in?
566	On what date will the comedy film directed by Kevin Tent and starring the Bulgarian-Canadian actress known for portraying the role of Mia Jones be released on video on demand services?
567	Which company owns the hotel on whose premises the Cotal Arena is located ?
568	Rex Riot is known for a remix of the Kanye West song that was from which album?
570	What city and nation was the location of the 2015 Pacific Games where the Kiribati national basketball team finished with a 0-4 record?
571	What was the release date and price for the release of Mac OS X that has the software for creating WWF files?
572	Which author influenced the animated Easter television special "The First Easter Rabbit"?
573	Ms. Knope Goes to Washington is the fifth season premiere of an American political comedy television sitcom starring Amy Poehler as who?
575	The 2011 La Manga Cup was won by Viking, who beat which Norwegian football club from the town of Kristiansand, currently playing in Tippeligaen having been promoted from Adeccoligaen in 2012?
576	When did the tour begin for the album Taylor Swift released on October 22, 2012?
577	At which university did the notable psychoanalyst associated with the University of Chicago serve most of his career as a professor of psychiatry?
578	Chicagoland Sports Hall of Fame was founded by the company located in what Washington town, near the state capital?
580	My Secret Hotel is a television series starring a South Korean DJ who rose to fame as the lead actress in what?
582	The was the album with the song  Unbelievable by American rapper The Notorious B.I.G released?
583	Which NCAA record does the quarterback of the Minnesota Vikings hold?
590	The American restaurant chain, the Original House of Pies, is also responsible for an American chain of fruit drink beverage stores with an eponymous beverage consisting of what?
592	In what year did the actor who starred in the TV Land original series "The Soul Man" host the Black Movie Awards?
593	Which band has released the most studio albums, Blonde Redhead or Rob Zombie's band White Zombie?
595	Who was born first, Krzysztof Zanussi or Thom Andersen?
596	Where was the movement that August Brancart published literature from centerd?
597	Caste starred what English character actress who was nominated for an Academ Award for her performance in Room at the Top?
598	What movie is the the Spinning turtle attraction in the worlds 21st largest theme park based off of?
599	When was the American actor, film director which  Dana Brunetti is the president of his company born
601	Stephen susco wrote a movie produced by which american film actor?
604	 Lucas da Silva Carvalho was an unused reserve runner for a Brazilian athletics track event which at top class events is run in lanes for the first what?
605	are the documentaries Out of Place and The Mosuo Sisters by the same director ?
606	In what year was the actress who was starred in "Streak" with Rumer Willis born?
607	Watercliffe Meadow Primary Schools name change is an example of what term generally used to describe the avoidance of certain language?
608	Muz-TV was launched before the 24-hour music channel that was operated by what company?
612	Are Distortion Mirrors and OK Go both considered rock bands?
614	This event which was part of the 1954 AAA National Championship Trail was held at a racing circuit located at the corner of what?
615	The Simpsons episode that aired on February 19, 2012 entitled "At Long Last Leave" represented what milestone for the show?
617	Approximately how many locations is BJ's Wholesale Club operating in, as of early 2008?
619	What sub-genre of heavy metal describes the band "It's Alive"?
620	When was the duo formed who's English language song is the "Freaky Like Me"?
622	Which band formed earlier, Edward Sharpe and the Magnetic Zeros or Louis XIV?
623	The Peabody Hotel in Memphis (and a sister hotel in Orlando) are named after what residents of the hotel rooftop?
626	What is the are of the university at which Dick Biddle served as head football coach?
628	What year was the American healthy lifestyle magazine, in which Georgia Rickard contributed, started?
629	Who was one of the stars who played the two oldest children in a TV series which had a 2010 movie based on it?
632	Berk Communication and Marketing Group  best known for representing an American professional baseball pitcher for what team?
633	What Australian beer is a British style pale ale whose label features a character conceived in 1926?
637	An American who is a German literature translator and did a thesis on an Austrian prodigy born in 1874 taught at which university?
638	The singer known as the "Ballad Prince" was on a romantic comedy that aired on what state-run channel from August 11 to September 30, 2010?
639	Which number-one single is Michael Steele responsible for?
640	Who owns an English evening newspaper based in Blackpool, Lancashire?
641	Which English actor, comedian and singer is featured in Chalk and Cheese?
642	E! Hollywood Hold'em was hosted by a poker player of what nationality?
645	Which American comedian born on March 21, 1962, appeared in the movie "Sleepless in Seattle?"
646	Joseph Benavidez has been compared favorably to which retired bantamweight and featherweight MMA fighter?
648	What role did Thomas Doherty play in sitcom based on the Israeli series "North Star"?
649	In between Liberty and MIT Technology Review which has a circulation of over 200,000?
650	GamesMaster has a sister publicantion that is published how many times per year?
651	What is the birthdate of this American comedian, actress, and writer, who was a supporting cast remember in Brooklyn Nine-Nine as Gina?
653	What kind of musicians are Mark Gaudet and Jan Axel Blomberg?
654	Which canal, Miami Canal or Dundee Canal, also supplies hydro-power and water for manufacturing?
655	The Lance Todd Trophy is presented at a stadium located in what country?
656	What former nose tackle announced ESPN College Football Friday Primetime in 2017?
657	Which of the following stars Jeff Bridges as a computer programmer: Tron or The Million Dollar Duck?
658	Which 9th longest-running musical in Broadway history was the 30th Disney animated feature film?
659	When was the seven-time World and Olympic medalist on which "Foxcatcher" was based born?
661	Which building is used for more different uses, MiMA or 270 Park Avenue?
662	Stacey Totman is the former head coach of the college golf team that competes in what conference?
663	Where does the story take place in 1988 film The Moderns?
664	The actress that plays Kaylee Frye in the series "Firefly" also stars with Alan Dale in a sci-fi tv film released in what year?
665	In what year did the Danish plant ecologist who assisted a Danish chemist, famous for the introduction of the concept of pH die?
666	Which airport is busier, Palm Springs International Airport or Trenton–Mercer Airport?
668	What is Rachelle Amy Beinart's role in the film that follows a group of rebels on a mission?
669	Peter Curtis and Scott Draper are both what?
670	What year was a joint venture between RLJ Companies and this film studio founded in 2005, founded?
671	What country of origin does The Late Late Show and Craig Kilborn have in common?
676	What form of play does Yameen and Activision have in common?
678	How many animals does the wall running between the West Gate Lodge and Cardiff Castle depict?
680	Orlando Brown is best known for his role as 3J Winslow in an American sitcom that was a spin-off of what?
681	What is the main industry of this town with a population of around 2,600 as of 2010 that has Mountain Valley High School attendees as residents?
682	What show other than Hello Ross did Chelsea Handler appear on in January of 2016
683	Who is still with the group that covered "Leather-Winged Bat" in 1969?
684	How many people were in the group which preceded the release of Eric Clapton's 1975 album E.C. Was Here?
685	Besides the founder of Led Zeppelin, and Bert Jansch, what other to British musician was heavily influenced by Davey Graham?
687	What season of the Indian reality TV series "Big Boss" did the model Lopamundra Raut compete in?
688	The song "Judgment Night" was a collaboration between Onyx and the heavy metal band formed in which city?
689	What legend that lends its name to a modern medical term, inspired the plot of the horror film Ghostkeeper?
690	What was the name of the team that represented an Arizona university in the conference that covers a broad expanse of the western United States, including Arizona, California, and New Mexico?
691	Scout Tufankjian and Daron Malakian are both what?
692	Where will the 2017 Atlantic 10 Men's Basketball Tournament be hosted?
693	The major benefactor who donated money to build Archbold Gymnasium sold his oil company to whom?
694	Who did Fredric Rieders tesify agains who had killed as many as 60 patients and recieved three consecutive life terms to be served in Florence Colorado?
695	At the 46th Grammy Awards, which award did the album by The White Stripes, which included the song Seven Nation Army, win?
696	Who has won more Grand Slam women's doubles titles, Lisa Raymond or Liezel Huber?
698	What type of publication does St. Anthony Messenger and Revolver have in common?
703	Although a dependent territory remains politically outside of the controlling state's integral area, what else can it contain?
705	Were Illinois Institute of Technology and Boise State University both bounded before 1950?
709	Roden Brothers were taken over in 1953 by a group headquartered in which Canadian city ?
712	What is the name of the Australian specialist electronic music magazine that features avant-rock, experimental sound art, and experimental hip hop?
713	Joel H. Cohen is the younger brother of one-time Simpsons writer who has also written for which show?
714	Which "Mirrors" actress made her film debut in the 2005 comedy film "Hitch"?
715	Into Dust is a song by the alternative rock band formed in which city?
716	Who was the leading actor of the Christmas movie that Rebecca Forstadt did background voices for?
717	Carlos Salazar Lomelín is the CEO of which Mexican multinational beverage retailer?
719	What football league did John Moncur belong to during his time at Ipswich Town F.C.?
720	 Jason Regler, stated that he had the idea for the flashing wristbands during a song built around which instrument ?
721	Who was the director of the 2000 American comedy film in which the actress, whose first role in film was in director Martin Kunert's film "Campfire Tales", played a role?
722	Who has won more awards, Dan Schneider or Helen Hunt?
724	Which team's 2013-2014 season had players including a Slovenian who plays at both the point guard and shooting guard positions?
725	Erwin Lambert was a member of which paramilitary organization under Hitler?
728	Casey Jr. Splash 'n' Soak Station is an attraction in a city located in which county ?
729	Which musician is older, Philip Labonte or Alexi Laiho?
730	Which WWE wrestler who performs on the Smackdown brand has his initials as part of the team "Rated-RKO
731	Sebastian Gutierrez is known for writing the screenplay for the 2003 film directed by whom?
732	To what sport does the Atomweight class belong?
733	The Aviation Hall of Fame and Museum of New Jersey is located at the airport in which New Jersey county?
734	The History of Ranching is a mural that was originally located at an American brewery that in 1999 began trasfering its production to who?
735	Are both Disney Magazine and The Ring still in publication?
736	Which band formed first, Awolnation or Foo Fighters?
738	Mawson  is an electoral district that includes the wine regional around which town 35 km south of Adelaide?
739	Are Pterostyrax and Dregea both native to Asia?
740	Who else besides "The Golden Jet" was born in Point Anne, Ontario?
742	The attraction at universal studios that was based on "The Tonight Show" replaced an attraction that replaced an attraction based on what movie?
743	Who holds the world record for jumping over 6 buses and appeared on the British television series "The Jump"?
745	Which show which aired on NBC from September 22, 1994, to May 6, 2004, has the fifteenth episode entitled, "The One with the Girl Who Hits Joey"?
746	Who directed the 1941 film based on the novel of the same name by Zane Grey starring an actor who was also an artist and stuntman?
747	Which North Central town in Florida is home to the punk rock band Against Me!?
748	What type of bank organization is Pondicherry Gramin Bank that it operates in different States of India?
749	From which city in Oklahoma is the singer of a song that peaked at number 24 on "Billboard" magazine's pop chart in December 1953?
751	Of which band was the singer who released the record I Get Weak once a member ?
752	Are David O. Russell and Tony Gatlif from the same country?
753	What church was the college Marjorie Hass is the 20th president of formerly affiliated with?
754	Which was published more frequently, Popular Science or Girlfriends?
755	Which album came out first, "Paper Trail" or "If Tomorrow Comes..."?
757	The football maneuver, known as the horse-collar tackle is most closely associated with a player that was drafted by what NFl team in 2002?
758	Wim Jonk manages Cruyff Football together with the footballer who is also currently manager of which team?
760	The La Senza brand is currently owned by a fashion retailer based in what Ohio city?
761	Are the libretto of Tristan und Isolde and Ariane et Barbe-bleue in the same language?
763	What is the population of the city at which the transmitter of WLLZ-LP was placed?
766	What occupations do Charles Burnett and Alan J. Pakula have in common?
769	Which was released first, The Climb or Voices of Iraq?
770	Peter Dhao created a websiteto reflect worldwide views. What was the slogan of the site he created ?
771	What is the name of this White House Cheif of Staff, born in 1950, who assumed the role at the same time as Elaine Duke became Secretary of Homeland Security?
773	What role did Veda Hlubinka-Cook have in the making of this 1997 video game that takes place on the Orient Express, days before the start of World War I?
775	Which film came out first, Still Kicking: Six Artistic Women of Project Arts & Longevity or Time Bombs?
776	What is the name of one the ex-security officials that means The Institute?
778	Which author dedicated a 1985 romance novel to the author who did in 2009 and wrote under the pen name Gwyneth Moore?
780	Padosan had a supporting actor who is known as a successful playback singer in what language?
781	Who starred in the film The Human Factor in 1979, alongside fellow English actors Richard Attenborough and Derek Jacobi?
782	The creature HNoMS Draug is named after comes from what kind of mythology?
783	who is younger Ulrich Walter or  Luca Parmitano?
785	Is the building located at 200 West Street taller than the one at 888 7th Avenue?
786	who was born first Pierre Womé or Christian Poulsen ?
787	Where is the company owning Reliance Cricket Stadium ranked on the Fortune Global 500 list as of 2016
788	Who had the lowest vocal range in Cosmos?
791	A wide receiver for the Toronto Argonauts played college football for a team that represents the University of Oklahoma, which belongs to what conference?
793	Macclesfield Town F.C. plays in the league sponsored by whom?
794	The film "Arthur Newman" stars Colin Firth and an actress that made her professional debut in what play?
795	Who was the lead character designer on "Pepper Ann", and the creator of Cartoon Network's 13th "Cartoon Cartoons"?
797	Blue Dwarf is what type of online text-based role-playing game?
798	Which band has more members, Lawson or American Music Club?
799	Are Waste Land and Shikashika both types of drinks?
800	Daniel Greene has created what for clients including sportscaster Bryant Gumbel, Eleanor Roosevelt, William Randolph Hearst and Dave Thomas, the founder of Wendy's?
801	What Olympic medal did the opponent of Crawford Ashley for the World Boxing Association (WBA) World super middleweight title win in 1984?
803	Scott Workman was an American stuntman and actor credited with a successful show on what smaller TV Network?
804	Telos was an album by a band who formed in what city?
807	Alfie Allen played Theon Greyjoy on which show?
808	 Force India VJM10 is a Formula One racing car previous driven by Nico Hülkenberg, and is now driven by which driver born 17 September 1996?
809	Radha Jayalakshmi and the Priya sisters were both duo's in what music style?
810	Which opera has more acts, Parsifal or Manon by Massenet?
811	What is the name of the number-one single featuring the winner of Celebrity Apprentice 3?
812	What song by the American rapper Coolio is on his greatest hits album "Fantiastic Voyage" and samples from a Stevie Wonder song?
813	Which of the music composed for Operation Amsterdam originated in the middle of the 19th century in Bohemia, now part of the Czech Republic?
814	Who was the eldest brother of the Mexican drug trafficker born 12 March 1952?
815	The actress who made her film debut in Friday Night Lights also starred in a 2014 French-American crime-thriller directed by whi?
816	In which University is Richard Williams' former assistant a member of the Athletics Hall of Fame?
817	Both Ralph Bakshi and Béla Gaál had what roll in film making?
818	What type of music were vocalists Billie Joe Armstrong and Frank Iero involved with?
820	PISCES was developed by the company that is headquartered in what city?
821	How many species of Hawaiian hibiscus do not have white flowers?
822	Which band has more members, The Futureheads or Marcy Playground?
824	When was the Chief Aerodynamicist for the British supersonic land vehicle, whose goal is to match or exceed 1000 mph achieving a new world land speed record, born?
825	Which genus has more species, Salvia or Arachis?
827	Jihad: A Story of the Others is a documentary by the director who is of what descent?
828	Who was the main vocal of "Set the Fire to the Third Bar"?
830	Cheek to cheek tour played shows at what place that is located on the Las Vegas strip that began their tour?
832	What was Terry Owen's son's profession after retiring from football?
833	Where was the only European Cup Final in which Jupp Heynkes played held?
836	The producer of the Eric Church album "The Outsiders" was a member of what band in the 1980's?
837	Who created the NBC sitcom that Johnny Pemberton appears in as the character Bo Thompson?
839	Isabella Kelly was born at a ruined castle characterized as one of the most isolated fortifications in Britain by who?
840	Which American car rental company is also a member of the Association of Car Rental Industry Sytems Standards?
841	The competition Lev Oborin won in 1927 is held in what city?
842	Which town has a greater population as of the 2010 census, Minden, Nevada or Gardnerville, Nevada?
843	Which tennis player is from a country closer to Canada, Ken Flach or Lucie Šafářová?
847	The Polar Bear and Daiquiri are both examples of what?
848	Which tennis player is younger, John Newcombe or Květa Peschke?
849	when does the role William Vere Reeve King-Fane change?
850	Which team does the player named 2015 Diamond Head Classic's MVP play for?
851	What is the name of the company that wholly owns the Value Alliance airline whose head office is within Terminal 2 of Narita International Airport?
852	When did the character on Grey's Anatomy, played by the same actor who portrayed Rev James Lawson in "Lee Daniel's The Butler", debut?
853	Who died first, Bryce Courtenay or Juan Carlos Onetti?
854	What religion is the composer for India's first science fiction film series?
855	What public radio network in New York has allowed Eric Plakun to dis his psychiatric work?
857	Hudson Austin formed a military government with himself as chairman to rule Grenada, after the killing of a Grenadian politician who was the leader of what movement that was an effort in the areas of socio-economic development, education, and black liberation?
858	Which magazine is focused more on the adult demographic, Jack and Jill or Paper?
860	Who is the American actress performed "Take On The World" with Sabrina Carpenter?
861	The Black Belly of the Tarantula starred an actress who married what former member of the Beatles?
862	What dance academy did the starring actress from The Glory of Tang Dynasty graduate from?
863	What band member that released "Darkhorse" gave the vocals to "Starry Eyed Surprise"?
864	The Birthday of the World: and Other Stories was written by what fantasy and sci-fi author?
865	The author of the "The Dagger and the Coin" fantasy series was nominated for what award in 2017?
866	What was the profession of the one who wrote a song on a 2005 album he collaborated on with Marc Predka?
867	Lawton–Fort Sill Regional Airport, a charter base for value airline Allegiant Air, is situated in which U.S. state?
868	Which person, William Blake Herron or John Carpenter, held more diverse roles in the movie industry?
869	Keanu is a 2016 American action comedy film directed by Peter Atencio and written by who?
871	Repertoire of Plácido Domingo appeared in an opera written by whom which was based on a play by William Shakespeare?
872	Naval Air Station Ellyson Field was an auxiliary facility to the air station in which community?
873	What is the name of the movie that stars Katrina Bowden and was directed by Sean Anders?
876	Russia Soviet pianist, composer and teacher, Tatiana Nikolayeva taught what Polish pianist and music educator?
878	What did Karan Kapoor's maternal grandfather deliver?
879	Why is Minister Pool important to Black Country and the West Midlands in England?
880	Which American singer-songwriter toured with J.P. Doherty in 2007 on Cyndi Lauper's True Colors tour?
881	Between Frederick King Keller and Ian Schneider, which filmmaker had more diverse job experiences?
882	 Which 1970's film was released first, Charley and the Angel or The Boatniks?
883	M.F.A. starred the actress known for starring in what E! reality series?
886	When did the Disney sitcom in which Genevieve Knight "G" Hannelius starred as Avery Jennings end?
887	who were James Hill and John Vereker, 6th Viscount Gort officers for?
888	Keene is an unincorporated community in Wabaunsee County, Kansas, in what federal republic composed of 50 states?
892	Are Ian Brown and Dee Snider both actors?
893	What Italian region does Slinzega come from?
894	What was Robert M. Fomon's connection to the New York Stock Exchange located at 11 Wall Street, Lower Manhattan, New York City, New York?
895	Liz Rose has co-written songs with which artist including "White Horse" and "You Belong with Me"?
896	Where is the seminar Jeanne Marie Beaumont directed in 2007-2010 located?
897	where is the  a county where  Purcell can be found located
898	Which film director is younger, Robert Z. Leonard or Sinclair Hill?
899	Are William Kronick and Jon Turteltaub both television writers ?
900	Who was a more acclaimed guitarist Stephen Christian or Joe Gooch?
901	The True Colors World Tour was by what artist whose debut album was "She's So Unusual"?
902	What group did Carlene LeFevre and Rich LeFevre form in Brooklyn, New York City?
904	What political office was held by two successive occupants of the same castle located in Lauderdale, Scotland?
905	Who founded the honky tonk that is at the center  of John Travolta's  third major acting role?
906	Which band has more constant members, Lilys or Ratatat?
908	Which band was formed first, Lit or Adorable?
909	Are both Delmer Daves and Jean-Pierre Jeunet film directors?
910	who influenced the electronic dance music who  made  Scotch Hausen album
911	Which genus has more species, Apium or Elodea?
912	Black Book starred the actress and writer of what heritage?
913	Brian Olsen was the lst WEC heavyweight champion before the promotion company founded in what month purchased the organization?
914	Shani Gandi has worked with Kelsea Ballerini in what country?
915	Which of Kylian Hazard's older brothers plays for the German Bundesliga club Borussia Mönchengladbach and the Belgium national team.
917	Which publication publishes more frequently, Utne Reader or The New York Enterprise Report?
918	Which band has more members Band of Skulls or Live ?
919	What character in "Father Ted" was played by an actor who starred in Death in Paradise?
922	Who owns the hotel where the 13th Anniversary Show took place?
924	Immanuel Lutheran School is affiliated with the denomination that has how many members?
927	Electronic Attack Squadron 138 is a type of which American carrier-based electronic warfare aircraft, a specialized version of the two-seat F/A-18F Super Hornet?
928	For which NBA team did the MVP of the 2013 McDonald's All-American Boys Game play?
929	Who was elected more times, Daniel Patrick Moynihan or Dennis Kux?
930	Victor Varnada directed Twisted Fortune, which starred which brother of Eddie Murphy?
931	When was the American automobile club which has 2014 Trans-Am Series as the 46th running of the Sports formed?
932	What is the population of the city in which the first edition of the South American Youth Olympic Games were held?
934	What kind of person of authority does Governor of Sheerness and Stapleton Cotton, 1st Viscount Combermere have in common?
937	in the 2004 Hockey film produced by a former major league baseball pitcher who played the USA coach?
939	What is the founding year of this public research university in the Netherlands, where Jan Borgman was a professor from 1968 to 1988?
940	This man who was born on April 25th, 1947, was a member of this lower house of the Hawaii State Legislature.
941	Which road borders both Pacific Mall and Splendid China Mall ?
942	Wheelock Whitney is just one member of the Whitney Family. Where did this American family originate from?
943	What is the focus of the movie in which Nolan North played the role of Superboy?
944	Were both Monkey Kingdom and Anaganaga O Dheerudu connected with Disney?
945	Temagami-Lorrain Mine and Burwash Mine were both mines created during the early 1900s; which one yielded a 16-ton bulk sample of gold ore in 1935?
947	What is the fictional name of the mall in the movie "Back to the Future" which was filmed at the headquarters of EverTrust Bank?
948	Tamanchey is a comedy film that starred the actress who works in what type of films?
949	The Northern Chamber Orchestra gives concerts at what estate owned by the National Trust?
950	Which star of "Chalet Girl" also appeared in "The Treasure Seekers"?
951	In regards to the high school that forced Manchester High School to change its name in 1922, when was its first graduating class?
953	What year was the song that some critics compared to "Fading" released?
954	What is another name for the LRA featured in A Brilliant Genocide?
957	Who created the show that featured Triumph the Insult Comic Dog?
959	The tap dancing soloist in My Feet Keep Dancing also starred in what 1935 MGM musical?
962	Who currently has more store locations? Bearno's or Patxi's Chicago Pizza?
963	Peter Marc Jacobson is best known as the co-creator of the popular sitcom "The Nanny", which he created and wrote with his then wife an actress born in which year ?
964	Who was the brother of the architect of Hook and Ladder No. 4 located in Albany, NY?
965	Bethpage State Parkway begins with an interchange at which Long Island-based limited access highway?
966	1990 Film Lionheart stars this actor who is best known for what type of films?
967	How is the namesake of The Mountbatten Institute related to Elizabeth II?
968	At what frequency the magazine publishes which ranked  Aditya Puri #24th in India's 50 Most powerful people of 2017 list?
971	What films were the basis for "Family Guy" and the character of Peter Griffith?
972	In what city did Jennifer Paige Chambers appear with the creator of the characters Jiminy Glick and Ed Grimley?
973	How many yards did the nephew of Ivory Lee Brown get during his 2004 true freshman season?
974	Belle & Sebastian: The Adventure Continues is the sequel to the 2013 film "Belle and Sebastian", a French adventure film directed by who?
975	Selena Quintanilla-Pérez's assistant and head of her fan club will be eligible for parole on what date?
977	In which St. Louis Cardinal season did a player born in 1972 blow ten saves before undergoing season-ending hip surgery?
978	Out of the actors who have played the role of Luc Deveraux in the Universal Soldier franchise, which actor has also starred in the movies Holby City, Doctor Strange, the Bourne Ultimatum and Zero Dark Thirty?
979	Who was born first, Aleksandr Ivanovsky or Arthur Lubin?
980	Liverpool nurse Mimi Smith was the aunt and guardian of which one of the city's most famous sons?
981	What production company co-owned by Kevin Loader and Rodger Michell produced My Cousin Rachel?
982	Out of two American colonies that had a series of skirmishes and raids between 1701 and 1765 at the disputed border, which British proprietary colony became a royal colony on the northeast coast of North America?
983	Former race car driver Jeff Wood made his CART debut at which 1983 Nissan/Datsun-sponsored race?
986	Jon S. Cardin is the nephew of a senator who has been in office since when ?
987	Chris Jones is a semi-professional footballer, who played with what goalkeeper for Derby County when he was with Yorkshire?
988	What pursuit did both Gevork Minaskanian and George Stambolian have in common?
989	Which film is newer, The Apple Dumpling Gang or Heavyweights?
990	What former president of ABC television is a high ranking officer in the same company as Christine Mccarthy?
991	Show Her is a song written by a country music artist who is also a former player of what sport?
992	House of Many Ways is a young adult fantasy novel set in the same world as a novel that was adapted as an animated film of the same name and nominated for what?
993	What NFL team did the 2017 ESPN College Football Friday Primetime host who played at Oklahoma in college play for?
994	What relationship does Fred Gehrke have to the 23rd overall pick in the 2010 Major League Baseball Draft?
997	What distinction about his birth makes the contemporary of Bill Pollack unique as a winner of the Formula One World Drivers' Championship?
998	Are both Yangzhou and Jiangyan District considered coastal cities?
999	What musical action does Ndebele music and Musical bow have in common?
1000	 Billy Preston is an American college basketball player for a team that competes in what?
1001	Nicolau Colaco played as a defender in the men's professional league sponsored by which company?
1005	What profession does Matt Thiessen and George Thorogood have in common?
1006	Dr Jan Schneider ran for United States Congress in Florid but lost twice to which Republican politician?
1007	What actor's debut film also starred an actor who received four National Film Awards and eight Filmfare Awards, as well as an Academy Award nomination?
1008	Were The Bomb and Rolling Papers released in the same year?
1009	Michaël Llodra of France, called "the best volleyer on tour", defeated Juan Martín del Potro a professional of what nationality?
1011	What award does Crystal Palace F.C. present, first won by John McCormick and most recently by Wilfried Zaha?
1014	Which school with which Gabriela Lemus has been affiliated is a member school of the Thurgood Marshall College Fund?
1015	What was the other Los Angeles team that the 1999 Clippers top draft pick played for and won two championships with?
1017	What kind of energy does a plasma weapon produce?
1021	What community is the team Isaac Gómez played midfielder for located?
1023	Are both George Duran and Ara Babajian famous chefs?
1024	What is the name of this suburb within the Central Coast Council local government area, where Tessa, of Microwave Jenny, grew up?
1025	What "God Gave Me You" artist wrote the song "Imagine That" for Diamond Rio?
1026	Which Karakoram mountain is higher: Distaghil Sar or The Crown
1027	Which Nigerian footballer who plays as a forward for Shanghai Greenland Shenhua was one of eleven players to have played in the top divisions in Italy, Spain, England and Germany?
1028	Where is the transportation company that owns Talbot based in?
1029	Firstar Center was the name for two buildings before the company changed its name to match which company based in Minneapolis?
1030	What was the lead single from Boys Like Girls album on which frontman, Martin Johnson co-wrote a song with Taylor Swift? A: Love Drunk
1031	What UAE stadium was the venue for the 2016 Pakistan Super League opening ceremony?
1033	Which Russian figure skating coach was a former competitive ice dancer who competed with Olga Pershankova in 1993?
1034	When was the plaintiff in the 1892 Barbed Wire Patent Case born?
1035	Were Sound Team and Dead by Sunrise both formed before 2010?
1036	Who was born first, Connie Willis or Margaret Landon?
1037	William McGrath was a loyalist from Northern Ireland, and was known for opposing what?
1040	Finally includes the song that peaked at what on the US Hot 100
1041	The Disney version of Ebenezer Scrooge was voiced by whom?
1042	Janne Kyttanen has had work exhibited at which modern art museum in Amsterdam?
1047	What ethnicity is this American professional baseball right fielder born in 1987 play, who graduated from Nova Southeastern University?
1050	 Who was born first Doug Liman or Saul Metzstein?
1053	Which band has more members, Kitchens of Distinction or Royal Blood?
1056	Andrei Ivanovich Gorchakov commanded the 1st Infanty Corps in what major engagement of the Napoleonic Wars?
1058	What is it called when a piece of media is altered from its original state like when Bubba Sparxxx was featured in the song Oops?
1062	When was the director of an American short slasher film with French-speaking serial killers that was released on October 31, 2011 born?
1063	An Cat Dubh / Into the Heart is a song from the U2 album released on what date?
1064	Which writer and director does Kym Barrett collaborate with?
1065	The Ameican Jazz saxophonist nicked named the "Hawk", once played with what musician who died in 2009 and once played with Johnny Carson during Carson's residency?
1066	What occupation did Nicholas Christopher and Roger Ebert share?
1067	As an American producer of canned soups and related products based in Camden, New Jersey, what company handles the broth business of the Swanson brand?
1068	When was the magazine Sam Duckworth got his name Get Cape. Wear Cape. Fly from launched?
1070	What writer worked on both The Ice Cream Man and and a 2007 fantasy comedy loosely based on a Donald Henkel poem?
1072	Which three-time Olivier Award winning English actress starred in the 1981 BBC television serial, Sons and Lovers?
1073	What kind of comedian was Michael Mclntyre's father?
1076	Were Gregory La Cava and Mike Judge both actors?
1077	What genre was the movie that Austin Nichols was in with Kirsten Dunst?
1078	Are Ruggero Deodato from Italy, and Mexican Alejandro Springall, both film directors?
1079	How many venues was in the complex at which Night of Joy was held?
1080	Which utility holding company did Alfred A. Marcus work as a consultant?
1084	Which Western action-adventure video game by Rockstar did Tyler Bunch act for?
1085	What are both Camel Up and Outrage!?
1086	What  unincorporated town along the Amargosa River is near the Sarcobatus Flat?
1087	When would be the professional wrestling video game release in which Mark Henry will appear as "legend"?
1088	Glaramara is a fell in the English Lake District in Cumbria that stretches from Stonethwaite which is a part of a valley and civil parrish in what Borough?
1089	Me and You and Everyone We Know was directed by an artist who also directed what 2011 film?
1090	From where was the award which has Matt James as a winner in 2012 has its name derived?
1093	which Norwegian chess grandmaster was  Espen Agdestein his manager
1094	When was the composer of "Persian Surgery Dervishes" born?
1095	Gorgoroth is a band based in which Norwegian county?
1096	Which of the people that scored a goal for Arsenal in 2015 FA Cup Final was born on 16 March 1989?
1097	What was the title of the debut studio album by Weezer which contained the hit Buddy Holly and Undone – The Sweater Song?
1098	Naseer & Shahab is a Pakistani band playing a genre that dominated radio in what decade?
1099	What is Gary Cole's character based on?
1100	what is one of the stars of  The Newcomers known for
1101	Are Wolfgang Becker and Paul Andrew Williams both film directors?
1102	Which publication still relies on paper printing, Human Events or Texas Highways?
1105	Are Über Goober and American Jobs both documentaries about gaming?
1107	Where was the university at which  Barrie Ciliberti was a professor located?
1109	What is the main flavor of both soft drinks, Solo from Norway, and Sunkist?
1110	"Lost!" is a song by a British rock band formed in what year?
1112	Are Ranger Rick and Tennis both sports magazines?
1113	What team did Kenny Brown manage following the departure of Dean Holdsworth?
1114	Signed with Maybach Music Group in 2011, which artist was featured as a guest in Fire of Zamani?
1116	What is the sister city of the city in which Benjamin Abram Bernstein was born?
1117	Who is the album "Look What You Made Me Do" is on being released through?
1118	which actress was a notable practitioner at the white bear theatre and is also known for playing the role of melanie owen in the BBC one soap opera "eatenders"?
1119	Who will Billy Howle be seen opposite in the upcoming British drama film directed by Dominic Cooke?
1120	How many rooms does that largest single hotel within the United States that is owned by MGM Resorts International?
1123	Who built the diesel railcars operated by the publicly owned corporation that provided suburban train, tram and bus services in Adelaide, South Australia starting in July 1994?
1124	Psychopsis and Aubrieta are both genuses of which type of plants?
1126	The 1996 AT&T Challenge was a tennis tournament played in a city that in 2017 ranked third on the "USA TODAY" list of what?
1128	Where was the film set in which the daughter of Shashi Kapoor, along side Sarat Pujari and Navni Parihar, set?
1129	Polk County Florida's second most populated city is home to which mall?
1130	The Extreme Centre: A Warning was a book by the activist who studied at which college?
1131	Are both Dziga Vertov and Roger Donaldson are involved in the film industry?
1132	What vocalist and pianist was recorded by Modular Recordings?
1133	What other film did the star of 127 Hours act in?
1134	Which games, Strange Synergy or Qwirkle,  is a card game published by Steve Jackson Games?
1135	Who was appointed to the board of supervisors first, Jeff Sheehy or Ed Lee?
1136	 The Human Condition is a film trilogy that follows a Japanese pacifist and socialist as he tries to survive in a political system that strives to regulate what?
1137	Channel 8 has broadcast which American sports series that premiered in 1973?
1138	At which public research university founded in 1881 Ralph Fielding served as the head football coach?
1139	When was the Chinese American electronic musician and singer who collaborated on the album I Remember born?
1142	Faces is a mixtape that features guest appearances from an American rapper who released one album with Souf Folk called what?
1146	The Bay Plaza Shopping Center contains a store that headquartered where?
1147	The Joggers are a four-piece band whose lead singer is the son of an American chemist who received the highest what?
1148	Maha Kali is an EP by what band from Stromstad that was formed in 1989?
1149	Darl Hall and John Oats fifth studio album was released in 1976, which song was the first of their six #1 singles?
1151	What season did a Spanish rally driver won the 2000 World Rally Championship?
1152	Sinch when has the rank held by Sir Charles Comyn Egertong been the highest in the British Army?
1153	Which railway is a part of Summerseat and also runs between Heywood and Rawtenstall?
1154	When was the English-born South Australian brewer whose brewery was amalgamated with W. K. Simms's West End Brewery. born
1155	Are Leopold Lummerstorfer and Valeria Sarmiento both authors?
1157	Before going to the London School of Theology, John Burges spent six years working for a company headquartered in what country?
1158	Getting Married in Buffalo Jump stars an actor who was born in what city?
1160	Kang Sung-yeon played Prince Yeonsan in a film that runs for how many minutes ?
1161	What is the former name of the team that Tom Shearn was supposed to start for?
1163	Which is a record producer, Zach Bogosian or Daron Malakian?
1164	What was the career that Sidney Lumet and Albert Ward share in common?
1165	Are both Adolfo Bioy Casares and James Norman Hall Argentinian authors?
1166	What multinational professional services firm, headquartered in London, England, is one of the "Big Four" accounting firms and is also a tenant in InfoPark, Kochi?
1168	Anna Aglatova made her first public appearance at which Moscow theatre in 2005?
1170	Which film does "Naked Weapon" follow in the "Naked" series?
1171	David Sinclair is a fictional character in "Numb3rs", a crime drama produced by what company headquartered in New York City and Los Angeles?
1172	What casino in Las Vegas which is now operated by MGM Resorts International was developed by William G. Bennett?
1173	What type of sport does Sergio Casal and Manuel Orantes have in common?
1174	A former Australian rules football player who played with the Port Adelaide in the South Australian National Football League is the vice president of a video game company based where?
1175	In what year did Farda Amiga win a race at the Saratoga Race course?
1176	What is the name of the independent candidate in Maine's 2010 gubernatorial race who finished ahead of Libby Mitchell?
1177	Who founded the company that sponsors the CFL game of the week?
1178	Josephine de Reszke made her debut in what grand opera?
1179	What film did Lela Rochon based on a John Grisham novel?
1181	The 2015 Austrian thriller film Jack tells the story of a serial killer who died in what year?
1182	What NHL team drafted Kaspars Astasenko in 1999 and won the Stanley Cup in 2003-04?
1183	Paul DeBoy is known for an appearance in the Western action-adventure game developed by which company?
1184	Pluto was the debut album of this artist who also performed on this live music venue that reopened in March 2015.
1186	What county was Tom Hewitt born in?
1188	What video game character did the voice actress in the animated film Alpha and Omega voice?
1190	Which Dutch footballer is featured on the song Wij zijn Ajax by Ajax and Friends?
1191	What year did the largest convention center in the U.S. state of Georgia open?
1193	"wild combination" was a film about a man who was an American cellist, composer, producer and singer, who is he?
1196	What is the name of the black belt in Brizilian Jiu Jitsu who trains extensively under striking coach Ray Bronx Longo in Garden City, New York?
1199	WHat dish is  Dacryopinax spathularia included in that is also sometimes called Luóhàn cài?
1200	What is the stage name of the former pornographic actress born in 1981 that co-hosted the 26th AVN Awards?
1201	Which musician, Ciaran Gribbin or Brett Scallions, is a member of the post-grunge band Fuel?
1204	Fiske O'Hara was born in what city Knox County, Maine, that had a population of 2,297 as of the 2010 census?
1206	Are Des Moines International Airport and Grand Canyon National Park Airport both major airline hubs?
1208	Which magazine, the British response to magazines such as "Playboy" and "Penthouse" did horror author Graham Masterton edit?
1209	 The Canadian Hot 100 is a music industry record chart in Canada for for a song that is released separately from what?
1210	Who was the leading female star in "The Others" which marked the final film appearance of Renée Asherson in 2001?
1211	How many assists did the Bosnian football player account for during the 2008–09 VfL Wolfsburg season?
1213	In the CBS television sitcome Double Rush, Johnny Verona, manager of a bicycle delivery service in New York City was played by an actor of what nationality?
1214	Jullian Allen a Brittish-American Illustrator had some of his Illustration published appear in Queen magazine. In 1970 the magazines name was changed to Harper's and Queen. What is the name of the magazine now ?
1216	What position did Ernest Newman hold at Her Majesty's Royal Palace and Fortress?
1217	Jim Halsey guided the career of the musician who hosted what country variety show?
1218	Which actresses appeared with the mother of Robert Lowery Hanks in the film "Little Women"?
1222	What is the airport code for the Vilnius Airport that ceased operations in 2015?
1224	Where is the movie from that is directed by Raymond Yip and stars the winner of Miss Chinese International Pageant of 1988?
1225	What type of structure does 277 Park Avenue and 126 Madison Avenue have in common?
1227	Name three best sellers from Arthur Hailey that were released before Donna Tartt was born.
1229	Because Marc Shiller was born in Beunos Aires in 1957, but is a resident of the United States, what ethnic group does he belong to?
1231	Which song by Last One Picked appeared in a 2004 American teen musical comedy film directed by Sara Sugarman?
1232	Are Jim Lindberg and Alison Moyet singers of the same nationality?
1235	How many more singles titles did Kim Warwick win than Jorge Lozano?
1236	What is the name of the 1999 film directed by Roman Polanski and starring his wife Emmanuelle Seigner that was a world-wide success but critically and commercially unsuccessful in North America?
1238	Operation light house was an experiment by Wernher von Braun and another man born in what year?
1239	Are both Cynthia Mort and George Archainbaud American?
1242	Which plane has seen more combat, the Northrop F-15 Reporter or the Northrop P-61 Black Widow?
1244	Which airport Grand Forks International Airport or El Paso International Airport is closer to their town ?
1245	What flow of goods and services were managed and distributed by General Blood?
1246	What is the nickname of the WWII battleship at the Fall River Heritage State Park?
1248	What was the name of Kalyanji Virji Shah's brother who won the Filmfare Award for Best Music Director?
1250	The Meadowbrook State Parkway connects to the Southern State Parkway in a community with what population as of the 2010 census?
1251	Stephen Graham starred in a film in 2006, directed by whom?
1252	What city is between Normanby le Wold and the A46 Junction between Lincoln and Grimsby?
1254	What season three X Factor winner has worked with songwriter Ryan Tedder?
1255	The university which David R. Marchant was a member of in 1994 is located in what city?
1258	Between the documentaries The Staten Island Catapult and Frida, en trotjänarinna which came first?
1260	What was the sequel of the game that e was published by U.S. Gold in 1992?
1261	Which number in the Final Fantasy series was created by Hiroyuki Ito and allows the player control of the artificial intelligence of the characters in battle?
1262	Leonard Stogel managed which rock singer known for his robe-and-turban outfit?
1263	Howard Bilerman produced an album for which songwriter from Athens, Georgia?
1264	"Heropanti" star Kriti Sanon appears in the remix video for a song from what Bollywood film?
1269	Jesús Dautt is a Mexican professional footballer who is on loan from a club founded on what date?
1270	Which star of The Human Stain was born in 1937?
1271	Which basketball club located in Alytus, Lithuania does Anatoly Kashirov play for?
1272	For which University did the quarterback featured on the cover of Madden NFL 06 play basketball ?
1273	Which Istanbul mosque is unique for retaining a Baroque style of architecture, the Bayezid II Mosque or the Nusretiye Mosque?
1274	Which player Richard Gasquet or Jim Pugh  has won more mixed double Grand Slam titles ?
1275	Which of the singers has more things to be known for, Greg Puciato or Syd Barrett?
1279	Who created the 2003 remake of the 1983 overhead view, vehicular combat game developed by Bally Midway?
1281	What year did the musical premiere that was based on the 2007 Irish romantic musical film of the same name?
1282	What production company was founded by George Balanchine to create a live stage version of the 1942 film Casablanca?
1285	How many records had the team sold before performing "aint thinkin' 'bout you"?
1287	What was the name of Scottish singer-songwriter James Aaron Diamond's first solo album that debuted in 1985?
1288	Which character did Tamzin Outhwaite play first: Connie (on "Inside No. 9") or Melanie Owen ("EastEnders")?
1289	 Hamilton Evans "Tony" James is the COO and director of the largest alternative investment firm in what?
1291	Is the school where Aaron Parrett currently teaches English Literature public or private?
1294	What city that Lettuce Lake Park is just outside of is the largest in Hillsborough County, Florida?
1300	Was Pepper Keenan or Rob Parissi born first?
1301	Which is headquarter farther south, Jet's Pizza or Chuck E. Cheese's?
1302	What championship did the person who substituted for Simon Pagenaud secure a contract to drive in 2017?
1303	What is a Southern European island country that was home to an airline pilot who flew the CASA-212-200 Aviocar before retiring in 2008 for health reasons?
1304	Was Cars 2 released by the same company which used songs written by Lin-Manuel Miranda in another of its movies?
1307	The On Tour Forever album gave Blues Traveler the opportunity to display what musical trademark?
1308	Davy Crockett, King of the Wild Frontier:and Herbie Rides Again were both by which company?
1309	What is the nationality of the most successful female ski racer ever?
1310	The Lady Craved Excitement was a film that featured the British character actor originally of what nationality?
1311	Andrew Stanton co-directed which film which featured greedy grasshoppers?
1312	Who produced the 1998 British comedy starring the director of the feature film "Eddie the Eagle"?
1314	How did the chairman of the Luthuanian Union of Actors discribe the star of the film Redirected?
1315	In what year was the band, whose bassist joined Arvas in 1996, formed?
1317	Which magazine was created first, Macworld or Soaps In Depth?
1320	Who was older, Andrew Preston or James Taylor?
1321	Charles Barkley changed his jersey number to #32 in honor of a player born in which year ?
1322	Which company does Timothy Oulton retail his products through that is based in Corte Madera?
1323	The movie that was the directorial debut of Jonathan Glazer included the musical piece Lujon. Which other movie that has the letter "B" in it also includes this piece?
1325	Which school is named after a person, Sir Syed University of Engineering and Technology or Manhattan College?
1327	J.B. Scotts located on this 11 mile stretch in Albany New York and is also known by this name in Schenectady County?
1329	Which writer of "Rewrite This Story" are an American songwriting duo and composing team for musical theater, films, and television?
1330	Which shore does the castle, which Sir James Montgomery, 4th Baronet is the tenth laird of, stand?
1331	Who was born first, Johan Leysen or George Clooney?
1333	Umi-a-Liloa inherited authority of a kind which is a belief in what?
1335	How high on the US "Billboard" Hot 100 chart did Dan Smith's song reach in 2013?
1336	What third film in a franchise did Camile Delamarre edit?
1337	Geoffrey Rush, one of the stars in Intolerable Cruelty, is a known actor and film producer in what country?
1338	Are both The Straight Story and Frozen films of the same genre?
1339	What did the main character of the Novel whose second sequel was published by Viking Adult go to college?
1342	What empire was Aleksei Gen born into?
1343	Who was person born in Sweden 1964 that founded Hidden City Entertainment in 2004?
1344	Which South Korean film about an affair between an attractive thirty-two-year-old woman and a youth just short of legal majority premiered at the 2005 Sundance Film Festival?
1345	Are both Upper Crust Pizzeria and Eatza Pizza restaurants?
1346	In between Atsushi Ogata and Ralph Smart who graduated from Harvard College?
1347	The third solo album by David Gates of Bread shares a name with a 1977 film directed by who?
1348	What ABC television series was inspired by a 2011 film and cast Dominic Cooper as young Howard Stark?
1354	What kind of game is The Park a spin-off of?
1360	What 1989-born Liverpool player was Jim Cassell responsible for developing?
1361	Which novel by the author of "Armada" will adapted as a feature film by Steven Spielberg?
1362	When was the earliest film of High School and The Thorn in the Heart shot?
1363	Angelspit toured the United States with an American electronic music duo from Orlando, Florida, that formed in what year?
1364	The owner of radio station KWPW has the same name as an American character actor. What is it?
1367	Which 50th Congressional District representative was Brent Roger Wilkes connected to in a scandal?
1369	What is the pioneer who has a park dedicated to him near Lexington, North Carolina famous for?
1370	What game did the team with an 11-1 regular season record play in for the BCS title game?
1371	Who was the Goal keeper for Iraq in the 1996 AFC Asian Cup played in the United Arab Emirates?
1374	 The 2011–12 Houston Rockets season began with the drafting of the player who now plays for what team?
1376	Was 9/11: Press for Truth released prior to Chasing Coral?
1378	The song that came out ahead of The Wanted's "Lightning" on the UK Singles Chart was featured on which album?
1379	Clone of clones played alongside a band from where?
1382	Who was born first D. Ross Lederman or Stefan Ruzowitzky?
1384	Which show that premiered in May 2011 is hosted by someone with the birth name Richard Kirschner?
1385	what type of media does Ratatouille and PlayStation 3 have in common?
1386	what is the principal activity of the company  which holds that which  Robert Melville previously worked with
1387	Abraham Lokin was born on an archipelago between the Norwegian Sea and North Atlantic, that is about 200 miles north-northwest of where?
1388	Prior to playing for Michigan State, Keith Nichol played football for a school located in what city?
1389	Do the bands named Phoenix and Shearwater specialize in the exact same genre?
1390	What role did the actor who played Colonel Sherman T. Potter in "M*A*S*H" play in "Kentucky Jones"
1391	Which founder of Alcatraz East was born on March 31, 1956?
1392	What drummer stared along side a former president of the screen actors guild in a 2005 film?
1393	How many Grammy Award nominations has the musician who Graham Maby has recorded and toured with since his first album, and whose first release was "Is She Really Going Out with Him", won?
1395	What was the nickname of the 76er who was drafted 3rd in the 2014 draft?
1396	Which former American football player had a part in the movie "Gamer?"
1397	 "Prostitute" is a song written by Axl Rose and Paul Tobias with additional work by an American guitarist has played in two different bands on a list of what?
1398	This cabin built in 1925 is located in a park encompasses over 1 million acre and includes parts of two what?
1399	Was Pocahontas made before Born in China?
1401	who was the anthropologist who thought that the plaster casts that were discovered by Paul Freeman were a critical piece of evidence?
1402	What award did the actor in Tales from the Crypt win?
1403	Who was the director of 1935 American crime drama film, which was the feature film debut if the classic actor born on May 20,1908 ?
1406	The Gate is a song from the album scheduled for release in what month?
1407	What is the student body for Ron Johnson's alma mater?
1408	Where is the historic meeting venue built in a style taught at the Ecole des Beaux-Arts?
1409	What country of origin does André Holland and 42 have in common?
1410	 where is the American professional basketball team which Jalen Jones played for based
1411	What type of arts that have existed since ancient times did the Stieber Twins specialize in?
1415	What population ranking is the Oklahoma city located south of a wilderness area spanning over 5000 acres?
1416	Are Maro Ajemian and Patricia Field both pianists?
1417	Who was born earlier, Robert Mulligan or James Foley?
1418	The Missouri attorney general election of 2012 ended in a loss for which attorney and CNN contributor?
1423	Who is older, Ivan Foster or Ian Paisley?
1424	On February 25, 2017 tony Harrison lost the the International Boxing Federation light middleweight world title to a boxer from what state?
1429	Which band was formed first, Circus Diablo or Magic Dirt?
1430	Where was the movie filmed starring Choi Yoon-young in 2012?
1432	An American Werewolf in Paris was a partial sequel to the comedy film starring whom?
1433	Stray Arrows: A Collection of Favorites is the first compilation album released by an American alternative metal band that formed in what Chicago suburb?
1434	What player with the nickname "Cocky" played in the 1928 Philadelphia Athletics season?
1435	The character Jack from While You Were Sleeping was born in what year?
1436	Which former president of the Fédération Internationale de l'Automobile (FIA) cofounded Simtek Research?
1438	How many pornographic films did the actress, who co-hosted the 29th AVN Awards with Dave Attell and Sunny Leone, appear in ?
1440	With whom did Lever Brothers merge to create an Indonesian soap factory?
1441	Disorganized Crime included what cast member best known for playing Al Bundy on the Fox Network sitcom "Married... with Children"?
1442	Which semi-retired professional wrestler appeared in "Final Score?"
1443	Which 2008 American documentary film, Pond Hockey or I.O.U.S.A., delves into fiscal issues?
1444	Which show co-hosted by Hoda Kotb was produced by Brian Balthazar?
1447	What artistic endeavor do Fallujah and Dying Fetus have in common?
1448	C.J. Hunter was tested positive for which type of injected steroid before he competed in the 2000 Summer Olympic Games?
1449	Which town does Ronald F. Collins represent that a town in York County, Maine, United States?
1450	Who proposed plan in which education in state institutions of Argentina is free at the initial, primary, secondary and tertiary levels and in the undergraduate university level?
1455	Moonlight starred the actor who played whom on the remake of Hawaii Five-0?
1456	TMNT is a single-player action-adventure multi-platform action game based on a film which was the final film role for who?
1458	This actor born August 26, 1909 stared in the tv show " The Cowboys ".
1465	Kevin Watson currently manages which Southern League football team?
1466	Who released their debut album first, Daisy Chainsaw or Generationals?
1470	Who is the costar of a movie with the star of Scott McCall and was directed by the director of Supernatural?
1472	Which airline hub does Japan Air Commuter and Japan Airlines share in common?
1476	What is the nationality of a famous photograher who worked as a set photographer in Hollywood film productions?
1477	What city is the flying component of the United States Air Force 432d Wing stationed in
1478	How many albums have been released by the same band that released the "Trance" EP?
1480	What is special about the wristwatches that Favre-Leuba manufactures?
1481	Who wrote Tom Vaughan's popular 2008 film?
1482	What type of students attend the school adjacent to Pilgram Hospital?
1483	Who won more awards, Brothers Quay or Jake Kasdan?
1487	What mixed martial arts even took place at a closed hotel and casino on the Boardwalk in Atlantic City, owned by Trump Entertainment Resorts?
1488	What has David Bowie done in The Lodge?
1489	What is the tagline of the roller coaster that utilizes the same ride system as Manta?
1490	Li Yitong made her television debut on which network?
1492	Morgan Paull played Dave Holden in a 1982 film loosely adapted from a novel by what author?
1494	Thirukkalacherry is a village in which Indian town?
1495	Rolls-Royce Welland's name is taken from this river that is low long
1496	The Whitehead Light is located in what town with a population of 2,591 during the 2010 census?
1498	Who directed the 2017 horror-thriller film in which Barry Keoghan, Nicole Kidman, Colin Farrell, and Alicia Silverstone appeared?
1499	Who manufactured the scooter upon which the Bajaj Priya was based off of?
1500	The director of a film about Wong Fei-hung also made what film?
1501	where was class of warships which ARA "Sarandí" is its fourth and last ship built
1502	How many records did the singer who sang "Four Seasons of Love" sell worldwide?
1503	In which song was written by singer-songwriter Taylor Swift and shares the optimistic lyrical message to a song called "Yodel It!"?
1504	Where is the city that Ingrida Ardišauskaitė was born in located in Lithuania?
1505	Sarah Price and Rob Schneider are both what profession?
1506	Johnnie Casson appeared on which ex-professional footballer's British television show?
1507	The actress who played Clementine Churchill in "The Crown"  joined the board of advisors for a theatre company began by who?
1508	Cranium and Twin Tin Bots are both what?
1509	Which rugby league team which Rory Kostjasyn played for is based in Melbourne, Victoria?
1510	Born 2 B.R.E.E.D. was co-written by the late singer-songwriter who has sold over how many records worldwide?
1511	Who is the lead vocalist for Maroon 5's sixth studio album?
1516	What sport is featured in the film in which Kwon Yu-ri made her film debut ?
1521	Are Out Traveler and Reader's Digest both magazines?
1522	When was the track from which a sample was featured in "Take Me to the Clouds Above" released?
1523	"The Fixer" is a song from an album produced by who ?
1525	The Heart Never Lies is an album by the author of a state ballad entitled what?
1526	What monster truck team was created by a man from Kill Devil Hills?
1527	From which team did the linebacker for four NFL teams between 1985-1996 get fired by on November 29?
1529	What month did the an online adult website whose last print magazine was published in the summer of 2007 recognize Nikita Gross?
1534	Did the board game San Marco or About Time come out first?
1535	Margaret Wilson and Edna St. Vincent Millay have both been given what?
1537	The United States Senate election in Hawaii that took place in 1992 ended with the winning of which Japanese-American politician?
1539	What team plays within the Big 12 Conference and has Kevin Bookout playing for them?
1543	Which movie was filmed first "The Guest" or "You're Next"?
1544	What baseball team, part of the ten-school collegiate athletic conference headquartered in Irving, Texas, was coached by Randy Mazey in 2016?
1545	What year was the company, who released Forever Kingdom for PlayStation 2, founded?
1546	Cherie Currie and Steve Augeri were both what?
1547	What was Iqbal F. Qadir on when he participated in an attack on a radar station located on western shore of the Okhamandal Peninsula?
1549	What is the nationality of the wrestler who sang on A Jingle with Jillian?
1550	EMU Australia is best known for their unisex style boots that are typically made of what?
1551	Geoff LaTulippe is an American writer whose best-known work was directed by whom?
1552	Which airport is located in the state of Georgia, Brunswick Golden Isles Airport or Lafayette Regional Airport?
1555	In which election did Norm Coleman won to become the last republican elected as of 2017?
1557	Hardley Flood is an area of lagoons that support populations of the waterfowl that are a medium sized version of what animal?
1559	In what movie did the male star of a movie about a widowed 37-year-old woman also star in in the year 1993?
1560	According to the 2011 census what is the population of the city where Royal Wahingdoh F.C. are based ?
1562	3 Arts Entertainment had at least one coalition with what streaming service, with its 13-episode, 2015 season of a Tina Fey created sitcom?
1563	What location under Charing Cross railway station did G-A-Y move to?
1566	Which German project recorded a song that featured vocals by a duo from Silverdale, England?
1570	The non-fiction book "Finding Chandra" is about an affair between the victim and a congressman that holds a B.B.A from what school?
1571	Steve Uzelac played football for which league located in Preston, Lancashire?
1572	What company operates in Switzerland and is part of the name of an award Gene Hobbs won?
1573	The defending EFL Championship winner will qualify for which upcoming group stage if it wins all of its participating football tournaments?
1575	Johnny Mathis: Wonderful Wonderful aired at what luxury hotel, casino and spa resort located in Atlantic City, New Jersey?
1576	What occupation do Graham Streeter and Geir Hansteen Jörgensen both have in common.
1577	In the 2011 census what was the population of suburban area in which BA Connect is headquartered ?
1578	"Angry Dad: The Movie" is the fourteenth episode of a simpson's season that began airing on which date ?
1579	Which singer is younger, Kenny Greene or Billy Idol?
1580	What is the name of the popular shopping destination located close to the Taj Mahal and Agra Fort in India?
1581	Gretchen Gotay graduated from what American public research university that is located approximately 72 miles northeast of Atlanta?
1585	What country does Washington Dulles International Airport and Baltimore–Washington metropolitan area have in common?
1587	Which member of Northern Kings was born on 14 January 1966?
1590	Are Anja Salomonowitz and Rod Lurie both directors?
1591	Which metropolitan  at the south of Moraine, Ohio had a population of 2,114,580 in 2010 U.S. Census?
1594	Are both The Sundays and The Radio Dept. dream pop bands?
1595	What county was Matt Herr raised in?
1596	The football player for appeared as Gabe Cooper in the series Daniel Boone played college football for what university?
1597	What broadcasting company did both Andrew Collins and Stuart Maconie of Collins and Maconie's Hit Parade both work together from 1194 to 1197?
1598	The youngest male model ever to participate in Seoul Fashion Week stars with Park Hae-jin and Kang So-ra ina tv series that last aired on what date?
1602	Who directed the film which had Luke Goss playing the role of Jared Nomak ?
1603	Adena Friedman was formerly the managing director and CFO of a company that specializes in what four key business areas?
1608	What is the mascot of the oldest private university in Georgia?
1609	which American soldier and serial killer was Death of a Soldier based on
1610	Who was the First Prophert to the sixth Pharaoh of the Eighteenth Dynasty?
1611	How many consecutive years had the Serie A been comprised of 18 teams when Hernan Crespo got injured?
1612	KSCW-DT is part of a duopoly with which virtual channel 12 in Wichita?
1613	Who was the lead prosecutor for the soilder court-martialed for the premeditated attack at Camp Pennsylvania, Kuwait?
1615	How are Ceephax Acid Crew  and Squarepusher's music similar?
1616	The director of Panic 5 Bravo was born in what year?
1617	Nicholas Medforth-Mills is a grandson to a king who was born on what day and year?
1619	Where's Officer Tuba? is a comedy film that stars which Hong Kong-based actress?
1620	Michael J. Hunter replaced the lawyer who became the administrator of which agency?
1622	When was the creator of Bully Boy born?
1625	What 2014 Academy Award winner guest starred in "Emanuelle Goes to Dinosaur Land?
1628	Which head coach has led their team for a longer period of time, Tim Cluess or Steve Prohm?
1629	Who was born first, Sathish Kalathil or Jacques Feyder?
1631	George H. W. Bush,  a resident of West Oaks Subdivision in Houston Texas, became what number President in 1989?
1632	Where does the train that runs from NYC and Miami station at in Florida?
1635	Who produced a 1999 fantasy-comedy directed by Spike Jonze?
1637	which sultan of the Ottoman Empire was  Gevherhan Sultan her granddaughter
1639	The American cable and satellite television channel that April "Ape" Margera appears upon is owned by whom?
1643	James Jinkins was the creator of an animated television series that appeared on what network?
1644	What is the first year that the second largest university in Alabama fielded a football team?
1645	Which American politician who served as United States Senator from 1971 to 1989 was Governor of Florida before Buddy MacKay?
1652	In what mountain range that extends through multiple countries is there a mountain that lies southeast of Jacabamba?
1654	Which minor role did this New Zealand storyboard artist play in the film "King Kong" who will direct the film based on the novel by Philip Reeve?
1655	 Danny Jones and Aleksi Sihvonen are both what?
1658	Who is younger, Tony Roche or Renáta Tomanová?
1660	The 1997 independent slapstick comedy film Snowboard Academy stars this Danish-Italian actress, model, singer and reality television personality who began her career modelling for whom?
1661	Kevin Alejandro was part of the cast of the 2015 American drama film written and directed by whom?
1662	Which of the teams for which Colin Kolles is the former team principal and managing director was sold and renamed Force India at the end of the 2007?
1663	During which period the sedan variant of the Volvo V50 car was manufactured?
1664	Ivan Konrad Trajkovič qualified for which major international multi-sport event celebrated in the tradition of the Olympic Games, as governed by the International Olympic Committee?
1665	What league, which is also known as the Barclays Premier League, had its start date pushed back?
1666	Did the Sandy and Beaver Canal remain operational until a later date than the Los Angeles Aqueduct?
1667	About how many people are employed by the company founded by Denise Coates?
1668	Tommy's Honour was a drama film that included the actor who found success with what 2016 BBC miniseries?
1669	Why are many of the band, Hirsute Pursuit's songs considered controversial?
1670	Stephen Joseph Bercik was mayer of a city that had a population of 124,969 as of the 2010 United States Census, and that has an estimated population of what for 2015?
1671	Norman Buckley is associated with a family drama for what cable network, formerly known as ABC Family?
1677	What episode of South Park was the episode that aired in May before Funnybot?
1678	The 2006 film Alien Autopsy promoted by Ant & Dec made it to which spot on the British box office chart?
1679	When was the host of "British Academy Television Awards 2009" born?
1680	what year did the band that sang Gives You Hell form?
1681	Philip Carlo, the author of the biography of the mob assasin Richard Kuklinsk, died of which diease?i,
1682	How many times has the team Jack McKeon managed won the World Series?
1683	Which singer is younger, Shirley Manson or Jim Kerr?
1684	What kind of teacher is the actress who was killed off along with Sonny?
1686	Finity's End was written by which American writer?
1689	What school did the team, whose only sophomore starter went on to play eleven seasons with the Atlanta Falcons, represent in the 1963 college football season?
1690	What career did Markus Feehily and Bobby Fuller have in common?
1693	What team won the XLII super bowl in their 48th overall season?
1694	Jennifer Ventimilia co-wrote the teleplay of the episode that was part of which season of The Simpsons?
1695	When was the defending titlist of 2009–10 Biathlon World Cup – Pursuit Men born?
1698	What year was the independent regional brewery founded that currently operates in Hasting's oldest pub?
1699	Para Hills West, South Australia lies within a city with what estimated population?
1700	What supernatural horror film did Miles Doleac have a role in?
1701	 Ruffin Horne McNeill Jr. an American football coach was named interim head coach after the suspension of a head coach that lead the team to winning seasons in every year of his what?
1702	Are PC Magazine and Sculptural Pursuit both technology publications?
1705	Why is Serena Williams more accomplished than Mariaan de Swardt in her tennis career?
1706	Are Prológica CP-400 and Atari ST both personal computers?
1707	Rob is an American sitcom that starred what American actress who was best known for portraying Yolanda Saldivar in the film Selena?
1708	Who had more of their English novels turned into Oscar-nominated films, Raja Rao or Pat Conroy?
1709	Dark Dungeons is based on what short gospel tracts by a religious cartoonist?
1710	Young Dolph was featured on the hit single by which American hip hop recording artist?
1711	What years was the auto racing series held that was followed on by the 2016 Blancpain GT Series Sprint Cup?
1712	Jennifer Gordon received a bachelor of arts degree from which women's liberal arts college in Cambridge, Massachusetts, and functioned as a female coordinate institution for the all-male Harvard College?
1713	Killing You is a song by a band that consists of lead vocalist Danny Worsnop, guitarists Ben Bruce and Cameron Liddell, drummer James Cassells and what bassist?
1714	U.S. Representative Mike Conaway is investigating interference in what US elections with the help of American attorney, politician and former prosecutor Trey Gowdy and Tom Rooney?
1715	 Arena Essex Raceway is built alongside an out-of-town shopping centre constructed on the site of a former what?
1716	Luke Rockhold defeated the MMA fighter who was the first to earn a win against which champion in the UFC?
1718	Who created the manga series originally serialized from 1994-1995with a superheroine?
1719	Are Steve Perry and Leslie West both singers?
1720	What was the middle name of the actress who was cast alongside Harvey Fierstein, Linda Hart, Dick Latessa, Clarke Thorell, Mary Bond Davis, Laura Bell Bundy, Matthew Morrison, Corey Reynolds, and Marissa Jaret Winokur in Hairspray?
1721	Which movie was based on a book, The Haunted Mansion orThe Greatest Game Ever Played?
1722	Shepard Settlement is just south of what major New York city?
1723	What type of writing did both Richard Harding Davis and Harry Stephen Keeler write?
1727	What movement is this music seen as that released Facta Loquuntur as their first full length album?
1728	Who fills in occasionally for the meteorologist who replaced  Ginger Zee ?
1729	In between Remember the Titans and My Favorite Martian which film film grossed $36.8 million domestically?
1730	When was the American writer of the a series of four vampire-themed fantasy romance novels born?
1732	Which documentary film was released first Tar Creek or Volcanic Sprint?
1733	Who is from farther west, Halestorm or Audioslave?
1737	Which services did Rock Nominees Ltd and  ISS A/S (Integrated Service Solutions) have in common?
1739	Which retired baseball player played Chad Bradford in a movie adaptation of a Michael Lewis book?
1740	What plant has about 40 species native to Asia, Manglietia or Abronia?
1741	The alcoholic drink that shares a name with Quintessentially Unreal's 1996 album is commonly reffered to in historical literature as what?
1742	Where in the northernmost and largest freguesia can we find the Communications Museum?
1743	Are Villa Paletti and Betrayal at House on the Hill both board games?
1744	Which film was released first, Home on the Range or Pete's Dragon?
1746	Crash is similar to what 16th century British card game in the sense that there is no betting?
1747	What film came out first, All the Marbles or What Ever Happened to Baby Jane?
1748	Who was born earlier, Johnny Lujack or Jim Kelly?
1749	Jamell Anderson plays for the basketball team from what city?
1750	What movie was released at a later date, My Dog Tulip or Monsters vs. Aliens?
1751	Which university, attended by Jonas Tilly, is part of California's three-system public higher education plan?
1752	Which documentary film premiered first, Grizzly Man or Pray the Devil Back to Hell?
1753	What was the arena, in which the 2017 Brit Awards were held, called during the 2012 Olympics ?
1755	Who has won more olympic medals: Angelique Kerber or Amélie Mauresmo?
1757	Who directed the film to which " A Perfect Murder" was a modern remake?
1758	Jun Ji-hyun rose to fame after her as a girl in a film that's title means what?
1760	Who is older, Simon Neil or Michael McKean?
1761	When was the friends song was released which is taken from the fourth studio album of canadian singer and song writer Justin Bieber?
1763	What university did the last Detroit Pistons player to wear the number retired in honor of a player nicknamed "The Worm" attend?
1764	Which actor starred in both "The Best Years of Our Lives" in 1946 and "The Crowded Sky" in 1960?
1765	The Red Queen's Race is a science fiction short story that uses the Red Queen's race from a novel by Lewis Carroll that is the sequel to what?
1768	The rifle cartridge created by the Swedish was also shared by which other nation?
1769	Near which town did the family of author of the "Adventures of Huckleberry Finn" own several tracts of land?
1770	which Soviet Russian cellist.did Anton Ginsburg work best known as accompany
1771	Are the bands "Black Grape" and "Balance and Composure" from the same country?
1772	Who is younger, Billy Idol or Ray Wilson?
1773	When was the writer of Seesaw born?
1774	Stockely Webster has paintings hanging in what home (that serves as the residence for the Mayor of New York)?
1775	Near the banks of what river is the city in Romania with a partner Aspen Institute located?
1776	Matthew Butturini was born in a town on the Tweed River how many km north-east of Sydney?
1777	Boulevardier and Earthquake are cocktails, one of which has a french nickname of what?
1779	The actor who plays the grown version of Emma Swan's son, from "Once Upon a Time", also plays what character in the television show "The Walking Dead"?
1780	When was the rock band to which Pre-Creedence name was changed active?
1781	Which tour did The Beatles release their album Dark Horse?
1782	Swiss music duo Double released their best known single "The Captain of Her Heart" in what year?
1784	Which continent are both magazines, Sayidaty and Closer published?
1785	Which documentary was filmed first, Almost Sunrise or Hail! Hail! Rock 'n' Roll?
1786	Chandgi Ram won a gold medal in 1970 in a continental multi-sport event held at which city ?
1788	What position did the former Major League Baseball player play who worked on the same broadcast team as Kim Kelch?
1789	The Fort Worth Zoo was rated as one of the top zoos by a magazine published where?
1792	What profession do Raj Kapoor and Mike Cahill share?
1793	Robbie Tucker plays in what series that follows a group of friends who run an Irish bar?
1795	Illmatic, the debut studio album by Nas which featured the song "N.Y. State of Mind", was released on what date by which record label?
1796	What party was Johan Henrik Deuntzer a part of before the party that translates to the "Radical Left?"
1798	Who was considered more iconic, Charlie Chaplin or Bruce Bilson?
1799	To where did the war criminal who is the fictional defendant in the film After the Truth flee in real life ?
1800	Were Jeff Martin and Kyle Patrick both in The Click Five?
1805	Which comic series involves characters such as Nick Fury and Baron von Strucker?
1809	Pawnography, featuring Richard Corey Harrison, is filmed in what shop and town?
1811	Which film was released first, Jawbreaker or Havenhurst?
1812	The actress who played Laurie Keller in the episode "Pilot" of the show Cougartown won what award in 2011?
1813	MadMaze was developed by Eric Goldberg as what type of game?
1814	What year was the Argentine singer and actor who both directed and starred in El Tio Disparate born?
1815	Where is the English punk rock band which Howard Devoto is the original singer of formed
1816	What is the current home arena of the NHL team Chris Summers plays for?
1818	What singer who sang in church during her childhood did Stacy Barthe pen album tracks for?
1819	What writer is older, Bernard Malamud or Lois McMaster Bujold?
1820	Arabella Chapman graduated from which school that was opened as the Albany Free Academy?
1821	What is the height of the tallest mountain from which the Glen River flows?
1822	Who was the vizier of Ebla after one who had served king Ishar Damu for 17 years?
1823	What company claims to manufacture one out of every three objects that provide a shelf life typically ranging from one to five years?
1825	Chris Cornell and Godsmack are both American rock icons, who is the founder of Godsmack?
1826	In what city was the second bowl game to air on all the "big four" television networks played?
1829	What psychosis shares a name with an enemy fought by the protagonists in an animated show by Hasbro?
1831	When did Belgium racer Stoffel Vandoorne win the Monaco GP2 Series round?
1832	Who was born more recently, Flula Borg, or Dirk Nowitzki?
1833	In what basketball position does the brother of Saulius Kuzminskas play?
1834	What type of the district is the Downtown Bentonville of the state in the southeastern region of the United States which is home to over 3 million people as of 2017?
1835	Dru Decaro is the lead guitarist for the RnB artist who began creating music at what age?
1841	What profession is shared by both Monty Banks and George Seaton?
1842	How many employees does the company that unveiled a deal to acquire IGATE have?
1843	When was the movie adaption of Jennifer Weiner's novel "In Her Shoes" released?
1844	Korea University College of Education is based in the city that ranks what in the world by terms of size?
1845	Which writer had a longer lifespan, Ann-Marie MacDonald or Michel Butor?
1846	What is the name of the genocidal mass slaughter of Tutsi Rwanda, in which Cyprian and Daphrose Rugamba were assassinated?
1847	Who was the original female founder of the brewery that was purchased in 2006 by the largest brewery in the state of Maryland?
1848	SR connector is based on the connector that is often used for what type of cable?
1849	Who is the creator of the animated television series that its fourteenth episode of season three's title is "Time Keeps on Slippin"?
1850	What role on "Switched at Birth" was played by the actor who is being replaced by Daniel Hall on "The Young and the Restless"?
1851	When did the Italian luxury fashion house which Daas has appeared in campaigns for brands like founded
1854	Are Broughtonia and Perilla both types of mint?
1855	Which song, released on December 7, 2008 was co-written by Liz Rose?
1856	Ben Stein had a part in the 1994 superhero fantasy film directed by whom?
1857	Tui Flower and Julia child were both known for what?
1859	Black Journal is based on the real life events of what serial killer that  murdered three women in Correggio?
1860	Inserra Supermarkets is a supermarket chain that is a member of what cooperative that was founded in 1946 and based in Keasbey, New Jersey?
1861	Mick Chatterton's best season was in 1969 finishing 16th place for the year in the oldest established what?
1862	Which university Founded as a college in 1881 is Janet Beer the Vice-Chancellor of
1864	Soundcloud rap has been used by which rapper from Lauderhill, Florida?
1865	Private Music signed the drummer who was part of which English group?
1866	Olivia DeJonge starred in an American horror film directed by Shyamalan called what
1867	Which of Jonny Craig and Pete Doherty has been a member of more bands ?
1868	The Greatest Event in Television History aired on the channel that was founded by whom?
1869	The channel that has interviewed players such as the forward for the French national team is on what platform?
1870	The man known as the voice of "Elgar" voices the English character in what Manga inspired by Keitaro Arima?
1871	What film directed by David Greene did Merrell Jackson play an apostle in?
1872	How many kilometers did Sabrina Mockenhaupt run when she set her best record?
1873	Which band was formed first, Fitz and The Tantrums or The Contortionist?
1874	What subsidiary of the largest airline of the Republic of China (Taiwan) has a main hub at Taichung Airport?
1875	In what city did Brian Mannal convene when he was a member of the 188th and 189th General Court?
1876	The Nike Mercurial Vapor is endorsed by a Stoke City football player who also plays for what national team?
1877	In what country are both Ugni and Stenomesson native plants?
1879	What was the creator of the Moshulu Parkway known as?
1880	The king deposed in the Glorious Revolution of 1688 was supported by the grandson of what Viscount Barnewall?
1882	Who wrote the 1995 American action film starring a two-time consensus All-American?
1884	A golfer born in 1993 participated in which tournament?
1885	What star of Parks and Recreation appeared in November?
1886	Between Death in the Afternoon and Hennchata, whose inventor has more literary fame?
1887	What was Todd Boehly's former position at the firm where Mark Walter is the CEO?
1888	Who was the football manager that played in the Football League Cup in 1985 and managed to lead the Birmingham City Football Club's 103rd season to finish in the 18th position?
1889	What Northern Ireland town founded in 1620 is the birthplace of one of the final four contestants from the seventh UK series of "The Apprentice"?
1890	Which Italian-American composer and librettist wrote the English language opera, Maria Golovin?
1891	Gleanntáin Ghlas' Ghaoth Dobhair is a song that can be heard in pubs licensed to serve what?
1893	Are Alek Keshishian and Kirk Kerkorian both Armenian-American?
1894	The 22nd AVN Awards took place in what Nevada county?
1895	The Old Ones are more powerful than which of the mightiest Gods?
1899	This radio programme that originally aired from October 1995 to April 2000 starred a critic working in what field?
1900	Where are Neoregelia and Aloysia known to grow
1901	Which movie came out first, "Bambi" or "Underdog"?
1902	How many Golden Globe Awards did the artist who published the photo book "In Mexico" win?
1903	What was the former name of the stadium where the OFC U-20 Championship was played in 1986?
1904	What was the first air date that the CGI animated series that preceded "Mixels"?
1906	Which television series was part of Cartoon Network's 2017 April Fools' prank and had a song by Justin Roiland played during the third season of the same show?
1907	The Airport located next to the A13 handled how many passengers in 2016 ?
1909	The fourth episode The Simpsons' seventh season has what kind of theme?
1911	What Mexican actress of film, television, and theatre was a protagonist in La Heredera?
1912	Katherine Ann Dettwyler wasn't rehired after she commented on the death of the student who was arrested in North Korea in what month and year?
1913	Roxie Hart starred the entertainer and comedic actor who had what nickname?
1915	What is one risk to Norway's financial reserve?
1916	Just Before I Go stars an actress who plays what character in the series "24"?
1917	Which pickup truck that's name was retired in North America in 1976 is part of Toyota's IMV program with the Fortuner SUV?
1918	The Out of Control Tour began in an indoor arena above what?
1920	Metro West Ambulance serves event support for the building in Portland formerly known as what?
1923	What is the name of the company manged by Joseph Reiser based in Biel/Bienne, Switzerland?
1924	Where is Hawthornden Castle located relative to a castle 9 miles south of Edinburgh?
1926	Shane and Friends have interviewed an American YouTube personality who has two active YouTube channels, which have a combined total of how many views?
1930	Which of the two came out first, The Wind in the Willows or The Bears and I?
1931	Suzie Toase is best known for her role as Alecto Carrow in the Part 2 of a movie directed by who?
1932	Do writers John O'Hara and Bobbie Ann Mason share the same nationality?
1933	 Underfist: Halloween Bash was going to be the setup for a new series spin-off but the contract expired with a cable and television station that was launched on October 1, 19962 by whom?
1934	How many albums did the company who released Tift Merritt's debut album release for Tif Merritt?
1936	Were the Tundra Mine and Negus Mine located in the same country?
1937	What collegiate division does the team coached by P.W. Underwood play in?
1939	The Legendary A&M Sessions contain five songs by the singer whose work was conducted with what band?
1940	In the British experimental jazz band Polar Bear, who handles digital devices?
1941	What is the first name of Jack Benny Binion's father?
1942	What sports club based in Hamburg Germany had a Persian born football player who played for eight seasons?
1945	Where was the maker of Cougar bourbon whiskey headquartered before its acquisition by Anheuser-Busch InBev?
1947	 Who was the founder of a chain of supermarkets that is now headquartered on Nott Street in Schenectady?
1949	What census-designated place located in Nassau County, New York has as portions of it's territory, districts of Brian Curran, New York State assemblyman?
1950	Which band, Matthew Good Band or Switchfoot is still together?
1952	What club does the footballer who surpassed David Beckham for the appearance record play for?
1953	"Lesbian Request Denied" is the third episode of the first season of a series created by who?
1954	Horse the blind is known for nintendocore which emerged from hardcore punk and what genre?
1959	What type of development, currently existing in Pasay, is currently being considered for malls such as one in M.A. Roxas Avenue in Clark Freeport, Angeles City in Pampanga Philippines?
1962	What was Thomas Boutflower Bennet's role at The Collegiate School of St Peter?
1968	Who distributed a American-Indian-Irish computer-animated comedy-adventure film starring an Irish actor known for playing Miles O'Brien?
1969	Which New South Wales town is larger, Port Macquarie or Bonny Hills?
1970	Rafael de Souza Pereira is a defensive midfielder for what organization that is the top level of the Mexican football league system?
1975	Pippa Hinchleyplayed Elaine Fenwick on a British Soap opera shown on what channel?
1976	When is the national league which the Manchester United is participating in, set to end in 2018?
1977	What is the name of the fashion label that the founder of the Faena Arts Center founded in 1985?
1979	What was Richard Connell's best known work The Hounds of Zaroff also published as?
1981	The director of American crime film, Secret of the Chateau, was known to work at which company?
1983	Revival of 1800 was a series of evangelical christian meetings. In what month did Francis Asbury begin attending the revival meetings ?
1985	In which year did this American rapper and actor, from Cleveland, Ohio, who guest-featured in the album "Excuse My French" first release a mixtape?
1986	What company founded in 1886 has owned the K-Y brand?
1987	Which segment of If These Walls Could Talk did the Goddess of Pop direct?
1988	 Legends of the Fall was based on a novella by what poetry and fiction writer?
1991	How many chapters does Yōko Shōji's most famous manga have?
1993	Besides acting in things such as Home Free, what else did Marian Mercer do?
1995	Which band was formed earlier: Marianas Trench or Tse Tse Fly?
1997	Are Willard Mack and Subhash Ghai both involved in film?
1998	What is the alcohol content of the drink normally consumed alongside Rippchen?
1999	What American corporation owns Claim Jumper?
2000	When was the peer-reviewed open access scientific journal established in which Milivoje Kostic Editor-in-Chief of the Thermodynamics section?
2002	Who wrote the jukebox musical depicting the recording session between the "King of Rock and Roll" and 3 other famous musicians?
2003	To whom does the term Pietro Colonna Galatino is sometimes referred to as the inventor of refer?
2004	Where is the game which  High Rollers Casino is a type been played
2005	UFO Magazine covers what subject named for Charles Hoy Fort?
2006	Did John Updike and Tom Clancy both publish more than 15 bestselling novels?
2007	Who was born first, Martin Degville or Richie Furay?
2009	Are both Odds and Supergrass rock bands?
2010	Who is is known domestically for his humorous videos and stage performances and released his sixth studio album in 2012?
2012	Are both Don Giovanni and Cardillac operas with three acts?
2013	Do both Changle District and Longkou face water?
2014	The Cinematic Orchestra was signed to the record label based in what city?
2015	Edoardo Soleri is playing on loan from which Italian football club?
2016	Q1: Which mountain is located in China, Kirat Chuli or Kangpenqing?
2017	What are the names of the co-directors of the psychological horror film starring Emily Browning and Elizabeth Banks?
2018	what is the group called that Dianne Morgan and Joe Wilkinson a part of in the BBC comedy "Two Episodes of Mash"
2019	During the 2004-05 Atlanta Hawks season, the team acquired a former professional basketball player, who is the current head coach of what team?
2020	What mine was operated by Royal Oak Mines at at earlier date, Kemess Mine or Colomac Mine?
2023	In addition to the best known comic servant from Commedia dell'arte, who else is featured in La Surprise de l'amour?
2024	In what town does the one-time star of "And There's More" now live?
2025	Edward C. Hugger and Alexander Acosta served at appointees for what job?
2026	Which club, founded in 1928, did Bob Johnson played for
2028	In which football league does the son of Souleyman Sané play?
2030	Who is older, Bertalan Farkas or Hans Schlegel?
2032	Why did basketball player, "The Process" not play in the 77th season?
2033	How many rooms are in the building built in 1883 at Garden City in Nassau County, New York?
2034	Who is younger Chris Gould or Robbie Gould ?
2036	What member of the South Korean-Chinese boy group EXO stars in the upcoming movie "The Underdog"?
2040	Charles Coughlin was a controversial Canadian-American Roman Catholic who also started what rumor?
2041	Joe Ford played for which football club based out of Old Trafford?
2042	Emily Beecham is best known for her role in a televsion series whose second season premiered on what date?
2043	One of the directors of Mediastan is well-known for founding what organisation in 2006?
2046	Which player won more Grand Slam titles, Kevin Ullyett or Billie Jean King?
2048	In what year did the parent show of The URL with Phred Show end?
2050	What Chinese company helped develop the aircraft that preceded the Chengdu J-7?
2051	Michał Wiśniowiecki was related to the King of Poland and Grand Duke of Lithuania Michał Korybut Wiśniowiecki in what way?
2054	When did the park at which Tivolis Koncertsal is located open?
2056	Do tennis players Kathy Jordan and Sergi Bruguera have the same nationality?
2057	Which University, University of New South Wales or Purbanchal University was established first ?
2058	What is the main base for the parent company of LATAM Express?
2062	The 59th Infantry Division covered the deployment of the 35th Infantry during the Allied operation during what war?
2064	Who was born first, Steve Hogarth or Donnie Munro?
2066	Michael Mark Brodsky is known for his translation of what Irish avant-garde novelist, playwright, theatre director, and poet?
2067	What man with a lazy left eye starred in Sacred Ground?
2068	What is the name of the girl group that the host of the Nickelodeon Australian Kids' Choice Awards 2006 was a member of?
2069	What man is linked to both Johnny Tremain and Magic Kingdom?
2070	On what album is Samuel "Sam" Ervin Beam's cover of "Such Great Heights" featured?
2072	Which one of Magna Publishing Group's tiles is a spinoff of the UK's Club International?
2074	Which English singer from the 1960s has an album entitled Dangerous Acquaintances released in 1981?
2077	In which 2017 film did this South Korean actor of  "Dream High" (2011) and the 2012 South Korean television drama series featuring Han Ga-in, Jung Il-woo and Kim Min-seo appeared in 2017?
2080	The company that Park Joo-mi made her entertainment debut as a model for has its headquarters in what building in Seoul?
2081	What is the total circulation of the magazine that called Ohio State Route 78 one of the most scenic highways nationwide?
2085	How has played in more bands, Kim Wilson or Chino Moreno?
2086	The album "Mr. 12 String Guitar" features a singer that hosted a variety show from 1969 to 1972 on what newtork?
2088	Phil Urban CEO of Mitchells & Bustlers manages what in the United Kingdom?
2089	Which Walt Disney film was produced first, The Apple Dumpling Gang or Something Wicked This Way Comes?
2091	The actor that played Gutthi on Comedy nights with Kapil Show also starred in what 2016 Punjabi film directed by Smeep Kang?
2092	Between MetroSource and Chicago, which magazine is published more frequently?
2094	Indie studio Jumpship developed what puzzle-platform video game released in July 2010?
2095	What genre does Orkworld and John Wick have in common?
2098	Who is younger, Pelle Almqvist or Steve Winwood?
2099	Who was born first, George Kuchar or Arthur Penn?
2100	Besides the song "OK Computer" what did the same band record in 1995?
2101	Which star of Here Come the Munsters was born in Philadelphia ?
2102	What network does the original presenter of ITV Nightly News currently present for?
2103	Who is the son of the author of the short story "The Enormous Radio."
2104	Is Bob Hewitt a citizen of a different country than Ray Ruffels?
2105	Were the films Crazy Love and Welcome to Nollywood both released in 2008?
2106	Which singer/songwriter is the Executive Vice President of A&R at Capitol Records: Nate Albert or Rod Stewart?
2107	 The 2010–11 Old Dominion Monarchs basketball team was led by the coach of what nationality?
2108	Who wrote the 1996 American historical drama film in which William Preston appeared?
2109	Which award did the author of Anastasia on Her Own win in 2002?
2112	Which band has had more members, The Operation M.D. or Del Amitri?
2115	What lawyers were featured in The State of Marriage, with the lawyer nominated by Governor Peter Shumlin?
2116	What is the official currency in the country that hosts the Asahi-Ryokuken Yomiuri Memorial tournament?
2117	Q: Who was born first Richard Boleslawski or Herschell Gordon Lewis?
2119	which league is the 121th season of top-tier competitive football in Switzerland which Ulrich Forte coach FC Zürich in the league
2120	Andrea Camplone is a football coach in which 22-team competition?
2123	Reveille Park is the eighth album by which American rapper born on October 5, 1970?
2125	Is the university that owns WCSU-FM historically black or white?
2127	Which American comedian, actor, writer, producer and voice actor from "Hot & Fluffy" voices a character in The Nut Job?
2130	Britt Walford played with what musician who is best known for his guitar work in the band Maurice
2131	What occupation have Carly Gullickson and Francesca Schiavone both held?
2132	What genre of music did Benjamin Burnley and Yannis Philippakis have in common?
2134	 Om and SIx Organs of Admittance are both what?
2135	Are both Ride a Wild Pony and Frozen 2 computer-animated films?
2136	Barranca de Yaco is a geographical feature along an ancient road that is approximately how many miles long?
2138	What is the approximate population of the town near which Forward Operating Base Gibraltar was located ?
2139	What is the age range of the league for which the Bobby Smith Trophy is awarded?
2140	Are both Kyosuke Himuro and Boy George musicians from the 1980s?
2143	Which women's magazine was published first, Mirabella or Home Monthly?
2145	What year did the VIacom subsidary, Paramount Pictures make the silent film Through the Glass Window?
2146	Which of the following cities is a county-level city, Jingzhou or Zixing?
2147	The group formed during the summer of 2007 included what girl born in 1987?
2148	Which documentary film came out first The Last Lions or Prophet's Prey ?
2150	What professionn does Stanley Kwan and Ken Hughes have in common?
2151	Focus is a 2015 American romantic crime comedy-drama film starring an Australian actress who was also cast in what soap opera?
2152	What year was Playford B Power Station permanently closed in by its Australian operator?
2153	Rebecca M. Bergman is the President of a college affliated with what church?
2154	The twenty-first season of South Park was entitled "White People Renovating Houses" is which episode of the series overall?
2157	At what university can the building that served as the fictional household that includes Gomez and Morticia be found?
2159	When was the German actress born who is best known for her role as the Borg Seven of Nine and who has role in  "Body of Proof" as Dr. Kate Murphy?
2161	Which was released first, The Greatest Game Ever Played or Hot Lead and Cold Feet?
2162	whiich Australian racing driver won the 44-lap race for the Red Bull Racing team?
2163	Where in London was the 2012 Olympic event featuring athletes such as Katsuaki Susa held?
2164	The first edition of the Dungeons & Dragons Basic Set was written by a professor at what university?
2165	Victor Koman's Ph.D.  in Information Technology was conferred by a university located in which city ?
2166	 The Nike Hoop Summit has had many current NBA players as former participants, including what German player from the Dallas Mavericks?
2167	What chef is the owner of a Japanese restaurant in the Tribeca neighborhood and also owns two Bar Masas in New York and Nevada?
2169	Which award David Hersey had got for Equus a play by Peter Shaffer ?
2170	Which drink is larger, the Apple-Kneel or the Flaming volcano?
2171	Donnie Smith who plays as a left back for New England Revolution belongs to what league featuring 22 teams?
2174	Who was born first out of Todd Field and Aaron Katz?
2178	What class of yamaha class sport bike motorcycle did Ryuji Yokoa use when he finished as champion in the MFJ All Japan Road Race GP250 Championship in 2006?
2179	What instrument does Duff McKagan play on Macy Gray's single, Kissed It?
2180	Who designed the casino that The Venetian Macao is modeled on?
2181	What WikiLeaks using whistleblower is notable for having a hacking organization with a user base of over 1,800,000?
2182	 Who was the husband of the prominent Walton family member who died after John died in 2005?
2183	Which facility was founded in Missouri, Discovery Zone or Valentino's?
2184	Kevin Short had a role as the Jailer in which three-act French opera?
2185	Armie Hammer stars as Oliver in a film directed by who ?
2186	What classmate of Tony Hendra is the Director of Research at the Centre for Theoretical Cosmology within the University of Cambridge?
2187	Who is a Brazilian mixed martial artist in the UFC who Namsaknoi Yudthagarngamtorn coached?
2188	what year was the writer of the blog Preposterous Universe born?
2189	George Reed was, along with which Drake University player, one of the greatest running backs in CFL history?
2190	Siegi Sessler was the restaurateur whose club was frequented by which actress with Welsh ancestry?
2191	Where is the American honky tonk country band, whose first studio album was Honky Tonks and Cheap Motels, based?
2193	In the 1970s, which group acquired this department store group in the United Kingdom whose co-founding director is the father of Lieutenant Colonel Donald Swain Lewis?
2200	Were Basil Dean and Francis Ford Coppola both alive at some point in time?
2201	Whitford Lodge once held a branch of the bank that later became which national bank?
2202	Who created the term that the author of A Piece of Danish Happiness uses to explain why Danish people are the happiest in the world?
2203	How many players are in the club in which Stephen Curry became part of in the 2015-2016 NBA season?
2204	Which magazine has been around longer, Guitar World or Golf Digest?
2205	Bride of the Regiment was later remade into a 1948 film starring the actress and pin-up girl who was the highest-salaried American woman in which two years?
2208	North Midland Divisional Engineers took part in a battle during WWII that went on for how many weeks ?
2210	Who co-starred in an episode of The ABC Comedy Hour with the man who played Duke Slater in "Gomer Pyle, U.S.M.C."?
2211	Who covered the song I Love You by Chris Write?
2213	Consider the band formed in 2015 by JYP Entertainment through the reality show "Sixteen". How many tracks are on the reissue of their third album?
2215	Wojtek Wolski played for what team based in the Miami metropolitan area?
2216	What IBF Light Flyweight Championship winner was related to the Mexican boxer born on May 28, 1986 in Mexico City?
2218	Ithihasa and the Indian music composer of  "Chronic Bachelor", "Udayananu Tharam", "Naran", "Puthiya Mukham," "Urumi", "Grandmaster" and "Bhaskar the Rascal" are known in what type of films/cinema?
2220	Phoebe Ruguru created a 2014 film on a smartphone marketed by what company?
2222	Kieran Crichlow is a footballer from what island in the Lesser Antilles?
2223	The home video game console that was developed by Sony Computer Entertainment is a platform for a racing video game developed by who?
2224	What actor from "Willow" also starred in "The Usual Suspects"?
2229	"Look At Us Now" is a song by American DJs based in which city ?
2231	How many episodes were in the season of "Rick and Morty" that featured an episode called "The Ricks Must Be Crazy"?
2232	The star of "Under the Silver Lake" made his debut in what film?
2235	Evan Williams played for what professional football club that was originally known as St. Luke's FC?
2236	Where was the Barbadian singer which Rihanna was his then girlfriend raised in
2237	What was the name of the first soundtrack album made by the woman who is referred to as the Queen of Pop?
2239	Who is younger, Wayne Coyne or Toshiko Koshijima?
2241	Which band formed first, Duran Duran or The Fratellis?
2242	The infantry rifle regiment of the British Army that Talaiasi Labalaba served in was first created in what year?
2246	Aughton Park railway station is on a branch of the Northern Line how far from Liverpool?
2247	Larry Porter was formerly assistant head coach under what  American coach that served as head coach at Louisiana State University from 2005 to 2016
2248	What was the event where Jacob Minah had his personal best also known as?
2251	What was the Volvo S70 essentially modeled after and was the first all wheel drive Volvo?
2253	Between Greyia and Calibanus, which genus contains more species?
2254	Corbin Sinclair Bryant played for the Buffalo Bills and what other NFL team that was founded in 1933, and is the oldest franchise in the AFC?
2255	The 2008 IIHF World Championship rosters recognized the top defenceman as which Canadian professional ice hockey defenceman, who at times has been utilized as a forward, currently playing for the San Jose Sharks of the National Hockey League (NHL)?
2256	Were both Prince and Patty Jenkins have been inducted into the Rock and Roll Hall of Fame?
2258	What was the nationality of the "Lonely Hearts Killers"?
2259	Black Star is the debut fragrance by a singer-songwriter that has sold approximately how many albums worldwide?
2261	Which band opened for more major international acts, Blessid Union of Souls or Blue Peter?
2265	When was the only long-term psychiatric hospital operated founded in a county in the USA with a population of 9,298 in 2010?
2267	Which star of the 1986 movie "Castaway" was an owner of a Panther De Ville?
2268	Which space mission did the man, in which the Onizuka Prop Wash Award is named after, perish?
2271	Who was born first, Adrian McLaren or Ryan McLaren?
2272	What is the weight limit of the weight class that Takeyasu Hirono fights in?
2273	Which documentary was release first, Baghdad ER or The Ten-Year Lunch?
2275	Used to This was included on the streaming version of the album released in 2017 on what label?
2276	Who has released more solo albums, Nick Carter or Brady Seals?
2277	Cooperative Living Organization is located in a city that is the county seat of what county in Florida?
2278	New York State Route 9R rejoins its parent in a hamlet located  in what New York County?
2279	Ray Roughler Jones single-handedly produced the magazine Roughler, but what Swedish singer-songwriter made contributions to the magazine?
2280	What American horror film directed by Sidney J. Furie was based off an alleged haunting which occurred in 1974 at Culver City, California?
2281	Who is the American singer-songwriter, who won an award for Best Female Video at the 2009 MTV Video Music Awards, and wrote a song for the 'AT&T Team USA Soundtrack'?
2283	In what city is the football club that Robin Himmelmann is a goalkeeper for based?
2284	Sal de Mi Piel is a song by the actress who is of what nationality?
2286	What is the name of the largest film production company in Hong Kong that won the "Best Cinematography" at the 21st Asia Pacific Film Festival?
2287	Which professional tennis player was born first, Lucie Hradecká or Raffaella Reggi?
2288	Toni Braxton: Revealed was performed at a hotel and casino owned and operated by who?
2290	Which airport is located further north in the United States, San Angelo Regional Airport or Grand Junction Regional Airport?
2292	What football league did the person that Wilfred Bamnjo's nickname come from play and work at?
2294	What conference is the team that is head coached by the uncle of Scott Turner?
2296	Which store in Gurney Paragon was founded in Belgium in 1926?
2297	Have filmmakers Enrico Cocozza and Mira Nair both been nominated for awards for their work?
2299	Where are schools in the athletic association Cardinal Hayes High School is part of located?
2300	Which casino closed first The Atlantic Club Casino Hotel or Trump Plaza Hotel and Casino ?
2304	Pablo Jose Ozuna is the cousin of a Dominican professional baseball left fielder who made his MLB debut in what year?
2306	Who was born first, Anaïs Lameche or Darren Hayes?
2307	What Hong Kong actor born in 1980 will star in "Heart and Greed"?
2308	William Davis Ticknor, Sr. served on the board of a chemical and biotechnology company created in what year?
2309	Between Harvey Pekar and Denise Levertov who was born earlier?
2311	WWE Super Tuesday took place at an arena that currently goes by what name?
2312	Which scientist at the University of Alabama in Huntsville co-developed a satellite temperature record with John Christy?
2313	A Talk is an EP by which South Korean singer and dancer?
2314	Which of the bands, Hot Snakes or UB40, has more band members?
2315	The Dressing Point massacre occurred 2 years after which important document was passed in Mexican Texas?
2316	Who was from farther west, Max Neufeld or Eduard Zahariev?
2317	What Brooklyn-based rapper has worked with both Rafeal Casal and Mos Def?
2318	Is there fruit juice in both a Fizz and a Painkiller cocktail?
2320	Which opera was performed first, Thaïs or Euryanthe?
2321	What Manchester United and Portuguese national winger scored a goal in the 2009 FA Community Shield?
2323	Which Houston, TX based store did Paul Traub participate in the bankruptcy hearing?
2324	This French comedy directed by Philippe de Chauveron starred actress Julia Piaton.
2325	Jim Jeffcoat is currently an assistant football coach in a university that was founded how many month before Colorado was admitted to the Union ?
2327	What park replaced American's first waterpark designed by the creator of seaworld?
2328	Is Cartagena or Chess more popular around the world?
2330	Where does Tiko's Spanish football club hold home games at?
2332	Bandit was built in 1988 by which Japanese amusement ride company that built roller coasters, giant wheels, carousels, flumes, dark rides, sky cycles and other amusement rides?
2333	What is the name of a member of the North Melbourne Football Club, whose brother Rob has starred in Bridgetowns Cricket Clubs Premiership in 2016/7?
2334	Are Sunset Strip and American Hardcore both music documentaries?
2335	For which team does Mads Bødker player that is controlled by Danmarks Ishockey Union?
2338	Who has held more positions in the film industry, Donald Cammell or Justin David Swibel?
2340	Which English crime writer wrote the 2005 psychological thriller "The Devil's Feather"?
2341	Walter Giffen is from a suburb of which South Australian city?
2342	In which city was this band formed, whose rhythm guitarist featured in "Cupid's Chokehold?"
2343	Where was the capital of the Arab country, in which the Aulacodes peribocalis moth is found, relocated to?
2345	The actress that plays Julia McNamara in the series "Nip/Tuck" also appears with Laurence Fishburne in a 1997 horror film directed by who?
2346	Trautmann is an upcoming British-German biographical film, starring German actor David Kross as a german footballer who played in which position ?
2347	How did Pre's Trail's namesake die?
2348	What is the first name of the mother of the artist who interpreted Karla  Bonoff's Tell Me Why ?
2349	What Nickelodeon movie stars the actress and YouTuber who appeared alongside Jon Voight in the 2016 film American Wrestler:The Wizard?
2350	What did Mustafa Kemal Atatürk's residence become once it became Atatürk Museum Mansion?
2351	Which filmmaker, Stan Brakhage or Alfred L. Werker, was a non-narrative filmmaker?
2352	 Afonwen is situated just under four miles from what road also known as the North Wales Expressway
2354	OU812 was the second album to feature a vocalist that also played what instrument in "Finish What Ya Started"?
2355	Which combat technique also known as Wushu Sanda, is the character of Wu Jing trained with in the 2006 Hong Kong martial arts film, written, produced and directed by Dennis Law.
2357	What is the year of the event that occured first, Skeeter stopped teaching at his alma mater,or Emmett Kelly died?
2358	Which PGA championship did Mark Brooks win?
2360	What is the nickname of a professional German footballer as well as the name of a children's book?
2361	What European championship did the man that holds a record with John Boulger win twice?
2362	Both Tsai Ming-liang and Giacomo Gentilomo were involved with which profession?
2364	What was the name of the founder and president of the company which produced the role playing game FTL:2448?
2365	Where did the Discovery Channel show franchise that Ben Bailey is an executive producer on originate from?
2368	Little Big Girl was a Simpsons episode directed by the animator and artist of what nationality?
2370	What genre is the novel from which the fast-food restaurant specializing in seafood derives its name?
2372	Hobart Paving is a single by a band formed in which year ?
2373	What is the birthdate of this Norwegian professional footballer who plays as an attacking midfielder and who broke the record for the youngest player that has ever played in the Norwegian top league?
2375	What was the concept of the business Eric S .Pistorius worked for after being an attorney?
2377	What profession does John Landis and Gore Verbinski have in common?
2378	How does this series represent a function, which is also used in the Homotopy analysis method?
2381	Approximately what percent male is the student body of the University for which the Ouachita Baptist Tigers football program is the intercollegiate American football team?
2382	In what city does a Christian minister who won the singles title with Jan Kodes in the 1970 French Open currently reside?
2383	What country of origin does Traveling Wilburys and Tom Petty have in common?
2384	Which band has more members, Muzzle or Primus?
2386	Come from the Heart:was first recorded by an artist that sang what genre of music?
2387	Lesley Foxcroft worked with MDF, Card, and which material that is produced by pressing together moist fibres?
2388	When is the American politician and attorney which Thomas J. Connolly an for Governor of Maine in 1998 against born
2390	What film studio produced both National Treasure and The Computer Wore Tennis Shoes?
2391	BOTH Skyang Kangri and Pumari Chhish are both what?
2393	Julien Kang is the younger brother of the mixed martial artist of what nationality?
2395	The Stone Book series is set in what country?
2396	Are Centaurium and Dacrydium both genuses of plant species?
2399	In what year was the Sayrevill, New Jersey rock band that Frankie LaRocka played drums for formed?
2401	What American indie rock group first had Jesse Sandoval as the drummer and now has Jon Sortland on drums?
2402	Kenneth L. Gile is the Chief Operating Officer of an airline with its head office in what airport?
2403	Which industrialist established a museum in Heckscher Park that features "First Friday" concerts?
2404	Mr. & Mrs. Mxyzptlk is an episode of the superhero TV series that originally aired on what network?
2405	Which actor starred in Angels in the Outfield, Predator 2, and Places in the Heart?
2406	Do both Michael Herz, and Roland Emmerich direct comedic horror films?
2408	Which team was older when it had it's worst season, The Cleveland Browns or the Detroit Lions
2410	The Welsh professional footballer Dan Hanford has association with which club that is based in Clitheroe, Lancashire?
2412	Davey Brozowski is a percussionist for a band that formed in what city in Washington?
2413	When did the baseball draft with which Alex Lange was the 30th pick began?
2414	Who starred in her final film role in the 1964 film directed by the man who also did Vera Cruz and Kiss Me Deadly?
2416	What was the air date of "The Simpsons" episode written by Matt Selman which parodied the VH1 series "Behind the Music"?
2417	Hamilton Wanderers AFC has a former player that is vice captain for what team?
2419	Fallen In Love was based on the paranormal romance series published under what press company?
2421	When was the anthology, in which fisrt pages of The Incal" were released, created?
2422	Which player signed to Bayern Munich before the 2012-2013 season was known mostly as a central defender?
2425	In what year was Shin Hyun-joon in the successful South Korean comey sequel?
2426	Which magazine was founded first, Diva or Elle?
2427	Where is the headquarters for the advertising agency which is recognized for its work on a campaign for the founder of "Complex" magazine?
2429	Bullewijk metro station is part of a mixed rapid transit and light rail system that is how many km long?
2431	Which dog breed originates from a region farther east, the Lancashire Heeler or the Russian tracker?
2432	Which physicist known for his work on parity violation has a son who became an American chemist teaching at Cornell University?
2433	Which band has released more albums with their original members, Sick Puppies or Third Eye Blind?
2436	Name the 500 year-old-republic that Florentius was a praetorian prefect for.
2439	When Jeris Pendleton was first drafted out of college, what was the name of the field that him and his teammates played their home games on?
2440	What are the letters of the radio station serves the area comprising all of Belknap County, among others?
2443	Are Jonathan Demme and Chris Renaud both American filmmakers?
2444	Who plays in both The True Adventures of Wolfboy and "The Knick"?
2446	Which actor in the film Equus is also in the film The Informers?
2447	Dan Balan co-wrote the song from what T.I. album?
2448	Who is younger Kirk Humphreys or Tom Coburn?
2449	Which of the following rock bands is from Chicago: Kill Hannah or Louis XIV?
2450	How many film were there in the series of comedy films for which Peter Rogers is best known ?
2451	Who has released more solo albums, Ozzy Osbourne or Curt Smith?
2452	Are Ballota and Myosotis both evergreens?
2455	Are Jeff Ragsdale and Millard Webb both authors?
2457	What Congressional district featured Republican nomiee Willie Vaden in 2004, 2006, and 2008?
2458	What notable radio personality was born in North Bend, Oregon?
2461	During the Carnival in Rio de Janeiro who is the official singer of the samba school Mangueira?
2463	Q: Who had more solo albums, Marty Raybon or Greg Graffin?
2465	The arena in which the Adelaide Adrenaline play is also home to the world's first what?
2466	The 2008 Football League Championship play-off Final was won by Hull City after a 38th minute goal from a striker who currently plays for who?
2467	An English operatic tenor performed "Walking in the Air" for which 1982 animated film?
2468	How is Christopher Buckley related to the founder of "National Review" magazine?
2469	which film came out first, African Cats or Fun and Fancy Free ?
2470	What was the name of the Danish musician who died in 1931 and who composed String Quartet No. 4 in F major or Quartet for Two Violins, Viola and Cello in F major, Opus 44 ?
2471	Dream Street is narrated by an English musician, comedian, and actor who first came to public notice with what British comedy showband?
2474	What film genre involves humor and love, as seen in Mamma Mia: Here We Go Again!?
2475	What country is the singer from, who duets with Dave Hemingway on the song "A Little Time"?
2478	What is the inspirational source behind the name of this studio album by the British rock band Queen released by EMI Records that was included in the The Crown Jewels?
2479	What kind of ideology is Torment's drummer involved with?
2480	Zacarías Ferreira is the uncle of a professional basketball player who played college basketball for who?
2482	Which two teams did the the head coach of The 2007 San Diego State Aztecs play for professionally?
2483	Who won Miss America 2013, which was the 86th Miss America pageant held at the PH Live in Las Vegas?
2487	What is the other occupation of this Indian film actress who appeared in "Hate Story 2" (2014) and "Saadi Love Story?"
2488	Who played a more important role in the church George Albert Smith or Wong Jing?
2489	Kalle Mäkinen is nicknamed after a Spanish football that captains what two teams?
2492	Which state in Southern Africa, whose capital is located in Salisbury, hosted the Currie Cup in which John David McPhun played?
2494	The technique 'panenka' was first used by a player of what nationality against "Die Katze von Anzing"?
2496	What city, located in Lincoln County, Montana, United States, is Vegepet based in?
2497	Which team featured in both the 2012 and 2011 Cops del Rey Finals ?
2499	J. Searle Dawley and Ken Annakin were both directors of what?
2500	What was the name of the lead character in the 1960s sitcom "Get Smart", which also featured an American actress born in 1933?
2502	Estrojam's Decibelle Music and Culture Festival has been headlined by which American singer-songwriter and model?
2503	where was the 2006 Commonwealth Games that Mmoloki Nogeng won a bronze medal at held?
2504	Which rapper who worked with a star of the film 8 Mile also worked with the artist who played keyboards and wrote songs for Anita Baker??
2505	Which game showed has reruns on Teletoon in Canada and was shown between midnight and 6:00 on Cartoon Network Too?
2509	Who is younger Jenny Bae or Lionel Richie ?
2510	How much longer after Sambou Yatabaré was born did Werder Bremen get founded in the northwest German federal state Free Hanseatic City of Bremen?
2513	The title track of Carla Bruni discography was used in a  film directed by James Ivory, and was also used in what other film?
2514	Where was the community schools to which Franklin Community High School was part of headquartered ?
2516	Rynella is an unincorporated community named after the daughters of a conservationist who presided of the maker of a brand of hot sauce made from vinegar, salt and what kind of peppers?
2517	What film, based on the book “Boston Strong”, featured the actress Alex McKenna?
2518	How many years after Madrugada's final concert did Sunday Driver become popular?
2520	 Here I Am Again is an album by what American country singer who had a career of almost 60 years
2521	Who was the director of the 2007 American action film starring the actress, professionally known as Maggie Q.?
2522	Who wrote the novel that the movie directed by Stanley Kubrick that was sampled in the album "Where Blood and Fire Bring Rest" was based on?
2523	Which of the two airlines that operate flights into Enrique Malek International Airport is the larger air carrier in Panama?
2524	Of the two Sopranos co-stars who starred in a 2009 American thriller film together, which went on to secure the role as Tony Soprano?
2525	The author of "The New American Story " served three terms as a US Senator from what state?
2527	What term is the current chairman of Prince William County serving?
2529	Connetquot High School  is a public high school in what city in New York?
2530	Who was born first Cid Corman or Elswyth Thane?
2531	Bally's & Paris station is on the monorail that is of what length?
2532	The album on which "Desperado" appeared released on what date?
2533	Pirates Plunge, at the Grace O'Malley-inspired Pirates Adventure Park in Westport, holds which notable record?
2534	Creed features the boxer who held what WBC title from 2016 to 2017?
2535	What Swedish songwriter worked with Taylor Swift?
2536	What actress is known for a starring role in Robert Bresson's "Pickpocket" and has also been directed by Just Jaeckin, a former photographer?
2538	Who was the gunman of the hostage crisis which Chris Reason was awarded the Graham Perkin Australian Journalist of the Year Award for his coverage of?
2540	What is the nationality of the man who finished third in the 2016 Pau Grand Prix?
2541	The last film that Kim Hyun-seok wrote was in 2015, what day was it released?
2543	The subject of McGinniss' 1983 book "Fatal Vision" was convicted of murder in what year?
2544	Are Hoodoo Gurus and Pierre Bouvier of the same nationality?
2545	Which of the songs that outperformed "Drive" was most successful in the United States?
2546	Alexis Argüello mentored Román González, who became first boxer to do what?
2547	What editor of the The Dungeons & Dragons Basic Set is best known for his work at TSR, Inc.?
2548	Who founded the Canadian manufacturer of winter clothing which is a major sponsor of Polar Bears International?
2549	Where are Catcha Lake and Hedley Mascot Mine located?
2550	Eddie Jemison had a role in the television series "IZombie", which premiered on what date?
2552	Was Rudolf Schwarzkogler closely associated with the Viennese Actionism group, while Howard Zieff was an American television commercial director?
2555	Which company used a voice actor who also voiced He-Man?
2556	Futbolita has interviewed what Spanish Professional footballer who plays as a striker for New York City FC?
2560	Marco de la O stars in the title role of El Chapo which premiered on which network in April 2017?
2564	AVN Media Network has as part of their business what convention and trade show that takes place every January in Las Vegas Nevada?
2565	What band in the "Art Wave" scene is based in Glasgow?
2568	What is the birthdate of this American actor, director, and producer, who starred in Not Another B Movie?
2572	Which of the following bands is considered "one of the most accomplished and creative Christian bands of the '90s": Poor Old Lu or Shudder to Think?
2574	Which airport served more people in 2015 Asheville Regional Airport or Orlando International Airport ?
2576	What singer who was the seventh place finalist on the 7th season of American Idol first recorded the song Like My Mother Does
2578	Are Lance King and Han Seung-yeon both heavy metal vocalists?
2583	Which American singer and songwriter born in 1983 formed the band Pistol Annies with Ashley Monroe and a third band member?
2586	Who founded O Magazine that contained Elissa Schappell's second book of fiction?
2589	Which voice actor plays the voice of the cartoon character that is most famous for his semi-intelligible speech and his mischievous and temperamental personality?
2590	Prominent Danish Tibetologist Per Kjeld Sørensen is a professor of Central Asian Studies at Leipzig University that was founded by who?
2591	The University in Pullman, Washington is named after whom?
2592	Was Kanako Momota or Mark Hollis born first?
2593	Who was the another star in the television series Ma Boy who worked with the South Korean actress who began her career as a child actress in 2006 and initially gained public attention for "Moon Embracing the Sun" (2012)?
2594	The NG postcode area is situated approximately how many miles from Gamston, Rushcliffe?
2596	Which actor appeared in the films "Just My Luck" and "Into the Woods"?
2597	Mike Welch attended high school that serves how many students ?
2598	Have tennis players Françoise Dürr and Mate Pavić both won a doubles title?
2599	Were both Life magazine and Strictly Slots magazine published monthly in 1998?
2600	Which British racing driver has raced for 7 different teams and won the European Grand Prix in 1999?
2601	What channels was the cartoon that Nicholas Boshier developed with Anthony MacFarlane and Jarod Green broadcast on?
2603	A 1946 musical comedy starred a British actor who lived in what country throughout his adult life?
2604	Which Muslim scholar was born first, Kamāl al-Dīn al-Fārisī or M. A. Muqtedar Khan?
2606	In what year was the writer of "The Bet" born?
2608	George Molnar was born in a constitutional union of the Austrian Empire and the Kingdom of Hungary that existed from 1867 until when?
2609	Ruth Vollmer begins work designing window displays for which American luxury jewelry and specialty retailer, headquartered in New York City
2610	How far from Buenos Aires is the birthplace of Ezequiel Lazaro?
2611	The Austrian border barriers at facilities like South Tyrol was designed to designed to manage what?
2614	The author of Some Other Rainbow was born on what day and year?
2615	Who is current vice captain of the English Test team, Jamie Atkinson or Ben Stokes?
2617	What classical music written by a Russian composer did Sia heavily sample?
2618	Charlie Rowe plays Billy Costa in a film based on what novel?
2619	What record company does distribution for Joan Marie Larkin and Kenny Laguna?
2621	Is Driss Lachgar's birthplace the largest or the second largest city in Morocco?
2624	What distinction did Variety give in 2014 to one of the stars from the film Aztec Warrior?
2625	What generation is the BMW series, that is optional on the xDrive that begun in 2005, on?
2626	What team was Horace Grant's twin brother traded to after the 1992–93 Washington Bullets season?
2628	Are Rob Parissi and Robert Pollard both musicians
2629	What prominent Soviet director worked frequently with Composer Isaak Dunayevsky?
2630	The company that created a keychain RFDI device created to allow electronic payment at McDonald's and 400 other Chicago area restaurants is headquartered in what city and state?
2631	Who is the Mexican actor that starred in Sex and Breakfast?
2632	The 1958 Pro Bowl was played at the California stadium that is the home for which college?
2634	What song featured on the Beatles' album "Please Please Me" was covered by Tiffany?
2635	What is the organized crime syndicate founded and led by Carlos Alberto Rosales Mendoza who is friends with Osiel Cárdenas Guillén?
2637	In the Cherokee Rose episode of "The Walking Dead," the character that continues to search for Sophia Peletier is portrayed by an actor who is also famous for his work in what company's advertisements?
2638	The pseudonymous partner to "Willis the Guard" in the American musical duo of Jerry Buckner and Gary Garcia is noun which refers to which portion of a bet?
2639	The 1966 Football League Cup Final was contested with which team that is based in the West Midlands?
2643	How many years did the creator of the The Jackie Thomas Show star in a a comedy named after herself?
2647	What group of languages is the surname Gref, meaning "Grave," taken from?
2650	Which movie was released first, Fantastic Mr. Fox or Khan Kluay?
2652	What was the estimated population of the city that Luis Villalta Aquino was from in 2012?
2654	What is a difference between Sly Stone and Mary Ramsey?
2655	What song was number 4 on the charts when a song from FutureSex/LoveSounds was number 1?
2656	The 249th episode of "The Simpsons" was aired on what date?
2657	Was the band The Shins formed before the band Paramore?
2658	John Alexander and Trent Alexander-Arnold are professional footballers from which country?
2659	Where was the band who released Feeding the Wolves formed?
2660	Where was the NBA Draft held in which Harrison Bryce Jordan Barnes was selected by the Golden State Warriors in the first round of the draft with the seventh overall pick?
2661	What was the 2010 population of the town where Bennett Hill Farm is located?
2662	What profeesion do Giacomo Benvenuti and Claudio Monteverdi share?
2663	Which eight-time Academy Award nominee was Tennessee Williams's choice to play a leading role in his play "Clothes for a Summer Hotel"?
2665	Li Yitong played Huang Rong is a tv series directed by who?
2666	When was one of the teacher of Nikolai Lugansky died who was a Russian Soviet pianist, composer?
2667	What is the birth name of the disc jockey that notably used Mark Wirtz's song "A Touch of Velvet, A Sting of Brass" on their Radio Caroline show?
2668	Who was born first, Teru or Mike Shinoda?
2669	Where do the team that John Grant joined after the 1972 World Cup now play their games ?
2670	Which of these men, Scott Treleaven and Edmund Mortimer, is credited with working in both films and photography?
2673	What major city is John Bice Memorial Oval located within?
2674	George Borba was part of the team that competed at what 1970 championship?
2675	After joining Saturday Night Live in 2012, Cecily Strong played which character in the sketch "What Up with That"?
2676	Who had more stable members of their band, X or The La's?
2677	Qazi is a Kashmiri singer that won "Fame Gurukul" along with a singer born where?
2680	Woodland is a census-designated place in a town that had this population as of the 2010 census?
2681	When was the album released that The Red Tour supported?
2684	Who achieved more academically, Andrea Martin or Mark Hoplamazian?
2685	What's the common ingredient to a Gimlet and Pink Gin?
2687	Which of the steering committee was an American broadcast journalist, best known as anchorman for the "CBS Evening News" for 19 years?
2689	Hotel Splendide is a British film from 2000 that features which James Bond actor?
2690	Who served as the 1st Vice President of Colombia under El Libertador?
2691	Which board game, Attack! or Can't Stop, was published first?
2694	Which CNN journalist and two-time Pulitzer winner inspired the Half the Sky Movement?
2695	Who was born first Dame Zara Kate Bate or Harold Edward Holt?
2696	What is the surname of the recorder of "Jupiter (Swallow the Moon)"
2697	What was the release year of the song which, according to Peter Viney, appeared on most subsequent live album and compilations?
2700	Who was the older brother of the leader who asked Juan Romero de Figueroa to remain at his parish?
2701	Fred Mace played for which English football club in 1919?
2702	Who was the chief executive officer of the second largest US car rental company by sales?
2703	In what part of England is John Folwes' country house located?
2705	Elle Royal's video "What Can I Say" went viral after she was featured as “Female Artist of the Week” by a video blog founded in what year?
2706	What side-scrolling platform game had Christian Whitehead as project lead?
2707	What city did the name come from for the Polish truck manufacturer who sold to various countries, including more than the socialist states of Central and Eastern Europe?
2708	Are McFarland, USA and The Black Hole both sports films?
2710	What Labor member of the House of Representatives in the Australian Parliament was a member of the Australian Labor Party Australian Young Labor?
2712	The company that created the Data Universal Numbering System has a database that contains how many business records?
2714	Are Ash Lieb and Elswyth Thane both artists?
2718	High School Confidential, an eight part documentary followed twelve high school teenagers from a high school in Overland Park, Kansas that ranked what in the 2009 Newsweek ranking of the top 1,500 high schools in the United States?
2720	After Russell D. Moore served at the Southern Baptist Theological Seminary he became the President of The Ethics & Religious Liberty Commission (ERLC) in what year?
2721	Of which painting was this German dancer, actress, and writer who lived during the Weimar period and appeared in the 1918 German silent drama film "The Story of Dida Ibsen" the subject?
2723	What series did Tom Mandrake collaborate on that was based on a fictional superhero?
2724	The Very Best of Ugly Kid Joe: As Ugly as It Gets includes a cover of which Black Sabbath song from their 1970 debut?
2725	Between two bands Audioslave and Bodyjar, which group formed earlier?
2727	In the 1962 German Grand Prix, a racer came second. What did this racer found?
2728	What profession did Alan Crosland and Kurt Voss both hold?
2729	What game was a Philadelphia native, who played college basketball at the University of North Carolina, selected for?
2730	What organization is known for having a president who was convicted of felony charges that was harbored by his brother, another high ranking member?
2731	Are Mobile Regional Airport and Hoonah Airport located in California?
2732	Which artist has worked with King Crimson and also released a solo album in 2011?
2734	What of Nico van der Meel's operatic roles was starring in a libretto based loosely on the eight paintings and engravings "A Rake's Progress"?
2735	Both José Aponte de la Torre Airport and Boulder City Municipal Airport are classified as what type of airport?
2736	What country of origin does  Dana Ivey and Two Weeks Notice have in common?
2738	What job do both Alfred Santell and David Fincher have in common?
2740	Which Hong Kong actor born on 19 August 1946 starred in The Sentimental Swordsman
2741	Which technique did the director at Pzena Investment Management outline?
2743	Which one of the Long Island Herald newspaper chain serves a village in Nassau County, New York with a population of 6,483?
2745	the work of The Last Poets and Gil Scott Heron inspired music that fits under what larger sub-genre?
2747	Which director has had the greater impact on French culture, Jean Vigo or Sri Lankabhimanya Lester James Peries?
2750	Which genus has more species, Cymbidium or Patrinia?
2752	Are Bitter Jester and The Future of Food both documentaries about food?
2754	What was the name of the soap opera that Thomas Ormson played David Platt and Adam Rickitt plated Nick Tilsley?
2758	What type of mansion was built for the founder of the company marketed the oil engine under the "Hornsby-Akroyd" name?
2759	What is the company that currently recognizes the sprinting records set by Leni Junker and Florence Griffith-Joyner?
2760	The historical Nimavar school in the Nimavar Bazaar, or bazar, is located in which country?
2761	Zakk Wylde and Damon Albarn are both what?
2762	What was Mike Coffman's title after being replaced as secretary of state by Bernie Buescher?
2763	Who acquired a luxury hotel and casino in Las Vegas?
2764	What song included on the 59th edition of Now That's What I Call Music was written and recorded by an Australian recording artist?
2765	 Worldview Entertainment is an American independent motion picture company that produced a 2015 mystery thriller film based on a novel by who?
2766	Which Walt Disney film was released earlier, The Rescuers or The Muppets?
2768	In 1943 designer Robert Lutyens joined to board of a company headquartered in what city?
2769	Brett McClure competed in the pommel horse event at the 2001 Goodwill Games in what Australian province?
2770	Sam Quartin starred in which movie, alongside a controversial singer whose stage name combines the names of Marilyn Monroe and Charles Manson?
2778	Who was the team president of the 2012 Cleveland Browns?
2780	Who created the British television series to which Tofu was a sister series focusing on a range of sex attitudes in the twenty-first century from the viewpoint of everyday people?
2781	 The Minnesota State High School Mathematics League was founded by a professor at a private coeducational liberal arts college founded in what year?
2784	What type of media does Locked On and Tom Clancy have in common?
2787	Where did Cale Gundy's brother play football in college?
2788	New Hampshire Route 118 runs through a region whose norther boundary begins at which town?
2789	What film is a sequel to a German romantic fantasy film featuring Bruno Ganz and Solveig Dommartin?
2790	In which division does this team, for which Kyle Skipworth played a catcher, compete?
2791	Are Brooklyn and Tower 49 both part of New York City?
2792	Sum 41 and Passion Pit have what in common?
2793	Which player played for Nova Southeastern Sharks, MIlwaukee Brewers and Houston Astros?
2795	Who was older when they died, Teinosuke Kinugasa or Don O. Newland
2797	 I Am... Yours was the first residency show by Beyonce held at what hotel in Las Vegas connected to Wynn
2801	Are Horace Ové and A. Edward Sutherland both photographers?
2803	What friend of a performance artist and professional wrestler has performed in the role of Tony Clifton?
2804	The film series created by the team up of Robert Rodriguez and Ethan Maniquis created it lead character from a character in what other films series?
2806	The Chinese actress also known as Crystal Liu stars in Night Peacock with which three other actresses?
2807	Allison Gross is a character in a story which applies what writing technique that introduces characters in threes?
2808	Where was the founder of the Trussed Concrete Steel Company raised?
2810	My First Mister co-stars an actor who was best known for his role as what character on the TV series Roseanne?
2811	How many households does the network that Di-Gata Defenders plays on in South Africa reach?
2812	What product by FLEXcon represents data by geometric patterns?
2813	In what event was Harold Davis a former record holder, but now is held by Usain Bolt?
2814	When was the company that owns Bonifacio High Street founded?
2815	What actor from Northern Ireland born in 1983 starred in Whole Lotta Sole?
2820	The organization that Nicolae Titulescu served two terms as president was founded on what date?
2821	What was the population during the 2000 census of the town in Sagadahoc County, Maine that had a population of 3,411 during the 2010 census?
2822	Notable works of Bailee Madison includes a 2011 American Romantic comedy film that was directed by Dennis Dugan, and written by Allan Loeb and who?
2823	Which was published founded most recently, InStyle or Godey's Lady's Book?
2824	Name five actors that worked with a German cinematographer?
2825	Kurt Fuller from Stockton, CA appeared in which American Detective Comedy Drama television series created by Steve Franks?
2826	Who is older Craig Nicholls or Norman Blake ?
2827	How many members does the lower house of the state legislature in which Samuel Leavitt served have?
2828	In which county was the English rock band formed that released the box set of four studio albums "Genesis 1983–1998"?
2829	Montgomery Ward Building is in the shopping and dining mall that was conceived in what year?
2830	What river runs along the neighborhood where Ashley Estes Kavanaugh's wedding was held?
2836	What is the home town of a woman who guest-starred on Thug Mentality 1999?
2838	Where was the rapper in 13 Dead Men from?
2839	The Tanjong Pagar Centre replaced which tower finished in 1986 as the tallest building in Singapore?
2840	Who left the South Korean music group"2PM" before the release of the group's DVD called "Take Off"?
2841	 Thomas Anthony Jankiewicz was best known for penning a film staring an actress who played Fiona Bowa on what NBC sitcom?
2842	What is the name of the range of characteristics pertaining to, and differentiating between, masculinity and femininity which Mary Karooro Okurut was appointed to in 2012 as Minister of?
2845	Which singer is younger, Terri Nunn or Sonya Scarlet?
2846	the head football coach at the University of Houston from 2007 to 2011, is the current team coach of which football team ?
2847	When will the exhibition basketball game which will hold at the Staples Center in Los Angeles, California be played
2848	Do Xinghua, Jiangsu and Jingdezhen both border the same town to the north?
2850	Which restaurant chain's headquarters is further north, Pizza Inn or Papa Gino's?
2852	James Garner had a role in the 2004 romantic drama directed by whom?
2854	Where was the builder of the Hyundai Stellar located?
2855	What is the Latin phrase that describes Pope Julius II's efforts to remove Pope Alexander VI's name from the records?
2856	Which formed first, Fireflight or Dirty Three?
2858	Deyemi Okanlawon was in a music viideo by a Nigerian rapper who began his career with what group?
2859	David Lightfoot worked on what film loosely based on the murders of tourists by Ivan Milat in the 1990's?
2860	What album was released by 1948-born French composer in 1998?
2861	The Look of Love" is a popular song which appeared in the 1967 spoof James Bond film "Casino Royale", a film based on the novel of the same name by which author?
2863	A Hand Is on the Gate marked the Broadway directorial debut of what American actor who resisted playing stereotypically black roles?
2864	Paul Ziert recruited what two time gold medalist in gymnastics?
2865	Erik Marcisak was named one of Top Ten "Comedy Best Bets" by a brand with special focus on what ?
2866	What was the first year a scientific journal published by an organization located in the Bronx was published?
2867	WLMW is licensed to a city in which county?
2868	Were both Sinclair Research and the Wave Mate Bullet founded in the 1970s?
2869	Gül Mosque and Hippodrome of Constantinople are both located where?
2871	Who animated the TV anime adaptation of Dies irae?
2873	In which state was both Rex Gene Foods and Foodtown located in?
2874	What continents are the Moneuptychia found in?
2875	When did Gemma Ortega's Holocaust novel translation first receive best selling book of the year in Spain?
2877	Baadshah is an Indian action comedy film that was inspired by what Hong Kong action movie starring Jackie Chan and Richard Norton?
2883	In whose government did the original owner of Heythrop Park come to prominence?
2887	The boxer that defeated Oliver Lavigilante in the 2012 Summer Olympics is of what nationality?
2888	What other method of extending an ice hockey game exists other than the one used in the 1932 Allan Cup?
2889	Who directed the animated series which featured an American comedy writer as the voice of Lucy?
2890	What is one of the most successful retro-clones that is no longer supported by Wizards of the Coast?
2892	The constituency which is represented by the 2015 elected Minister for Universities and Science is represented in what wing of the UK parliament?
2893	Which American Director doubled as a choreographer also, Stanley Kubrick or Kenny Ortega?
2895	Ekaterina Alexeyevna Davydova skated with which 2006 Olympic champion, two-time World champion, three-time Grand Prix Final champion, and three-time European champion?
2897	Which bay in the Irish Sea is located Wales's first offshore wind farm?
2898	Wrinkles is a song that was recorded by what American country and Christian country band that was founded in 1982?
2899	Which former "Home and Away" actor stars in the film "Office Uprising"?
2900	Who was the writer of the graphic novel upon which the 2003 American superhero film, directed by Bryan Singer, is based?
2901	Which documentary was produced first, The Saimaa Gesture or Eclipse of Reason?
2904	What movie did John Gavin Malkovich play in with Matt Damon and Edward Norton?
2907	When was the American singer, songwriter, actress and LGBT rights activist born who won Grammy and Emmy award?
2910	Live Wire Radio will possibly be considered as a replacement for a variety show created in what year?
2911	Which team based in South Wales participated in a final game of 1980 Welsh Cup Final?
2912	Stoke Extinguisher is what type of musical recording that contains more tracks than a single, but is usually unqualified as an album or LP?
2916	Alison Castle is the editor of what publication with a connection to the Beatles?
2919	What English professional football club, won the 1994 European Cup? Arsenal
2920	What Nobel Laureate teaches at  Chapman University?
2921	What kind of company is this group whose headquarters are in AIA Central?
2922	Which other film did one of the supporting cast in "Sleepless in Seattle" appear?
2923	When did Senator Ted Kennedy helped dedicate a new room at the location to his maternal grandfather, John F. Fitzgerald.
2924	Who made the If/Then musical which has a theatrical score by a man who won the Tony Award and 2008 Outer Critics Circle Award?
2925	Who was part of more music bands, Alison Mosshart or Ann Wilson?
2926	The Church at Hoxne was dedicated to Edmund the Martyr who was the king of where?
2927	Where was the device that is similar to Princess max released?
2928	Chuck Berry House was where the 1957 hit single that reached what ranking on the R&B singles chart was composed?
2929	Finna Get Loose is a song by Puff Daddy and what American rapper who is also a record and film producer?
2930	Tolex and General Tire manufacture very different products, but both make accessories for what type of transportation vehicle?
2931	A Big Daddy is a fictional character in a series that has sold more than how many copies?
2932	What private university in Virginia did Jamal Benjamin Brooks play college football at?
2934	Who wrote the lyrics to the theme song that was used by the Western film series Range Busters?
2935	Do Matthew Good Band and Sleep Room play the same type of music?
2936	What multinational telecommunications company did Robert Orr work for?
2938	Politician Lyman Sherwood was born in what New York county?
2939	Which athlete was an American tennis player: Henri Kontinen or Melanie Oudin?
2941	What time did a Fox News show formally hosted by the author of "The Swamp: Washington's Murky Pool of Corruption and Cronyism and How Trump Can Drain It" air?
2942	 If You Ever Get Lonely was covered by what Lyric Street Records-affiliated band?
2945	Where did the genre of the Chapter Dos: On the Verge album originate?
2946	What regional capital town is close to the all female  Notre Dame High School in Fiapre?
2947	Dick Miller acted in which movie alongside actor Arnold Schwarzenegger?
2949	When was the college which Albert Simons taught at founded?
2950	The compilation EP "COM LAG " by Radiohead collects many B-side singles from their album released in the UK by what record company?
2951	Who is known for composing  American Beauty: Original Motion Picture Score and many other film scores?
2952	What singer-songwriter from Derry appeared on Paul van Dyk's 2012 album, Evolution?
2953	Francisco Mela performed with which American Jazz bassist and singer born in 1984 ?
2955	The Party Machine with Nia Peeples was executive produced by the talk show host whose show originally ran during what time period?
2956	did Robert Wise have more award nominations than Zoltan Korda?
2957	Which band formed first, Swervedriver or Incubus?
2958	Hugh Milburn Stone stared ina tv series created by what writer?
2959	What was the goal as a photographer of the man whose "Message from the Interior" was published by Eakins Press?
2960	What is the colloquial name of the professional football team in which striker Frederico Chaves Guedos played?
2961	Do Dillingham Airport and Rafael Hernández Airport both handle civilian (passenger) service?
2962	 What type of television show did Dylan Everett star in, in 2015?
2965	Which has more species, Sonerila or Scaevola?
2966	Stella Maxwell has been a model for a famous fashion shown since when?
2967	Which band has the guitarist Gorden Mack, Red House Painters or Daughtry?
2969	When did the predecessor of The Eyes of Nye first air?
2971	what was the birth date of the poker player that wrote "Super/System"?
2972	What is the nationality of the composer of the Opera "Iphigénie en Aulide" ?
2973	In what 2 countries did both X-Large and A Bathing Ape have stores?
2974	How many episodes did the season of The Simpsons which featured the voice of Lisa Kudrow contain?
2975	Riom Trial was headed by the French general who reached what distinction?
2976	What line featured characters from a DC Comic creator by Bob Kane and Bill Finger?
2977	How did the name of Peter Gifford's rock band (1980-1987) come to be chosen?
2980	Who did Neleus of Scepsis study under in addition to Theophrastus in the Peripatetic school?
2983	Which episode of season nine of The Simpsons was the last speaking role for Lionel Hutz?
2984	In which Austrian concentration camp was German musician Wilhelm Heckmann (1897-1995) imprisoned?
2985	Which film industry would have films in which Ilya Khrzhanovsky would be the director?
2987	Who is affiliated with more countries as a director, Robert Florey and R. G. Springsteen?
2988	What sports team included both of the brothers Case McCoy and Colt McCoy during different years?
2989	When did the British philosopher whose works inspired Kate Horsley's interest in Zen die?
2990	What three time Tony nominee composed "Ghost Quartet"?
2991	Which 18th-century canal was longer, the Sandy and Beaver Canal in Ohio or New Jersey's Morris Canal?
2993	who was part of the heavy metal band Ratt, Stephen Pearcy or Alexander O'Neal?
2994	What was the profession of elder brother who born on January 24, 1984?
2995	Students from approximately how many nations attend the University from which Shawn Arévalo McCollough received his Masters of Education ?
2996	What Danish drama thriller which takes place in both Denmark and Africa was produced by Sisse Graum Jørgensen?
2998	In what year did the manager of the singer-songwriter best known for "American Pie" die?
2999	Who had more career changes, Charles A. Agemian or Arshile Gorky?
3000	Where is a television transmitter located in Topeka, KS?
3001	 Which American rock band, Sugar Ray or Against the Current gained mainstream fame in the 1990's?
3002	Which satellite suburb of Melbourne is partially included in the Electoral district of Bass?
3004	Where is the first major improved highway located?
3005	Through which Tv series, one of the stars of Whats up korean film Kim Ji-won gained attention?
3008	The pavilion that the Biergarten Restaurant is a part of is in between which other pavilions at Epcot's World Showcase?
3009	What Irish county are the band that had a concert tour called the In Blue Tour?
3012	Who is older, James Kerwin or Paul Verhoeven?
3013	Edward Marszewski is the editor-in-chief of Lumpen, who is the editor-in-chief of Saveur?
3014	Orson Welles made Filming the Trial, a making-of film of the production of The Trial, which was originally filmed where?
3015	Who directed the film where Susanne Pollatschek voiced Olivia Flaversham?
3019	How many records did Shane Lynch sell as a member of Boyzone?
3020	Which has a higher population, Qinzhou or Jingjiang?
3022	When was the movie released that starred an American male actor born on February 28, 1923 and was written by Christopher Knopf?
3026	Which magazine eventually had more monthly publications, Vogue or Y'all?
3035	Who is older, Tarryl Lynn Clark or Michele Marie Bachmann?
3036	What annual gathering that inlcudes David Starfire takes place at Black Rock City?
3037	Mutton Lane Cemetery is located in a town 13 mi north of where?
3040	One of the members of Dru Hill is nicknamed after which cartoon character?
3042	which American actress, singer, and songwriter too the tour of  I Stand tour
3045	Where is Greensky Bluegrass band's home and location of where they created their first album?
3046	Are both Stacey McClean and Biff Byford American singer?
3050	Who directed more films, Leslie Goodwins or Kenneth Webb?
3051	 Both Vitas Gerulaitis and Heather Watson play what sport?
3052	Are Denzel Washington and David Hewlett both actors?
3053	Which band My Darkest Days or Human Drama had only one constant member?
3054	Which small nocturnal fox found in the Sahara of North Africa does the French animated series Fennec have a character?
3055	Shadi Attieh is often referred to as the Lebanese version of a footballer who plays for what Major League Soccer team?
3056	Who wrote the play performed by 1948 TV actor Nicholas Amer, were he played Ferdinand?
3061	Which of the actors starred in "Sollathaan Ninaikkiren" was born in 7 November 1954?
3063	Are Eve Beglarian and Zach Bogosian both of Armenian descent?
3064	Wild About Harry stars an actor born September 28, 1992 who appeared in what in 2006?
3065	Kasper Peter Schmeichel is the son of a professional footballer who was voted what in 1992 and 1993?
3066	In what year did the man who shot the Chris Stockley, of The Dingoes, die?
3068	What was the name changed to after Allison J71 was modified to a thrust of 7400 lbf?
3071	Which film was released first, The Celluloid Closet or Station to Station?
3072	Which Beatles movie did the John's Children's  studio album Orgasm dub audience screams from?
3074	What actor born in 1951 starred in Aaj Ka Robin Hood?
3075	Who plays the guitar, Denis Bélanger or Max Carl?
3077	What is the name of the studio album that the Miley Cyrus song, Who Owns My Heart is on?
3078	Which hip hop act that collaborated in the Red Hot AIDS Benefit Series was also a trio that was formed in New York?
3079	The brewing company known for making Genny Light, a beer with only 100 calories per 12 ounce portion, and located along the Genesee River, was formerly known by what brewery name?
3080	Are Der Rosenkavalier and I Capuleti e i Montecchi both comic operas?
3081	Which two occupations does Ronnie Dunn and Annie Lennox have in common?
3083	Brahmarshi Vishwamitra is a 1991 film produced & directed by a man that served as Chief Minister of Andhra Pradesh for how many years?
3084	What is name of the mountains near this autonomous community, in which Spanish politician Felipe Alcaraz was born?
3086	Who is Cletis Tout? was a comedy film that starred which "Home Improvement" cast member?
3087	The Belton Estate is a novel by an English novelist of the Victorian era, whose best known works are a series of novels that are collectively known as what?
3088	Pro Evolution Soccer 2016 includes which Brazilian footballer on the cover?
3089	What is the nick name of this former American professional football player who played as a linebacker for the Seattle Seahawks in the National Football League (NFL) and appeared on the American detective television "Lawless?"
3091	"Horrible Bosses" is written by a writer in which career?
3092	Which movie produced by Esta Malka Charkham was the first to star a woman as the lead role?
3093	Mischa Anne Barton's first major film role was the protagonist of a movie written by who?
3094	What is the character of fictional character Claire Fraser in a British-American television drama series developed by Ronald D. Moore ?
3095	Are Ana Kasparian and Katherine Sarafian both Armenian-
3096	What 4-D film attraction at Walt Disney World is based off a 2004 computer-animated Christmas movie?
3100	Josh Trank and Mike Valerio both work in what industry?
3104	The second studio album by The D.O.C was named as a reference to Charles Manson's idea of a Beatles' song which was a product of McCartney's attempt to create what kind of sound?
3107	What languages is the journal that Michel Feher semi-regularly blogs for published in?
3108	What Disney movie was the wrestler with the real name of John William Minton in?
3109	Who is a winner of the 2013 6 Hours of Silverstone a co-commentator for?
3110	"Waputik" is the Stoney Indian word for a large hoofed mammal endemic to what continet?
3113	Minor league baseball games that were played between the rivalling teams of the Sooners and the Cowboys were played at the stadium formerly known as what?
3116	What Canadian actor starred in a film released on June 14th,2011?
3117	How tall was one of Drew Barry's brothers?
3122	The actress and singer Heather Morris is best known for her role in which series, becoming a regular character in the second season?
3124	 The Type 90 tank built by Mitsubishi Heavy Industries is to be superseded by what generation of main battle tank of the Japanese Ground Self Defense Force?
3128	At least how many countries does the company that bought Oil Can Henry's operate in?
3130	The song "Metal" by Gary Numan was the B-side of a single that reached what ranking inthe UK charts?
3131	The 2008 American romantic drama film directed by David Fincher won what directing award?
3134	Knockout song was from which album of Lil Wayne on Cash Money Records ?
3136	Which racecar driver who performed in the 1971 Canadian Grand Prix was born in 1937?
3137	Which film featured Rosalind Cash prior to the release of "Sister, Sister"?
3139	How many miles does the train, which passes through the Amtrak Jacksonville station and shares the track with the Silver Meteor, run?
3140	Produce 101, which produced I.O.I, cost the company Mnet how much to produce?
3142	What is the capitol of the district that also includes the village of Shienga?
3143	 Lou Cutell appeared on the third episode of the ninth season of an CBS sitcom that was what number episode overall?
3144	What team that is a member of the America East Conference played in the championship game in 2009?
3145	At what stadium did Mychal George Thompson play home games with the San Antonio Spurs?
3146	Which Football Club is based in the capital of Lesotho?
3147	In what year was the company founded whose Manhattan branch was the site for the recording of the live album, Park Avenue South, by Dave Brubeck and his quartet?
3149	Otterington railway station was on a 393 mi major railway that linked Edinburgh to what city?
3150	Are Danie Visser and Oliver Marach both Grand Slam tennis tournament winners at doubles?
3153	What Swiss football forward currently plays for the Swiss football club founded in 1905?
3154	What is the name of the light rail station on the MAX Blue line 7 mi west of Portland, Oregon?
3157	Leonard Whiting played the tragic hero of Romeo and Juliet in the film version by which director?
3158	 John DiMaggio voices the character Shnitzel on Cartoon Network series created by who?
3159	In which movie the Stephanie Kay Panabaker was alongside with her elder sister Danielle Nicole Panabaker?
3163	Ralf D. Bode is best known for his work on a film starring who as Loretta?
3165	The German who is credited with inventing the V-2 rocket and Saturn V was also a supervisor of what NASA program?
3168	Mogens Palle brought to Denmark a World Lightweight Champion from where?
3169	Which magazine was published first, Woman's Day or The Lady?
3170	Which Member of Parliament for Macclesfield was married to Jane Ann Winterton?
3171	Theme Park Inc is a video game that created what sequel in North America in 1999?
3172	In what year was the county in which Kentucky's 20th-largest city is located founded?
3174	Are Francis Ford Coppola and Jack Hill both American?
3175	The title Grigory Drozd lost in May 2016 was won by a boxer who made his acting debut in what film?
3177	Who has more singles titles, Brian Gottfried or Peter Fleming?
3178	What actor had his final performance in the film based on a dytopian novel by David Eggers called The Circle?
3180	Which occupations did Ralph Smart and Trey Parker have in common?
3182	Somebody’s Daughter’s star Max Gail was most widely known for his role in what other television series?
3183	What production company is owned by the director of "She Hate Me"?
3184	Which band has been around longer Catfish and the Bottlemen or The Lumineers?
3185	Ross Pople worked with which English composer known for his opera "The Midsummer Marriage"?
3186	The American rock band from Ukiah, California in which Davey Havok and Adam Carson participate has made how many live albums?
3187	Which was published first Timothy McSweeney's Quarterly Concern or Scrye?
3189	József Viola's association was most prominent with which professional Italian football club in Turin, Piedmont?
3190	Which is in the family Rutaceae, the Diplolaena or the Arenaria?
3192	When was the designer of the Disneyland attraction with variants in California, France, Hong Kong, Tokyo, and the Tomorrowland Speedway born?
3193	At what intersection was the former home of the wooden roller coaster now located at Six Flags Great America in Gurnee, Illinois located?
3194	In which Navy was the single-engine BAE Systems Hawk operated?
3195	Les Ottolenghi was previously the Chief Information Officer at what casino in Paradise, Nevada?
3196	Which airport is closer to the Atlantic ocean: Wilmington International Airport, or Texarkana Regional Airport?
3199	Flowers in the Attick starred which "Mad Men" actress?
3200	Women's soccer star Caprice Dydasco plays for Newcastle Jets FC based in what nation?
3201	Where was the air-cooled version of a weapon system used on the HMAS "Narani" found?
3202	JSOC was created on the recommendation of a colonel who served in the Malayan Emergency and what other war?
3203	Which filmmaker is considered a pioneer, Herschell Gordon Lewis or Leah Meyerhoff?
3204	Who produced the 2004 major release sequel of Shrek 2?
3208	Which profession do David Breashears and Richard Bass have in common?
3209	When is the 2010 population of a town in Waldo County which was covered by "Maine School Administrative District 3"?
3210	Lost Someone was written by James Brown and an American R&B/soul singer who began his career in 1952 as a member of what gospel group?
3213	What is the altitude of the town in England that has Leadgate between it and Garrigill?
3214	What is another name for the butterfly of the Hesperiidae family that is found in the third largest country in Africa?
3215	Who is the chairman of the company that operates Suncoast Hotel and Casino?
3219	Matt McKenzie had a role on the television show that focused on the lives of teenage friends from what Wisconsin town?
3220	What was fort orange's initial name?
3221	 Hans Florian Zimmer composed The original music score for  Pacific Heights, since the 19080's how many films has he composed music for?
3222	Kadeem Jack is a player in a league that started with how many teams?
3223	Which Comcast-owned film studio produced the movie Radio Patrol?
3224	Which character did this Australian-American actress who appeared in the movie "Felony" play in the Australian soap opera "Home and Away?"
3225	Stewart Nozette is currenlty serving time in a correctional facility operated by which government agency?
3226	Whose works are more likely to be seen in an art gallery, Hovsep Pushman or Armen Chakmakian?
3227	Pacific Mozart Ensemble performed which German composer's Der Lindberghflug in 2002?
3228	What is the scentific name of the butterfly that is widespread in the seventh-largest country in the world?
3230	Do D-A-D and Gândul Mâței play the same style of rock music?
3232	Phil Ruffin, an American businessman born in 1935, owned a greyhound racing track called the Wichita Greyhound Park in which state?
3233	What English competitive sailor has Mike Bushell included top tips from in his features?
3236	In which year was this public research university in which Brock Marion played college football founded?
3237	What kind of action does Mark's Pizzeria and Patxi's Chicago Pizza have in common?
3238	Not Richard, But Dick was an album by the band formed in what city?
3239	Bobby Arora is the trading director of a retail chain that was formed in what year?
3240	Geoffrey Serle wrote a biography about which Australian military commander who planned the Allied attack at the Battle of Amiens in 1918?
3241	Who is the film dedicated to that Paramount Classics and MTV Films co-purchased the rights to?
3244	Who founded a brand of tyres that promotes the Great and British Motorsport Festival?
3245	The school in which the Wilmslow Show is held is designated as what?
3247	What American regional sports cable and satellite television network does American television sports personality Charlie Moore host two shows on?
3249	Who is older, Hampton Del Ruth or Ted Kotcheff?
3250	Between Danny Elfman and Fran Healy who has worked in more diverse fields?
3251	Over what time period was the motion picture studio which produced Marvel One-Shots known as "Marvel Films"?
3253	What was the setting for Raphael Coleman's best known film?
3254	What Congressional District did John Shimkus represent before the 20th Congressional District of Illinois?
3255	Who gained recognition earlier, Tim Roth or Polly Draper
3257	Bridger, Gallatin County, Montana comprises the ski area that serves which college?
3258	How long does the lower level degree program, offered at Helene Fuld College of Nursing, typically last?
3259	In 2009 the OCA announced major changes to it event lists, and in what city did this multi-sport event take place?
3260	Who was the lead singer of Eighth Wonder and who was born on March, 4th in 1968?
3262	In addition to Jennifer Tilly, Brian Backer, Sally Kellerman, Nedra Volz, Clara Peller, Wendie Jo Sperber and the actor born on June 22 1958 in Wilmette, Illinois, who else starred in Moving Violations?
3263	In which tier of the English football league system does the team which competed against Notts County in the 1894 FA Cup Final currently compete?
3264	The Roissy Airport connects to Paris and cities in what countries?
3265	South Dade High School is located between what two national parks?
3266	What is the population of the city in Colombia where Carlos Vieco Ortiz was born?
3267	What rule-class city of 26,595 contains the neighborhood Plainview?
3268	Are Philip Cortez and Julian Castro democratic or republican?
3269	Riema Juhani Karppinen won the silver medal at what event held outside of Munich, Germany?
3271	What do both Spider-Man and Spider-Man in film have in comman
3272	What British company was involved in recording the audiobook for the book known as The Golden Compass in North America?
3273	Jean Hudson Boyd is known for her controversial sentencing of Ethan Couch. What was his sentence?
3274	Follow the Yellow Brick Road Tour is taking place to commemorate the album that was recorded where?
3276	Were Shadows Over Camelot and Battle Sheep released by the same publisher?
3278	What is the southern border of the neighborhood that the Bruce Silverstein Gallery is located in?
3279	How many Golden Globe Awards did this English retired actress whose career has spanned over six decades and who appeared in the two-act drama Moby Dick—Rehearsed by Orson Welles?
3280	Vocelli Pizza and Noble Roman's serve which kind of food?
3282	Are both Stanley Elkin and Anne Lamott non-fiction writers?
3283	Are Andrew Stevens and Charles Burnett both American?
3286	The band who released the debut album "Tinted Windows" had their first performance in what city?
3287	In which county of New York was Circumstantial Productions founded?
3289	The Music Hall Guild of Great Britain and America includes a patron in which actress who had a role on EastEnders?
3290	"Do Lafzon Ki Kahani" is a remake of a Korean movie directed by which director ?
3291	The man who currently serves as the wide receivers coach for the Dallas Cowboys used to coach at what college?
3292	What village in Nassau County, New York with a name meaning "a pleasant place" is represented by Kathleen Rice in the United States House of Representatives?
3293	Which musical group has released more albums, The Telescopes or Candlelight Red?
3294	Who designed the 1954 Plymouth Explorer produced by the Chrysler Corporation?
3296	Nekeshia Shiondrail Henderson is an American former professional basketball guard who played college basketball for The Texas Longhorns women's basketball team, representing what school?
3299	What is the nationality of the actor who was a leading man of Michèle Mercier and born on November 3, 1921?
3300	After his curacy at the village that is a suburb of Scunthorpe, who was Industrial Chaplain to the Bishop of Lincoln?
3301	which  American conglomerate company is  a subsidiary of Trump Entertainment Resorts
3302	Where was the company, of which David DeVoe is Chief Financial Officer, ranked in the world, in 2014, in terms of revenue, against similar types of company ?
3303	What song was created by the group consisting of Jeffrey Jey, Maurizio Lobina and Gabry Ponte and released on 15 January 1999?
3305	The American short horror The sub stars which American actress, make-up artist and producer born in 1964?
3306	Are Cardinal Health and Kansas City Southern located in the same state?
3307	What corporation does the company that publishes the monthly magazine that focuses almost exclusively on the Western United States and featured photograph by Julius Shulman of a home designed by Rodney Walker belong to?
3309	What is represented on the cover art of the studio album that includes the song "Speed of Sound"?
3311	Which team did Joe Buck's father broadcast for?
3312	In which year was this single by Cher, written by  Brian Higgins and included in the album The Very Best of Cher, released?
3313	Who was known for playing a fictionalized version of the wild politician who was the face of communist scare tact's in the early 1950's?
3315	Which wrestler, who died in 2009, featured on the wrestling show Starrcade?
3316	What character did the actor born on January 19, 1944 play in "As the World Turns?"
3318	Who was born first out of Arnel Pineda and Trace Cyrus?
3319	How large of the area is the nature reserve south of Seacroft Esplanade?
3320	Richard Burton became involved in a mayoral campaign for a politician that previously served as the Mayor of Baltimore during what time period?
3322	The star of "The Inkwell" also starred in what 1993 movie as O-Dog?
3326	Leonard Logsdail had a cameo role in the biographical film directed by whom?
3327	Are Super High Me and All in This Tea both documentaries?
3328	What day of the week does the Korean cooking-variety program featuring the owner of "Dear. bread" air?
3330	In which Sottish Region is the castle in which] Sir Roger de Kirkpatrick was born ?
3331	 How many acres did this plantation consist of, in which the Honourable The Irish Society was set up to colonise County Londonberry?
3332	What airline holding company located in Solna Municipality, Sweden owns a technical aircraft maintenance company located in Arlanda, Sweden?
3335	The winner of the the London Riders' Championship in 1953 scored how many points in the 1952 Individual Speedway World Championship?
3336	Which of the following was founded in 2003: University of Arizona or Presbyterian University College?
3339	What musician is ranked 9th in the Top 100 Greatest Metal Guitarists and started a band in 1990 in Los Angeles, California?
3340	What film adaptation do both Jerome Bernard and Ira Lewis have in common?
3342	Who was the director of the film featuring the character "Supah Ninjas"?
3343	How many European Jews died in the catastrophe of which Eva Hayman is a survivor?
3345	What was the occupation of the man who founded the Huffman Historic District which is a part of the Historic Inner East neighborhood in Dayton, Ohio, Unoited States?
3346	Brinckerhoff, New Yorkhad a role in a CBS sitcom created by whom?
3348	What group released a song called "Stinkfist" on September 17, 1996?
3349	Is Velvetpark or Shape magazine written more for a lesbian and queer-identified female readership?
3350	What concert tour headlined by Coal Chamber in 1999 was named after the popular hit song by the Puerto Rican singer Ricky Martin, spanish for "the crazy life"?
3351	Where was one of the runners born who almost broke Craig Virgin's Illinois Boys Cross Country record?
3352	Which genus of flowering plant is found in an environment further south, Crocosmia or Cimicifuga?
3356	Between two scientists Ernst Messerschmid and Philippe Perrin, who is older?
3357	Who was born first, Grigory Margulis or Leonid Levin?
3358	Between two bands, Mastodon and Hole, which one has more members?
3359	Are the Prince of Wales and Flaming beverage both non-alcoholic drinks?
3360	What Major League Soccer team owned by Anthony Precourt is coached by a retired American soccer player ?
3361	Which novelist was educated in London, C. S. Forester or Helen Zahavi?
3362	What community in Imperial County, California is partly named after a species of tree that is native to North America, Europe, and western Asia?
3363	Are both Trace Cyrus and Jizzy Pearl vocalists?
3367	Were Joss Whedon and Norman Mailer both Americans?
3368	Who is the director of Hollywood film "7th Heaven" (1927), Jerry Belson or  Frank Borzage?
3369	What type of film is Jordan Roberts 2017 film release?
3370	Though one castle is on an Isle and the other on a ridge, what to they share in common regarding their locations?
3372	The elder sister of Darleen Carr is best known for her role as which Von Trapp daughter in "The Sound of Music?"
3373	Arthur Noss was a gunner for the commader during which two European theatre battles in WWII?
3375	Hey Ya is a song performed on The Ed Sullivan Show on CBS by which hip hop artist in 2003?
3377	The 2014 Baylor Bears football games were played at the stadium whose name was changed during what month?
3380	What movie directed by Tim Fywell, included the actress who also appeared in "Euro Trip" and "Inspector Gadget"?
3381	Brad Elterman is a professional photographer who addressed the rock 'n' roll lifestyle of a band that became noted for what?
3383	In which city have Gary Ayres and Neil Craig both been head coach of the Crows?
3384	Which team did Art Briles lead to a victory at the Orlando Citrus Bowl on December 29, 2015?
3385	Having written singles for several country acts, including Randy Travis, Blake Shelton, and Keith Whitley, what singer song writer achieved his 3rd No 1 single by writing "Always and Forever"?
3386	Which group of outlaws from the 1890s shares a name with a Yugoslav rock band?
3387	Which of the following buildings was designed by SHoP Architects: 247 Cherry or General Motors Building?
3388	In which U.S. state are MedStar Georgetown University Hospital and Providence Hospital?
3389	A celebrity magazine that has featured Snoop Dogg and footballers such as Riyad Mahrez and the creator's team-mate Juan Mata was launched by which former Manchester United player?
3390	Who was born more recently, Billy Corgan or Jeff Martin?
3391	Of Mehran University of Engineering and Technology or University of Debrecen which is in Pakistan?
3392	What movie studio produced The Benchwarmers, which starred Rob Schneider and Napoleon Dynamites lead actor, Jon Heder?
3393	What kind of musician does Robert Plant discography and John Bonham have in common?
3396	What Future Publishing founder co-hosted the annual TED Conference with June Cohen?
3397	What is the worth of the logo that appears alongside the "Just Do It" slogan?
3398	Are K. Subash and Jason Bateman from the same country?
3399	Which American filmmaker has directed more films, Jon Paul Puno or Ken Kwapis?
3400	What role did Julianne Moore play in the 2002 Oscar winning movie?
3401	The first of the Simon Bloom books was optioned by a company founded in what year?
3402	Do Ray Wilson and Leo have the same nationality ?
3403	Who starred in a 2015 zombie film with Northern Irish actor?
3405	What Jurassic Park star was also in the Rainbow Warrior?
3406	Who produced the 2015 film starring Jesse Eisenberg, Gabriel Byrne, Isabelle Huppert, David Strathairn, and Amy Ryan?
3407	An American football quarterback for the Chicago Bears was a star of a game released when?
3408	Brent Hodge and Harley Knoles are both know for being a what?
3409	Devil's Food is a singles compilation by an American rock and roll band that has also been known to play country shows under what?
3410	The 2015 American drama film, Being Charlie, stars which Canadian actor that appeared in "Adoration" and "Saw VI"?
3411	Who is the current governor of the state where former wrestler Stephen Cepello painted the Governor's Mansion?
3412	 "I Will Not Say Goodbye" is a song written in part by a music artist who first gained national attention as a winner of what talent competition?
3413	Who directed the movie for which Jason O'Bryan was nominated for a grammy for best soundtrack?
3414	What country of origin does Eric Lucassen and Party for Freedom have in common?
3415	Which musician is older, Chantal Claret or Max Green?
3416	Is the university that Mary Jane Phillips-Matz attended in New York a public or private school?
3417	Which sports station was the host of The Late Show, prior to Damien Fahey, an anchor for?
3419	When was the pianist who recorded Live at Shelly's Manne-Hole born?
3422	 What team does the oldest son play for, from the family whose middle son plays for the Chicago Bulls and the mother and father and third son all played basketball.
3423	What genre was the film that Chun Woo-hee acted in 2016?
3424	Are both Bird Talk and Decibel monthly magazines about birds?
3428	Warren Gamaliel Harding had an affair with which American secretary born on November 9, 1896?
3430	Are Ainslee's Magazine and The Australian Women's Weekly both monthly magazines?
3432	How is the Dutch footballer, Ryan Babel, connected to the song, Wij Zijn Ajax?
3433	Who wrote the film, other than The Good Shepherd, in which Leonard Logsdail appeared as a tailor ?
3434	What year was the film starring Hugh Jackman, Jake Gyllenhaal, and an actress appearing in "The Cooler" and "The Jane Austen Book Club" released?
3435	Pokémon: Arceus and the Jewel of Life and Totally Spies! The Movie both released in what year?
3437	What election was Senator Harry Reid at in Nevada?
3438	Aside from the all-NBA third team member in 1995 who was also a three-time NBA All-Star and the NBA Sixth Man of the Year twice, which other two players were selected for the 1997 NBA All-Star Game from the Seattle SuperSonics?
3439	What was the 2010 population of the city established around St. Mary's Mission?
3440	Are the Chien Français Blanc et Orange and Cretan Hound both used for hunting in packs?
3441	Jasmin Geljo is known for his role in a 2005 post-apocalyptic horror film written and directed by who?
3442	What is the birthday of the oldest among Vicente García and Ximena Sariñana?
3444	Which American musician and songwriter was born earlier, Adam Duritz or Cherie Currie?
3445	What is the main difference between the game Plateau and the game Colt Express?
3446	Who beat the Missouri Tigers in what is alternatively known as the Border Showdown?
3452	When was the younger brother of Ervin Randle born?
3455	What is the nickname of the singer with which Castor McCord played with in the 1920s?
3460	The lead of the CBS series "I Had Three Wives" played what role in "Godspell"?
3461	The project that Jeder Rappen zählt is inspired by began in what year?
3462	Alexander Petrovich Nikolayev received the title Hero of the Soviet Union and the Order of Lenin for his actions during the   the final major offensive of the European theatre of what war?
3464	John Seasock was a professional monster truck driver that last drove a truck sponsored by a company headquartered in what city?
3465	Socialist conferences were held with what countries that opposed the Central Powers in the First World War?
3466	What date in 2010 was a South Korean film starring  Kim Hyang-gi released?
3467	Charlotte Hatherley initially came to prominence in a band formed in what year?
3470	Said Fazal Akbar was appointed Governor by the President of Afghanistan that served until what day?
3473	What crossroads is the town located 10 km north of the Charcoal Tank Nature Reserve located?
3477	Where was the 2015 MSA Formula Championship, a multi-event, Formula 4 open-wheel single seater motor racing championship held?
3478	What actress with the last name Saravanan starred in the 2004 Tamil film Arul?
3479	Who founded gaming company which owns and operates the Red Rock Resort?
3480	What 2014 Ottawa Fury goalkeeper coach missed a shot deflected off Ronnie Whelan in the 1987 Football League Cup Final?
3481	Two of the pharmacy schools are Midway College School of Pharmacy and which first for-profit college or university to receive the Southern Association of Colleges and Schools?
3482	What band is a tribute to a band originally known as the Grizzly River Boys?
3483	Before moving to Boston to play at the New England Patriots, in which city did Dean Caliguire play his college and NFL football?
3485	Was Talking Heads and Man or Astro-man? formed further north?
3486	Amil Grove appeared in what  British tabloid published by News UK?
3488	Who is the father of the Prince in which William Joseph Weaver is most famous for painting a full length portrait of?
3489	SLS station was designed to allow access to the area of Las Vegas that includes a hotel and casino in what other town?
3493	What group of Elektra Records recording artists are known to be an indie pop band?
3495	Which is the younger brother in the composer duo that composed Aati Kya Khandala?
3496	When was the producer of the film Betrayal born?
3497	What was the budget of the film in which Kodi Smit-McPhee voiced Norman Babcock?
3499	What type of film was the Benn F. Reyes's Dr. Strangelove?
3500	Spring Waltz starred the American actor who is known for what 2007 film?
3502	Name a movie that David Thewlis has performed in after the premiere of Fargo?
3503	YouPorn was surpassed, in 2013, by competitor sites xHamster, Pornhub, LiveJasmin, and this website that is registered to the Polish company WGCZ Holding?
3506	Holland Park is located next to the shopping center owned by which corporation?
3507	Are Tim Rice and Kathy Acker both from America?
3508	Where is the origin of Tie Domi who was a player for the Maple Leafs?
3509	Henderson Executive Airport got its name in 1996 when it was purchased by Clark County to be used as a reliever airport for an airport named after what politican?
3510	What collaboration with DJ Muggs did Gary Grice participate do in 2005?
3512	What was the birth name of the start of Hwarang: The Poet Warrior Youth?
3513	The English chef known for his back-to-basics philosphy has a sister named what?
3515	Who is younger, Keisuke Kuwata or Moya Brennan?
3516	Which building is taller Bertelsmann Building or 432 Park Avenue?
3517	Spill.com gave their final review for a movie directed by who?
3518	Which item spanned farther distances regarding sales, Interact Home Computer or Sord M5?
3519	What golf course, located in Fulton County, Georgia, saw Keegan Bradley win a championship?
3522	Who is older Danny Green or James Worthy?
3523	The song "Medicine" by The 1975 appears in a film directed by what Danish filmmaker?
3524	When was the second album by Jason Daunt's band released?
3525	Which Lithuanian-Canadian anthropologist, primatologist, conservationist, ethologist, and author was chosen by  Louis Leakey, along with Jane Goodall, Dian Fossey to study hominids in their natural environments?
3531	Wagner Moura received what nomination for playing the lead role of "The King of Cocaine"?
3532	Which California band, whose debut album Adrenaline appeared in 1995, has been referred to as "the Radiohead of metal"?
3533	What is the date of the reissue of one of Rhihanna's album that features three newly recorded songs and a DVD showing exclusive behind-the-scenes footage of Rihanna's worldwide tour that was the second overall and first world concert tour by Rihanna?
3534	What is the name of second extended play by the artists of the mini-abum Code#01?
3535	What professional footballer who plays for Championship side Cardiff City was part of the 2009 Houphouët-Boigny stampede?
3536	Which American pro basketball player who won gold at the 2008 Summer Olympics was signed by the Utah Jazz during the 2005-05 offseason?
3537	Who played for the 1983–84 New York Knicks season and also had a younger brother who played in the NBA during his career
3538	The Bragg–Gray cavity theory was developed by Louis Harold Gray, William Lawrence Bragg, and a man that was knighrted in what year?
3539	What is the genre of the 1991 film that featured the song "Breakin' the Rules" ?
3540	who is a British physicist  and also a  British government's chief scientific adviser
3542	Which actress worked closely withCharpes Lane?
3544	The head writer for which show also wrote a Simpsons' episode narrated by James Earl Jones?
3545	"Heartbreak Hurricane" was recorded by which country artist, that also goes by the name Ricky Skaggs?
3548	What reward did the founder of Chick-Fil-A receive?
3549	Thehickey  team that won the 1997 Calder Cup playoffs is based in what city?
3550	What genre is What's It Gonna Be due to its 4x4 rhythm?
3551	From what island has Chryseobacterium frigidum isolated?
3554	For how many years did a player, who woke up on March 28, 1996 without vision in his right eye, play for the Minnesota Twins?
3556	What South Australian capital held UFC Fight Night 65 in May of 2015?
3559	Who appeared in the Olympics first, Piet Norval or Emilio Sánchez?
3561	When was the singer of Miss Emily's Picture born?
3562	When was the brewery founded which has The Stag Inn Hastings as a tied house ?
3563	Creation Entertainment is located in a city with what estimated 2014 population?
3564	Which is in the pop genre, Capital Cities or Tweaker?
3566	Which band has more members Music for Dead Birds or The Wolfhounds?
3567	"I Wed Three Wives" is an episode of a television series that ran on what network?
3568	Which Indian film playback singer as well a devotional singer contributed to the film "Baabul" (2006) and Sukshinder Shinda's album "Collaborations 3?"
3569	Who played a lead role in Dhool and has been awarded an Honorary Doctorate by the People's University of Milan?
3570	What is the fourth most populous urban area in the Republic of Ireland and has the housing estate Corrib Park?
3572	What song by Soft Cell was sampled in a Rihanna song that had three video versions?
3576	Hairy Jeremy was a television show created in a style that, when it uses plasticine, is called what?
3577	Who was an actor actor in the film The Ladder of Lies and was born October 23, 1893?
3578	What novella was the basis of the movie that featured the song "Wien, du Stadt meiner Träume" by Rudolf Sieczyński?
3579	Which year did the band, who released "Hooligan's Holiday," retire?
3581	The team that would become the Little Giants was located in the county seat of which Ohio county?
3582	The 1990–91 UNLV Runnin' Rebels basketball team coached by Jerry Tarkanian lost in the semifinals of the 1991 NCAA tournament to which team?
3583	Which film was released first, Those Calloways or The Happiest Millionaire?
3584	Pravda and Stiffelio are both operas?
3587	Where is the headquarters for the service broadcaster the show Tenko is on?
3588	Jennifer Jones captained the gold medalists for Canada at the Sochi Winter Olympics in which event?
3590	The 2014–15 UEFA Champions League knockout phase lead to the final of the 23rd season since it was renamed from what?
3591	Which major regional shopping centre in the western suburb of Indooroopilly in the City of Brisbane, Queensland, Australia  is served by TransLink bus routes?
3592	What is the relation between current manager of Chinese club Tianjin Quanjian and Paolo Cannavaro?
3593	H Pistorius & Co is part of the reason for the wealth of the family that includes which South African sprinter?
3594	Who was born first, Ronnie Radke or Dave Brockie?
3595	When was the actor in the CW show developed by Greg Berlanti who also appears in "Gods and Generals" born?
3597	Valais is known for the resort municipality in which district in Switzerland?
3598	Kyle York is the Chief Strategy Officer of a company that was aqured by what corporation in 2016?
3599	What person, known also as Jane Ryan, has a four lane highway in the Philippines name after her?
3602	Hoy Es Manana is by what Mexican Actress and singer, who is the current First Lady of Chiapas State, Mexico?
3603	Was California State University, Dominguez Hills founded before or after Pacific Lutheran University?
3606	What type of group beat Sheryl Crow's "All I Wanna Do" on the "Billboard" Hot 100?
3608	Where is the company that distributed XXXTentacion's single "Revenge" based?
3609	Are Even and Incubus known for their skill in classical music?
3610	In what year did the conference in which the 2005 Air Force Falcons participated begin operations?
3611	Are Nathalie Sarraute and Anchee Min both writers?
3612	Has Entrepreneur had a longer lifespan than Optimize?
3613	When is the football club which Stan Spinks played for founded
3614	Who directed a 2009 comedy released by BBC Films?
3616	Lost in Time includes the theme song for a French/Japanese anime series that was created by who?
3617	Which British-Mauritian model starred alongside Raj Babbar and Mahesh Manjrekar in a 2011 Indian romantic comedy film?
3618	What does the organization associated with Carl Wieland believe about anything other than the young earth view?
3620	Grounded Vindaloop is an episode from an animated television series that had this many episodes in its eighteenth season?
3621	What role in the TV show "Death in Paradise" was played by the man who performed with Alexander Armstrong in the podcast "Timeghost"?
3622	Where was the artist behind "Shit" born and raised?
3623	Which rebellion did Sir John Wedderburn and Charles Edward Stuart fight for that ended with defeat at the Battle of Culloden?
3624	Who directed the Hindi remake of the Korean film that starred Uhm Jung-hwa, Kim Sang-kyung, and Song Young-Chang?
3625	What was the first comic book written by the writer who had a series developed into a 2010 film with Bruce Willis and Morgan Freeman?
3627	Which director was born more recently, Tony Kaye or Marc Webb?
3629	Who is considered the more well known author, Roger Angell or Harry Stephen Keeler?
3630	Sachem Central School District encompasses the CDPs that include the hamlet in which New York county?
3638	What is the alleged rank of the mafioso who ran the Chicago Outfit with John DiFronzo, Joseph Andriacchi, Angelo LaPietra and ames Marcello?
3639	Name one of the Judges of Spring Baking Championship television series who was born on December 17, 1974 ?
3640	Who was born first, Juan Rulfo or John le Carré?
3641	Nicholas Pinnock stars as Jason Backland in a series direccted by who ?
3642	Philip Savage served as Direcor of Player Personnel for the Baltimore Ravens under what general manager who was inducted into both the College and Pro Football Halls of Fame?
3644	What song originally released by an American rock band active in the late 1960's and early 1970's did The Reels do a cover of in 1986?
3645	The State Theatre is part of a performing arts centre located in what Australian suburb?
3646	What film did Tom Wu appear in that also starred Jason Statham and Ray Liotta?
3648	Who was born first, Karen Joy Fowler or Bruce Chatwin?
3649	Are both Papa John's Pizza and Papa Gino's specialized in Pizza?
3650	In 2008, who were the two actors stared along with a South Korean actor, singer, and model who won best actor in five prestigious award ceremonies.
3651	Who was the wife of the president when William Bainbridge started his career?
3652	Are Roger Waters and Tom Johnston both musicians?
3661	Which contest did the singer of the song Mama's Song win ?
3664	What brother of Stanley Alan Van Gundy is a color commentator for ESPN?
3665	Who are the executive producer of the Adult Swim skit show that Odd Future had?
3666	what producer of The Real Housewives of Orange County also hosts "Watch What Happens Live with Andy Cohen"?
3667	Which is a post-punk band, Boy Hits Car or The The?
3668	From 2003 to 2008 Tom Holland was responsible for what  ?
3669	Viscount Yamaji Motoharu was a general in the early Imperial Japanese Army which belonged to which Empire?
3671	When was the judge born who made notable contributions to the trial of the man who tortured, raped, and murdered eight student nurses from South Chicago Community Hospital on the night of July 13-14, 1966?
3672	Who has released more studio albums, 10 Years or Edward Sharpe and the Magnetic Zeros?
3675	Shirley Breeden won her first Senate term in a narrow upset over the politician who was a member of what branch of the armed forces?
3677	 Srivariki Premalekha is a movie based on "Premalekha" which is what type of book that is a long, written work of narrative fiction?
3678	Does Erodium or Cymbidium include more species?
3680	which coach did the longest tenured active coach n both the NBA and all US major sports leagues replaced in 1996?
3682	Bytham Castle is a castle in the civil parish of how many houses?
3683	Who was the recipient of a prize also given to a player for Chinese club Tianjin Quanjian?
3684	Which animal-themed Disney classic film appeared first: That Darn Cat! or Perri?
3686	Are TEC-1 and Dubna 48K are based on the same processor?
3687	What movie did actress Irene Jacob complete before the American action crime thriller film directed by Stuart Bird?
3688	Who was born first, Mark Steven Johnson or Robert Thornby?
3690	Where is the author of Killing Pablo: The Hunt for the World's Greatest Outlaw (2001) born?
3691	Which band formed first Cha Cha Cohen or Swervedriver?
3693	What year did the shopping centre on the street numbered B411 open in the space of in the retail space of the former William Whiteley Limited department store?
3698	What do Josef Veltjens and Hermann Goering have in common?
3700	Whos version of Dawn of the Dead did R.D. Reid act in, the original by Zack Snyder or the remake by George A. Romero?
3704	The Collection at RiverPark is anchored by Target and an American supermarket chain that features foods without what type of fat?
3706	Both Dusty Drake and Joe Diffie sing which genre of music?
3708	Who was born first, Jorge Amado or James Leo Herlihy?
3709	Which star in the Maltese Bippy died in 1987?
3711	Jing Tian was known for her role in a movie directed by who?
3713	Do Cathy Berberian and Dickran Tevrizian share the same profession ?
3717	What is the middle name of the actor who hosted the24th People's Choice Awards with  Reba McEntire ?
3718	In which theater did Heidi Brunner, a Swiss opera singer, play the role as Annio?
3719	Who published the film magazine that Peter Biskind was executive editor of from 1986 to 1996?
3721	The Battle of the Catalaunian Plains involved the king of the nomadic tribes of which peoples?
3722	Both The Badgeman and +44 were bands concieved in which country?
3723	Do the University of Florida and University of Texas System combine to have both a 2000 acre campus and over 216,000 students?
3724	In which town was the amusement park that is operated by Britannia Jinky Jersey Ltd located where the first  Tomorrow's Parties Festival was held?.
3725	Which tennis player is South African, Mariaan de Swardt or Kateryna Bondarenko?
3726	What is the nationality of the illustrator of Chaos Marauders?
3729	What is the real name of the free jazz drummer on the album "Center of the World"?
3732	Jim Atchison was the President of the theme park that had headquarters in what city?
3734	What city does Paul Clyne and David Soares have in common?
3735	Where did the free agent quarterback acquired for the 2015 Buffalo Bills season play college football at?
3739	Michael Standing was long term friends with which professional midfielder from West Brom?
3740	What was the alternate slang name for the World War I era grenade that the egg grenade was less awkward than to handle?
3741	The Collective for Living Cinema of Lower Manhattan featured work from what filmmaker also known as Denis Kaufman?
3743	What phone series serves as the successor to phones officially unveiled at the "Samsung Unpacked 2015" event?
3744	Which Russian professional ice hockey player, known as the Magic Man, was the final recipient of the NHL Plus-Minus Award?
3745	Who lived longer- Bernard-Marie Koltès or Philip José Farmer?
3746	Who was born first out of  Thomas Carr and Joyce Wieland?
3747	What date was the movie originally supposed to be released that was delayed due to the unlawful distribution of private photographs of Edison Chen with various women?
3748	When was George Harrison's second single from his album, that was made with rising conflicts with Warner Bros., released in the United States?
3750	Who produced the film that was Jennifer Kent's directorial debut?
3751	"You Are" is a song from which Pearl Jam album dealing with the September 2001 terrorist attacks?
3752	The scientists who discovered Tedatioxetine were from what international pharmaceutical company?
3753	What 1997 song was on the Garth Brooks album that debuted at #1 on the "Billboard" 200?
3754	Were both magazines Diva and Cleo founded in the same country?
3755	Are Yoo-hoo and Faygo both carbonated drinks?
3756	Kaye Stevens was an American singer and actress whose big break came at what hotel on the Las Vegas Strip that operated from April 1955 to May 2015?
3757	Which American band was formed the earliest, CKY or Violent Femmes?
3758	What team did Travis Cortez Mays play on which currently compete in the Big 12 Conference.?
3759	Helen Margaret Lederer appeared on a BBC television sitcom created by Jennifer Saunders, that is based on what 1990 sketch?
3761	Which of Mabel Keyes Babcock's distant relatives wrote "Of Plymouth Plantation" and served as Governor of the Plymouth Colony?
3766	What is the nationality of the most praised player in the 2002–03 Olympique de Marseille season?
3767	Which season did the UCF Knights represent at an American metropolitan public research university in Orlando, Florida?
3768	The Bachelor was based on what novel written by an Austrian author?
3769	Who plays opposite the double Olivier Award-winning English actress in the 2000 TV film following the relationship between "Carry On" film actors Sid James and Barbara Windsor?
3770	Who directed the film which starred Steve Cochran and the actor who played Sheriff Roy Coffee in "Bonanza"?
3773	What was the given name of the singer who is most closely associated with The Dakotas ?
3774	When did the event that led Marissa Kurtimah to flee her country of birth begin?
3775	What award did Flossie Bailey receive that was named after the first female self-made millionaire in America?
3776	Who was born first, Nellee Hooper or Baz Luhrmann?
3777	Who stared as the "father of the atomic bomb" in a 1980 television miniseries?
3778	Which singer of the Bee Gees sung a middle part of a song in which the majority was sung by Barry Gibb?
3779	St. John of the Cross Episcopal Church has a rectory that was in a style that was a product of what earlier style?
3782	Which astronaut, Jean-François Clervoy or Ulrich Walter, was born first?
3783	What comic book does Hershel Greene and Carl Grimes appear in as characters?
3784	Summer Holiday starred what actor who won  a BAFTA in 1954>
3785	Which St. Louis Rams season was the final full season played by the 2008 winner of the Heisman Trophy?
3787	Graham Linehan was the creator of the Ash Atalla-produced sitcom for what UK channel?
3789	What profession does Leonty Magnitsky and Leonid Khachiyan have in common?
3790	Who gave the mother of Alberic II of Spoleto the title "patricia" of Rome?
3791	Chandamama and Kajal Aggarwal are both associated with which Indian film industries?
3792	What are both Caleb Shomo and Brian Welch?
3793	What is the length of an episode for the show that Jose María del Río is a narrorator in?
3795	On November 2, 2010, John Spratt lost to an AMerican politician who served in the South Carolina General Assembly from 2007 until when?
3796	What nationality was the inventor of the Alexander Technique for retraining the mind and body to avoid muscular tension?
3797	David Burns is best known working for a radio service that covered what former English county?
3798	Socialist Thought and Practice was a magazine that was regarded as an important veicle for a form of management based on what?
3801	What was need in order to diverge from the chinese ritual uniting spouses by pre-arrangement between families?
3802	The Running Man Brothers is a South Korean pop duo. Kim Jong-kook is one member and he is from what country?
3803	 "Hold On" is a song that features the vocals of a British singer whose debut album won what prize in 2017?
3804	Which actress appeared in Studio 60 on the Sunset Strip in 2007 and American Horror Story in 2014?
3805	Hivange is a village in a country that has how many official languages ?
3807	What conference does the team that drafted Derrick Hamilton in 2004 belong to?
3808	Who did the player nicknamed "The Human Highlight Film" play for after he left the Atlanta Hawks?
3809	Who does the previous Vice President of Production at the animation studio that is owned and operated by Viacom, currently work for?
3811	Which park is larger of the two, Doñana National Park or Timanfaya National Park?
3812	What career titles do Ed Wood and Fernand Rivers share?
3813	The Sanders-Brown Center on Aging was funded by a grant from a businessman known for what restaurant chain?
3816	Who was the singer of the song that held the record for most weeks spent at number one by a female country artist until it was surpassed by the the one named second best song of 2012 by "Rolling Stone Magazine"?
3817	What was the population of the city where Penobscot Marine Museum is located?
3819	Which rock band has released more albums, Shihad or Morningwood?
3821	When did  former Yugoslav which  Patricia Hy-Boulais eventually lost to in  1992 US Open became US citizen
3822	How many students attend the Swiss University Philip Kraft has lectured at?
3823	Kacha, Sevastopol is a settlement that is part of a sovereign state bordered on the northwest by which country?
3824	Author David Chanoff has collaborated with a U.S. Navy admiral who served as the ambassador to the United Kingdom under which President?
3826	White love was what number of single created by a record label est in 2008 by Kim Shi Dao?
3829	What is the owner of Straight Blast Gym Ireland's birthday?
3830	What is the size of the archaeological site which is in the hamlet of the Guilderland in Albany County, New York?
3832	What production company was co-created by the lead singer of the band Poison?
3835	Were both Peter Duffell and Fred Niblo actors?
3837	1995's "Highest paid model" according to Forbes played a what in the film "Fair Game"?
3840	Heath Ledger Australian actor was in the movie Brokeback Mountain directed by who?
3841	Are Jiujiang, Guangdong and Ruzhou located in the same Chinese district?
3843	What ended the career of the German composer of Bunte Blatter?
3844	Additi Gupta is known for negative roles in the drama series that broadcasts on what country's Star Plus network?
3845	Teacher's Pet was both a movie and what?
3846	Khushi Ek Roag is broadcast by a company based out of where?
3849	What portable media player was distributed through HP?
3850	Which author wrote a play in 2006 and a book on homosexual sex in 1977?
3851	Which town is named after the developers of Monmouth Heights at Manalapan?
3852	When was the  American singer-songwriter born who recorded “Spirit In The Sky”?
3853	 Dayton's Devils had a cameo from the "MASH" star who played what role on the show?
3854	Who has more productions under their belt Ridley Scott or Elmer Clifton?
3857	What is the setting for the animated sitcom which Michael Polcino's brother Dominc works on?
3859	What position did the winner of the MVP in Pool C of the 2017 WBC play?
3862	What profession does Stephen Jay Gould and Ann Beattie have in common?
3863	What wrestling team is Mathew Thomas Rehwoldt a part of?
3864	Travis McGee was a precursor to what contemporary mystery protagonist in a series that has been on multiple best seller lists?
3867	Which team did Lars Lunde play for when defeated for the 1987 European Cup Final?
3869	What actor iin the 1999 remake of "The Mummy" appears in Drool?
3870	When was the actor born who starred in Nambia: The Struggle for Liberation and played Roger Murtaugh in the "Lethal Weapon" film series?
3871	Marine Air Control Group 48 is stationed at Naval Station Great Lakes which located where?
3873	What other notable role did the star actor from Jeremy perform?
3874	Monroe Regional Airport and Deadhorse Airport are both in this country?
3876	Hotride is the fifteenth single released by what music group from Braintree, Essex, that was formed in 1990?
3879	Susan B. Landau's credits include a comedy sports film that was the last to be released during the life of who?
3881	Kevin Rowland and Lauri Ylönen both share what occupation?
3883	when was the coach of the 1981 Oklahoma Sooners football team born ?
3884	When was the coach of "2008 Texas Tech Red Raiders football team" born?
3890	Were Triumph of the Will and The End of America both made in the same year?
3893	Which director was from a country closer to Canada, J. Searle Dawley or Lionel Ngakane?
3895	The University of the Pacific Tigers are led by which American retired professional basketball player and the current head men's basketball coach at the University of the Pacific?
3897	What variety of mockingbird is the mascot of the University of Tennessee at Chattanooga?
3902	What is a luxury goods company long Northern Boulevard in the Miracle Mile?
3903	What type of media does Hot Pixel and PlayStation Portable have in common?
3904	What city has a football team and had a player from Pago Pago, American Samoa play for it?
3907	Which Australian professional women's basketball team has an American playing in it?
3908	The Hindmarsh Stadium is sponsored by a brewery that sold how many liters of beer in 2013 ?
3909	Who was born first Iain Pears or Richard Llewellyn ?
3910	Who was a supporting cast member of King Rat and was knighted in February 2001?
3911	In which country did Ahmed Khader Al-Muwallad win a gold medal?
3912	What time did the show, in which Gordon Burns was the host, usually air on Monday?
3913	What is the proper name for the steroid used by the retired British track sprinter who is one of the fastest European sprinters in the history of athletics?
3916	The English company behind the British Rail Class D1/3 locomotive, Ruston & Hornsby is now a part of what German company?
3917	Which musician who first became famous in the late 1960s and early 1970s is Inner Secrets  the ninth studio album by
3918	What type of group does Pablo Carballo and Argentine Air Force have in common?
3919	Which current CBS NBA analyst played for the PORTLAND TRAILBLazers along with former UNLV teammate Stacey Augmon?
3920	Flowers in the Attic starred what actress known for playing Sally Draper on Mad Men?
3921	Where does Yannick Ferreira Carrasco play home games?
3923	Postal 2 has scenes that are used in a song that was released in what year?
3928	In what country did Petrus van Hooijdonk compete in for the 1998 FIFA World Cup?
3929	Sean Frazier served as deputy athletic director at the University of Wisconsin–Madison under an athletic director that stepped down after what season?
3931	Who played the crime boss considered the father of modern organized crime in the 1997 drama Hoodlum?
3934	Are The Datsuns and The Black Crowes both rock bands?
3935	What series did William Hopke play in for the Detroit Tigers which were founded in 1901?
3938	Dan Scalco is best known as a contributing author for a magazine owned by who?
3939	What Hindi thriller directed by Deepak SHivdasani features choreography by Phulwa Khamkar?
3940	What profession was both John Updike and Bret Easton Ellis ?
3941	Whiich genus has more species, Dracula or Pistacia?
3943	Laurie Davidson is an English actor known for playing a fictionalized version of a young William Shakespeare on a show that was canceled on what date?
3944	Who wrote more fictional works, Jim Thompson or Theodore H. White?
3946	Are The Writer and Jewish Currents both magazines ?
3954	Who was the head coach of the Georgia Tech football team that finished the regular season with the same record as the 1981 team?
3955	Who produced the sequel to the anthology horror comedy film from 2012, which contained 26 different shorts?
3956	Who was born first, Jaap Speyer or Bruce Conner?
3957	What Canadian actress was on the cover of Saturday Night Magazine?
3958	Who starred in Smurfs: The Lost Village and was also in The Office?
3959	Daburiyya is 8km east of a city where where percentage of its citizens are Christian?
3960	Does the band God Lives Underwater or the band The Dear Hunter come from a larger state?
3963	Between the two film makers Fabián Bielinsky and Murdock MacQuarrie, who was born earlier?
3964	What mixed martial arts promotion that was purchased by the Ultimate Fighting Championship in 2001 used to feature Nate Diaz as a competitor?
3968	Imran Khan has worked in what type of films refering to the Pashto Language film industry?
3969	Who lived longer, Tony Richardson or Giorgio Ferroni?
3970	Shenley Hall is a house at a parish how far from central London?
3971	Christopher Nixon Cox is the son of an American politician who is currently the chairman of what?
3973	Hostel: Part III is the first film in the series to be neither written nor directed by a director born in which year ?
3975	Who lived longer, Alejandro Jodorowsky or Philip Saville?
3976	Are both Stephen R. Donaldson and Michael Moorcock science fiction writers?
3977	Which professional baseball player was born in 1984 and played as a rookie for the Los Angeles Dogers in 2007?
3978	In between Burton C. Bell and Billy Idol who is known professionally as Billy Idol?
3979	What is the name of the conditions that the radiologist who served as chief of radiology at the U.S. Army's flagship medical center from 1909 to 2011?
3980	What does Age of Chance and Vector share in common?
3982	What number installment of the Ghost School and Ghost School Horror was the film Voice?
3983	Edmundas Malūkas was the former mayor of the lake resort how far west of the capital of Lithuania?
3984	When was the actor born who starred in Sugarfoot?
3985	Who was born first, Sarah Jacobson or Arthur Hiller?
3987	What is the official English name of the country in which Ain Timguenai is located?
3988	Which radio station did Nic Nolan Programme Director for?
3989	Which MTV show was hosted by a member of the Likwit Crew?
3990	Who is older, Anne Noe or Jean-Marie Pfaff?
3991	what is the football club that formed in 1876 and has Dael Jonathan Fry as a player?
3992	 "JK Wedding Entrance Dance" is a viral video that uses a song by a rapper whose first album was certified what?
3993	Katie sagona is known as what kind of actor because she was a child acting on stage or in motion pictures or television?
3996	What is the name of the actor who wrote the memoir Without you: A memoir of love, loss, and the Musical Rent and also stared as Mark Cohen in the Broadway production of "Rent"?
3997	The uncle of Paul Capellani died at a military operation during a battle was fought between who?
3999	Between Wilkes-Barre/Scranton International Airport and Long Island MacArthur Airport, which airport is owned by a higher government?
4002	Johnny Edwards and Ian Anderson are singers, who had joined the greater number of bands?
4003	Who were the guns stolen from the HMS ship "Marlin" originally produced for?
4004	Renáta Tomanová and Larisa Neiland are former professional athletes for what sport?
4006	David Thewlis had a performance in the film Macbeth as which father of Malcolm and Donalbain?
4007	Where did King James reign during Samuel Parker's time as a Bishop of Oxford?
4008	What is the 2010 population of the village at which Smith Haven Mall was located?
4009	Love and Poison is the official biography of an English alternative rock band formed in what city?
4010	Who made a spoof of the Radiohead's fourth studio album?
4013	Which host of Straight to the Heart is an American actress and producer?
4014	Which plant has more species, Hydrangea or Abrus?
4015	Which university is further North,  University of New Hampshire or Stony Brook University?
4016	What film was Rebecca Gibney in that also had Kate Winslet in it?
4018	In what city did Nancy Winstel coach women's collegiate basketball?
4019	Which professional stock racing driver has won the Xfinity Series twice, and beat Kevin Harvick in the 2016 Bojangles' Southern 500?
4020	Who choreographed one who is said to be the last muse for the choreographer and starred in the Nutcracker?
4021	What American pianist and composer was a guest muscian on the Manhattan Blues Project album by Steve Hunter?
4022	Reima Karppinen won a silver medal in the double sculls at the Rowing Championships held in what German city?
4023	Are Robert Philibosian and David Ignatius both politicians?
4026	What famous composer was born in the town that hosts a festival of music and drama has featured Lilian Sukis?
4027	In the Glee episode "Bad Reputation," Sue Sylvester dances to this song, by a four-time Grammy winner and star of musical film "Grease."
4029	What format does a 1170 kHz AM station that Jim Angel presented the news for have?
4030	Are Milk Lake, Taiwan and Larnaca Salt Lake both located in Asia?
4032	Which film was released first out of The Hunchback of Notre Dame and Miracle of the White Stallions?
4033	Which date occurred first the end of Riley Hawk's amateur career or end of production of Skateboard Magazine ?
4034	What is the primary role of the position played by Viktor Raychev for Lokomotiv Sofia?
4036	What 1986 drama directed by Lee Doo-yong starred Lee Mi-sook?
4037	What is another name for a forest which has the hamlet of Oakenclough on the edge of it?
4038	The Cleveland Thyagaraja Festival is a type of festival that honors a type of music in what language?
4039	The head coach for the defensive backs coach, Peter Giunta, led what professional football team to two Super Bowl victories against the New England Patriots?
4041	What professional do both Marc Bolan and Ian MacKaye share?
4042	What is the capacity of the stadium that is the home ground of the Lahore Eagles?
4043	Who has the highest scope of profession in Peter Yates or Jang Joon-hwan
4045	Have Jelena Janković and Marat Safin both played tennis professionally?
4046	2002–03 Inter Milan season was marked by the arrival of what retired Argentine footballer?
4047	Who was the writer of the Tamil-language romantic thriller film in which "Pookkalae Sattru Oyivedungal" is a song?
4049	Who wrote the TV serial in which Rosemary Martin played Marjorie ?
4052	When was the newspaper, in which the 1891 Birthday Honours list appeared on 30 May 1891, adopt its current name ?
4053	What is the birth name of Nadeem Siddique's favorite boxer?
4054	Which soccer club's head coach was born August 1, 1973?
4055	In what year was the Moldavian, later Romanian writer, known for his work "The Goat and Her Three Kids" born?
4056	What is the title of the 1979 film adaptation of William Shakespeare's play in which the English poet, actor, political activist and dramatist who wrote wrote a number of book-length polemical poems such as "Autogeddon", "Falling for a Dolphin" and "Whale Nation" played a main character?
4057	What's the name of the differential equation that was developed by the German physicist who was the doctoral advisor to another German Physicist who identified the Stark effect?
4058	Are Colocasia and Coronilla both flowering plants?
4060	What movie genre did Emmanuelle Vaugier play a supporting role in?
4061	Meghan Strange is an American actress and voice actress, known for her role as Robin on what American animated television series produced for Disney Channel?
4062	Ashes in the Snow is a World War II drama based on a best-seller novel that was translated to how many languages ?
4063	Where is the magazine headquartered that Robert W. McElroy writes for?
4068	Who is older out of Bob Saget, the American comedian, and Indian director S. Shankar?
4070	What "Virtual Choir"-noted conductor has created works for the Austin-based ensemble Conspirare?
4071	Which football player that topped the 10,000-yard career rushing mark has played for the New England Patriots?
4072	"When a Woman Loves" is the first single by singer R. Kelly from his eleventh studio album named what?
4073	Before composing music for the game which contains Chocobos and Moogles, what cover band was he involved in?
4075	Which position did Enid Blyton beat the man who is the U.S. Representative for New York's 3rd district to win?
4076	How far is Sadie Macdonald's home town from Sydney?
4080	John Hatzistergos was a Member of a council that has how many members ?
4083	Were Max Jacob and Connie May Fowler both memoirists?
4084	Which writer of the song "Money, Money, Money" by pop group ABBA was born on 16 December 1946 ?
4085	The 1948 Commonwealth Prime Ministers' Conference was hosted by the Prime Minister from what British party?
4086	Christopher "Chris" Fairbank provided voice talent for which 2006 British-American computer-animated action-adventure comedy film directed by David Bowers and Sam Fell?
4087	Which British independent private day school for boys did Charles John Godfrey Saunders attend?
4089	Which year was the more recent engine series, the Honda K or Honda H, introduced?
4091	A private university that beat Georgetown during a basketball tournament is from what U.S. city?
4092	Which musician was born first, Constantine Orbelian or Lili Chookasian?
4093	Liam McEwan works with what UK monthly men's lifestyle magazine?
4094	Where was the original line of the railroad William Howard worked for?
4096	Who starred as an American attorney in Grey Gardens?
4097	Cyrina Fiallo has guest starred on which Michael Jacobs-created sitcom?
4098	Which comic book character was originally written by Vic Bloom after appearing in "Pep Comics"?
4100	What is the global rank by population of the city that Daewoong Pharmaceutical Co., Ltd is based in?
4102	What city did the musician whose debut album shares its title with the 1959 Alfred Hitchcock hail from?
4103	What coastal town in Australia did army personnel Robin Reid and Paul Luckman kidnap and bring teenage boys to beat, torture, and sexually assault them?
4105	Are both Snowboard Magazine and The Believer sporting magazines?
4106	Who was most well-known as a radio personality and disc jockey, John Garabedian or Charles A. Agemian?
4108	Which artist is known for his work on Marvel Team-Up and Batman: Son of the Demon?
4110	Which NFL team did both Don Looney and DeSean Jackson play for?
4111	What English rock band with Guy Garvey did Joe Duddell work with?
4112	"Take Me" is a song recorded by which American singer, actor, and producer who was one of the most popular and influential musical artists of the 20th century?
4113	William James "Count" Basie has an album that is a collection of musical pieces from what movie series?
4114	In what year was the narrator of "Blackadder's Christmas Carol" born?
4116	In what year did Mets fans start taking New York City Bus: Q48 to watch home games?
4117	Which character in The Hunt for Red October was played by the actor who made his film debut in The Revolutionary
4119	Everybody's Crazy was produced by Michael Bolton, what genre of music does Everybody's Crazy fit into?
4121	Who does the current PFA Young Player of the Year currently play for?
4122	What is the birthday of the singer whose songs are remixed in Queen of Clubs Trilogy: Onyx Edition?
4123	What player mentioned in "The Breaks of the Game" was inducted into the Naismith Memorial Basketball Hall of Fame on May 10, 1993?
4124	The We The People Amendment was introduced by the U.S. Representative for what congressional district?
4125	Which airport, Salt Lake City International Airport or Brainerd Lakes Regional Airport, serves as a commercial airline and is closest to it's respective downtown city?
4126	Which of these artists is older, Warrel Dane or Roy Khan?
4129	Which New Jersey-based manufacturer of suitcases and bags for travel is located in the Shops at Columbus Circle in New York City?
4130	What liberal arts college has their athletic teams named the Lincoln Memorial Railsplitters?
4131	What star if the Burbs was Canadian?
4132	Which artist is a lyricist, Eric Bloom or Otep Shamaya?
4133	Guy Pearce starred in which movie produced by Marvel Studios ?
4134	What is the name of the hotel on the Upper West Side of New York City that housed a gay bathhouse?
4135	Are Sandy Mayer and Billy Martin both more successful at doubles than singles, in terms of tournament wins?
4136	When was the former IBF World title holder born?
4137	Are Maki Nomiya and Conrad Lant both considered musicians?
4138	What type of profession does Jonah Meyerson and Alison Pill have in common?
4140	What band was the man who compiled the tracks for The Early Years a part of when they were inducted into the Rock and Roll Hall of Fame?
4142	Were Frank Tashlin and George Kuchar both animators?
4143	My Babysitter's a Vampire was created by Fresh TV, who also created which Canadian animated sitcom which premiered in Canada on November 7, 2004 on Teletoon?
4144	What resort in Biloxi, Mississippi does the Chief Operating Officer of the largest single hotel in the United States oversee?
4145	The figure skater who was coached to Olympic, World, and national titles by Richard Callaghan was born in what year?
4146	Between Yasujirō Ozu and Bent Hamer, who has more creative titles?
4149	What is the day of the horse race of which ESPN covers both the post position draw and the undercard races?
4150	Which of Aaron Goodwin client was born in May 31, 1984?
4151	Were was the Mexican state after which there is Villa Unión, Sinaloa located?
4152	In which part of New York was the singer who released the song No Problem raised ?
4154	3TEETH was the debut album for the opening act for the2016 tour with a headlining band that was formed in which California city?
4158	 What term was used in the North-West Derby  to disparge their rivals?
4159	The 53rd National Hockey League All-Star Game took place at the indoor arena that was completed in what year?
4160	What computer was released earlier, Gradiente Expert or LNW-80?
4161	When was the cast member in the title role "The Real Housewives of Beverly Hills" and her staff at Vanderpump's West Hollywood, California, restaurant SUR born?
4162	James Stuart became a specialist of a rhythmic pattern charecterised by what?
4163	Hugo Rodríguez Romero is a Spanish footballer who plays for a team in the autonomous community of what?
4164	Broadbent Arena and Freedom Hall are landmarks of which U.S. city?
4165	Who beacme a star as a comic book character created by Gerry Conway and Bob Oksner?
4166	Who directed the second film in a British series of action comedy film parodying the James Bond secret agent genre with comedy similar to Rowan Atkinson's Mr. Bean character?
4167	Who performed on an album named "Runaljod - Ragnarok" and a film named "Flukt"?
4168	Which How to Steal a Million actor attended the Royal Academy of Dramatic Art?
4169	Which TV series directed and written by the same person as "Buffy the Vampire Slayer" starred Tahmoh Penikett?
4170	What was the significance of the lions, about whom a fictionalized account provided the basis of the film, The Ghost and the Darkness?
4173	What is the name of the show that the man that was drafted eighth overall in the 1995 NFL Draft co-hosts?
4174	What school was the actress who appeared with Michelle Williams in the last play by Russian playwright Anton Chekhov attending when she was signed on for a talent holding deal?
4175	Which British music producer and engineer is notable for working wih an English electronic band having the founders: Dave Gahan, Martin Gore, and Andy Fletcher?
4176	In which year did Baek Bong-ki appear in the South Korean drama film set in a high school?
4179	An actor who appeared in all eight "American Pie Films" stared alongside which actor in Armed and Dangerous?
4180	What year was the actor son of Jeremiah Porter born?
4181	Is Ohio State University or California State University, Dominguez Hills further west?
4182	Giovanni Carmazzi was a backup quarterback for which NFC West team?
4183	What cast member of Flashbacks of a Fool was educated at Bryanston School in Blandford, Dorset?
4186	Which Austrian Chancellor does Jörg Leichtfried serve under?
4187	In which province is the city located that is the birthplace of Ed Wubbe?
4188	Both Neijiang and Weifang and considered what type of city?
4194	SpongeBob SquarePants 4D: The Great Jelly Rescue was a sequel to which cel-shaded film found at aquariums and theme parks?
4195	What was the 15th comedy album by the star of the 1960s series I Spy?
4196	Which rock band based in Louisville, Kentucky released their second studio album in 2004?
4197	Caleb Kelly plays for a football team with whom as head coach?
4199	Did the band Daniel Amos experiment with the same genre of music performed by Digital Summer?
4200	What is the birthdate of this Uruguayan former footballer, who management team consists of Charlie Oatway?
4201	Are both movies Nerdcore Rising and What Would Jesus Buy? focused on similar topics?
4202	What judge who was on the show "Dancing with the Stars" was born on the 31st of March, 1963?
4203	Where did Otto von Bismarck and Ludwig Friedrich Leopold von Gerlach originate?
4204	Which film was released first, Summer Magic or Around the World in 80 Days?
4206	What exit of Garden State Parkway should you take in order to get to the Seacourt Pavilion?
4207	What company headquartered in Whitley, Coventry, United Kingdom will start production in Nitra in 2018?
4208	In the The Simpsons episode "Principal Charming, Homer invites a character over for dinner who is voiced by whom?
4209	Which bi-weekly publication ranked Schreiber Foods as number 81 in 2016.
4210	Which opera has more acts, Don Quichotte or Tosca?
4211	What is the name of the series who's first season was released on Netflix on September 22, 2016 and stars actor pronounced as John-a-kite?
4213	Is It Just Me? was a single by the English rock band from what Suffolk city?
4214	Who was born first, Brooklyn Decker or Andy Roddick?
4218	Which Indian actor is best known for his role in the film Tadakha following his debut in the 2009 film Josh?
4220	Blues to the Bush is an album by The Who that can still be found on what e-commerce platform that was founded in 1995?
4225	Was either Craig Melville or Grover Jones born in Indiana?
4226	When is the birthday of the British-Irish heiress who worked on the Optimist In Black studio album?
4227	Which English-born Australian singer/songwriter was a judge on season 8 of Australia's Got Talent?
4230	Are both Jack and Coke and Clover Club Cocktail cocktails?
4231	Are either Edward H. Griffith or Edward Burns from Germany?
4232	Aside from the Ivorian who was born in 1986, what other big name footballer has gone through the FC Bibo?
4233	What British made dance competition television series franchise did Claudia Albertario appear on?
4234	What role did Slim Dunlap take when he joined the Minnesota band the Replacements in 1987?
4235	What kind of group does Takahiro Moriuchi and Doug Pinnick have in common?
4237	"Tunak", is a bhangra/pop love song by an artist born in which year ?
4238	The Rainmaker starred the actor who has been nominated for how many British Academy Film Awards?
4239	Who is the host of Wall of Fame known for his partnership with?
4241	The Story of Them Featuring Van Morrison is a compilation album recorded by what Northern Irish band formed in Belfast in April 1964?
4242	At the 66th Academy Awards, the awards for technical achievements were presented by what host who was nominated for Best Actress for "Rambling Rose"?
4244	What surrounding river in a Canadian province was Erin Wall born near?
4245	Who has more victories Chelsea or Manchester United?
4246	Robin Pingeton replaced Cindy Stein as head coach of which university women's basketball team?
4247	When was the head coach representing the Eastern Conference during the 2000 NBA All-Star Game born?
4250	Which town is the venue, in which the APRA Music Awards of 2009 were held, located?
4251	What type of plane is the four engine heavy bomber, first introduced in 1938 for the United States Army, which is hangared at Conroe North Houston Regional Airport?
4252	On what date did the geological event, that caused the 2011 Japanese motorcycle Grand Prix to be rescheduled, take place ?
4254	A Car-Tune Portrait was released on June 26, 1937, the cartoon gives an imaginative take on which second in a set of works by composer Franz Liszt?
4255	In what year did the American Record company established in 1958 release a record co-produced by Adam Faith?
4256	which  Indian businessman and politician owns Mabula Game Reserve
4260	Which South African born singer featured the musical revue "Sigh No More"?
4263	Eugene Rosenburg, who founded the Hologenome theory of evolution is a microbiologist as what university?
4266	What tv series did Benny Ciaramello co-star in with a person that was also in the film "The Bang-Bang Club"?
4267	Which album was released first, "Talk That Talk" or "Loud"?
4269	When did an IndyCar race driver drive a Formula 1 car designed by Peter McCool?
4272	With the help of Adam Lambert, Josh Abraham has sold how many albums worldwide?
4273	The Amsterdam Tournament 2009 was contested by what club that plays their home games at the Wanda Metropolitano?
4274	What car did the German rally driver, who won victories for Fiat, Opel, Lancia, and Audi drive?
4277	Who was born first, Gene Mayer or Serena Williams?
4278	The actor that plays Joe MacMillan in "Halt and Catch Fire" also starred with Carrie Coon in what 2017 horror film?
4280	What kind of song did Alexander Grant produce for Eminem?
4281	What was the previous occupation of the Canadian-born Indian-American actress and model who appeared in Tina & Lolo alongside Karishma Tanna?
4285	What New York City–based hip-hop musical group consists of rappers including Darryl Hill?
4286	Are Vintage Life and InStyle both US-based magazines?
4287	What is the financial group which created the Sporting Portugal Fund?
4288	The 2012–13 Boston Celtics season was marred by an occurence which took the lives of how many people?
4290	What is the nationality of the actor who costarred with Joe Chen and Jia Nailiang in "Destined to Love You"?
4291	What is Peter Daou's website's slogan?
4292	Graveraet River is a tributary of a lake that is shared between which US states ?
4293	How much change in elevation is there at the site of the 1999 FIA GT Hockenheim 500km?
4294	When they were formed, did The Fatima Mansions or Nude have more members?
4297	 Willie Geist frequently serves as fill-in anchor on "Today" for a tv journalist that was the host of what show from 1980-86?
4298	 During what years did the railroad that had a station stop in Ringling, Montana operate?
4304	What album did R.Kelly release the same year as producing "These Are Special Times" for Celine Dion.
4305	Who captained the team popularly referred to as the Shaheens during the teams test match against the New Zealand national cricket team?
4306	Scientific Games Corporation makes the type of games that are composed of what?
4307	What type of profession do Dave Pirner and Les McKeown both have?
4308	Which American musician, principally known for his work as guitarist, vocalist and songwriter released the Voice Of Reason album?
4310	What is the nationality of this actor, film producer and musician who has lived most of his life in Australia and appeared in Romper Stomper alongside Daniel Pollock, Jacqueline McKenzie and Tony Lee?
4311	What uniform number was the umpire wearing when "Pudge" hit a home run in Game 6 of the 1975 World Series?
4313	What group did the 253 West 125th Street-contest winner Spyder Turner sing back up for?
4314	Which American sketch comedy television series starring John C. Reilly was produced by Abso Lutely Productions?
4316	1920 Politics was a Republican political strategy to reassert the authority of the white race in which US state?
4319	The poem "soleil et chair" was influenced by this Roman poet and philosopher who has only one known work about the tenets and philosophy of Epicureanism?
4321	What nationality is the director of the 1971 film Wake in Fright?
4322	Faith Goldy got fired after an interview she gave on what production site edited by Andrew Anglin?
4323	What is the character's name for which Anna Leonidovna Kovalchuk won a prize in the legal festival "Law and Society"?
4324	Who is still alive today, Franklin Adreon or Ryan Gosling?
4326	John Valliant’s work has appeared in which outdoor-focused magazine whose first issue was published in September 1977?
4328	What Taylor swift song released December 7, 2008 was written by the same writer as "You Belong to Me"?
4329	Who won more Grand Slam Titles, Liezel Huber or Billie Jean King?
4331	Which KaBoom! Entertainment Inc. film is based on a story by Rudyard Kipling?
4332	Do both Adventist World and Girls' Life have a headquarter or editor based in Maryland?
4333	Which award did the Tunisian-Dutch actor that starred in Collide win?
4334	Who has a wider scope of profession, Christopher Guest or  Roman Karmen?
4335	What was Mary Edna González sexuality?
4336	which has more acts Pagliacci or Suor Angelica?
4337	How did the singer of Pyramid rise to fame?
4338	Thomas Francis Murphy had a role in which 2008 comedy film?
4339	Operalia, The World Opera Competition helped launch the career of an operatic soprano of what nationality?
4341	Bank street is sandwiched between the headquarters of the Hongkong and Shanghai Banking Corporation and which other building?
4342	The player who laid motionless for ten minutes in the Todd Bertuzzi–Steve Moore incident was born in which year ?
4345	Lost Kingdom Adventure is a dark ride located at four Legoland theme parks, including which park, which is the original Legoland park, that was opened on June 7th, 1968?
4347	in 1992 Spengler Cup all matches were played at the home arena of what professional Swiss ice hockey club
4348	Thea Ruth White is best known for her voice over work as Muriel Bagge on  an American animated horror comedy television series created for who?
4350	Which magazine was founded first, Allure or Genre?
4354	Be Quick '28  football club is locayed in what province?
4356	Where is the American hip hop group, that released the song "RedEye to Paris", from?
4360	Who was the lead french actor who starred in the 1986 film that inspired a Stella Artois ad campaign?
4362	Gerd Neggo trained under the founder of which type of dance analysis?
4363	Who was born first, Liam Cunningham or Michael Fassbender?
4364	What monthly magazine, published by ASIS International, includes articles on topics of computer security?
4365	Whose writing covered more topics, Alan Dean Foster or Samuel R. Delany?
4367	VIVA Media AG changed it's name in 2004. What does their new acronym stand for?
4371	 WDAL is a country music radio station licensed to a city in what Georgia county?
4373	The publication of which magazine ended first, Right On! or Castle of Frankenstein?
4374	What philosophy related to creationism is Paul Nelson noted for?
4376	When did the University, of which The Dove Marine Laboratory is a part, gain University status ? ?
4378	Evil controllers was featured on Game informer who was published by which monthly video magazine corporation?
4379	Luisa Miller is an opera with three acts, whereas Don Quichotte is an opera with how many acts?
4380	Is Rick Husband Amarillo International Airport or Grand Forks International Airport closer to the town it is near?
4381	How many albums does the duo who sang "Yesterday Once More" have?
4382	What is a popular industry in the neighborhood of Willow Vale, New South Wales?
4383	Who, born February 20, 1983, played for The Monarchs and in the World Series?
4384	Frank Sindone helped plot the murder of a family mob boss, What was this boss's nickname ?
4385	The Church of St Peter in Pertenhall, Bedfordshire, England was added to this register on 13 July 1964.
4388	What occupations are shared by Maher Sabry and Til Schweiger?
4389	What service is an Amtrak flagship that includes BWI Rail Station as one of its Amtrak intercity services?
4390	Did Ed Sullivan ever work anywhere other than the New York Daily News?
4391	What is  Cyaxares relationship to the man that governed for 53 years?
4392	Which late 1980s and 1990s English super model was featured in the song nasty girl by The Notorious B.I.G.?
4394	what other school is located in the same suburb as the Ghana Police College?
4400	What episode did Mona Penelope Simpson  on the animated show "The Simpsons"die?
4401	Who starred in My Dog Skip and Malcolm in the Middle?
4402	What man, born in 1963, was instrumental in bringing the Boston Red Sox to the stadium City of Palms Park in Fort Myers, Florida?
4403	Which singer has been in more music bands, Michael Crafter or Martin Degville?
4405	 Are Finding Kraftland and Shikashika both frozen drinks?
4406	Both Mulled wine and Blue Lagoon are considered primarily alcoholic or non-alcoholic?
4407	Which band was formed first, Wire or Young the Giant?
4408	Is Muskegon County Airport or John Wayne Airport further west?
4409	George Tawengwa was the first black person to buy a farm located in a country now known as which country ?
4410	Which long-established US university is older: University of California, Berkeley or Syracuse University?
4411	What key role did the stadium's snowplow operated play in the game following the Dolphins win against the Minnesota Vikings?
4412	Who is the star of the 2003 comedy that has a single from Candycoatedwaterdrops on its soundtrack?
4413	Which goal scoring player in the 1992 FA Cup Final was Welsh?
4414	 Park Seo-joon is best known for his role in a series that premiered on what month and day?
4415	What actor from the show Murphy Brown also had a role in a show with fellow actor Steve Howey?
4416	What are the symptoms of the virus identified by Robert Purcell?
4417	Did Billy Corgan's band The Smashing Pumpkins or Greek Fire originate in a more southern location?
4419	In which state is Stewart Nozette imprisoned?
4420	What was the name of the lawyer who took the main role in the report that helped land Pete Rose a lifetime suspension from baseball?
4421	In which series did Jacky Ickx, the Belgian Ferrari driver, win more races - Formula One or the Le Mans 24 Hours?
4422	 "Coming Over" is the second Japanese single album by a boy group that debuted in what year?
4423	Are Richard Yardumian and Edward Khantzian both Harvard psychiatry professors?
4424	In which sport does both Virginia Ruzici and Andy Murray participate?
4427	Are Mike Bryan and Ray Ruffels both tennis players?
4428	What kind of beverage does Planter's Punch and Black Velvet have in common?
4430	Are Affenpinscher and Villanuco de Las Encartaciones both breeds of dog?
4431	Was the documentary labeled "The River"have the same reasoning to be made as the documentary labeled "Crazy English?"
4434	Who is the son of John Button under contract with as a driver?
4435	Who wrote Bring Me Sunshine and where did they write it?
4437	In what year was the football club for which Reuven Niemeijer plays founded?
4438	Are Toshi and Warrel Dane both in the band Sanctuary?
4439	What two countries headquarter the clothing company that the photographer "Facehunter" contributed to?
4440	When was the club formed, for which Adam  Johnson played as well as Middlesbrough and Watford ?
4442	Musical artist Diabolic and Vinnie Paz, who was featured on Diabolic's second studio album Fightin' Words, are both what type of musicians?
4443	Which song reached number 3 on the "Billboard" Hot 100 that featured guest vocals fron Allessia Cara And Khalid?
4445	For which football club, established in 1949, did Mitch Duggan have a loan spell prior to joining Tranmere Rovers?
4446	How much Argentina currency was involved in Boudougate?
4447	Which restaurant chain is based further south, Pizza Fusion or Imo's Pizza?
4448	Who created the series in which Liza Weil played Bonnie Winterbottom?
4449	Who starred in the 1991 American action comedy film The Hard Way and was featured on the roster of Rawkus Records?
4457	No issue, lelo tissue was started by which company that has the largest mobile network in Pakistan?
4458	In which Florida city is Skyplex being constructed, featuring Skyscraper, the tallest rollercoaster in the world?
4460	Mikael Åkerfeldt and Lee Ranaldo were this kind of instrumentalist in their respective bands.
4461	Den Tagayasu lived in the town that was bombed on which dates?
4462	Shannon Purser played the role of June Acosta in a 2017 horror film directed by who?
4463	What contest did Drew Barry's younger brother win in 1996?
4464	What was the 2010 population of the town where Black Crescent Mountain was located?
4467	In what city is the company that Fastjet Tanzania was originally founded as a part of prior to rebranding based?
4470	Where is the usual main ingredient of Hákarl normally found?
4472	What nationality was the Jaguar R2 driver, Eddie Irvine?
4479	Gemma Rovira Ortega translated into Spanish the 2007 and 2008 best selling book in Spain as well as which series by Patrick Rothfuss?
4480	What Deepdale area football club did Andy Pilling play for?
4481	Were the Commodore 16 and Prológica CP-400 from the same country?
4483	Han Chae-young was in the 2009 drama that aired on what network?
4484	Henry Josey played college football at "The Zou"- more commonly known as what?
4485	Which university offers more campuses in the Philippines, Fairleigh Dickinson University or the Western Institute of Technology?
4487	Who selected the quarterback in the 1999 NFL draft, two spots after All American Tim Couch?
4488	What was the nationality of the author of "The Sunlight on the Garden"?
4489	Which film has more writers, Splash or Christopher Robin?
4490	Which is a British-influenced film, Bedknobs and Broomsticks or The Journey of Natty Gann?
4491	Has Stefan Edberg won more events than  Édouard Roger-Vasselin?
4492	Riaz-Ur-Rehman Saghar wrote songs for the Pakistani singer who has performed at what US venue?
4493	The 2016 San Jose State Spartans football team were members of a NCAA conference that officially began operations in what year?
4494	One of Fingerprint File's key ingredients is the highly jazz/funk-oriented bass guitar played by a musician born in which year ?
4497	Which Canadian corporation, founded in March, 1994, is a major tenant of the Station Mall is Sault Ste. Marie?
4498	What African country is bordered by Libya and the Sudan and is known for the Dar Sila region?
4499	Which member of Odd Future also had a guest appearance on the album too Cozy?
4500	Which director, Chris O'Dea or Lucky McKee,  is a Master of Fine Arts graduate of the UCLA School of Theater, Film and Television?
4502	Which City in the Miami metropolitan area is home to the Primetime Race Group?
4503	Driven To Perform has a sponsor that includes the electronics store chain from what country?
4505	Where has Kerwin Swint's work appeared that draws 20.5 million unique visitors a month?
4506	What city does the company that owns Bumble and bumble have its headquarters in?
4507	Who was the ruler ousted by the 30th Prime Minister of Cambodia after Khmer Rouge's victory over the Lon Nol government?
4510	When was the conference the The 1998 West Virginia Mountaineers football team was part of  created?
4511	What Danish sports club based in Copenhagen  did striker Søren Lindsted start his career at?
4512	The show featuring a young boy named Gerald Bald Z premiered on what TV channel?
4513	Dance and Laugh Amongst the Rotten is a studio Album by a band from which country ?
4514	What is the river that Sangin is found in the valley of the primary watershed for?
4516	Which 2017 American 3D film was written by Cinco Paul and Ken Daurio?
4518	Joan Baez's hit recording from Quad Studios Nashville originally featured lead vocals from what member of The Band?
4519	What is the meaning of the name of the town where Jack Briggs was born?
4520	Which actress is "Beyond Rangoon" was also in "True Romance" and "Ed Wood?"
4521	Which band was formed at an earlier date, Unwritten Law or Jon Spencer Blues Explosion?
4522	Any Questions for Ben? was directed by which Australian producer and actor?
4523	Which movie is a documentary about "Beowulf & Grendel", between My Kid Could Paint That and Wrath of Gods?
4524	Are both Deerhunter and Nine Lashes American Christian rock bands?
4526	Which FC Barcelona signee was a contender for the Rookie of the Year Award when he played for the Timberwolves?
4528	From 2015 to 2016, Jill Marie Jones starred in a Starz horror-comedy series set in the "Evil Dead" universe created by who?
4529	Sam Mendes and Ruby Yang share what profession?
4530	what was the American computer-animated fantasy film which  Aron Warner produced based on
4532	Kim Dong-won's directorial debut film was a sequal to what 2001 film?
4533	what caused the death of over 250 people in Accra, Ghana?
4534	St Mary's School in Pune, India was run for over 100 years by what organization started by the Reverend William John Butler?
4535	What town did Sean Robert Francis play in as part of the most successful club in the Republic of Ireland?
4537	Which name adopted by African-American activist Allen Donaldson co-found Black Power movement of the 1960s and 1970s
4539	The most popular temple in terms of attractions is located in what part of the city?
4540	What was the English football club Tottenham Hotspur  that Leonard Francis played for commonly referred to as ?
4541	 "One Less Set of Footsteps" is a song written and performed by a singer born in which year ?
4542	Where is the basketball team that Mike DiNunno plays for based ?
4543	What was the 2016 population of the city on the Bay Fundy which had an office of the Bank of British North America?
4544	SkyJump Las Vegas is located at a hotel on what street?
4545	Jessica Jones is a television series created for Netflix, the second in the series of the shows that lead to "The Defenders" miniseries after what show released on Netflix earlier?
4546	Who did the actor that plays Sean Tully defeat in a dancing contest?
4548	What is the name of the second largest car rental company, that also has another low cost car rental company it oversees?
4549	Are Myles Kennedy and SafetySuit both associated with rock bands?
4550	What other country does the league that Taylor Eric Kemp played in represents the sport's highest level besides the United States?
4552	Of the retired tennis players Ross Case and Slobodan Živojinović, which player reached a higher career-high singles ranking?
4554	What party was the secretary of commerce and housing under the 42 Governor of Kansas?
4555	where is a  football club which Aly Mohamed play for from
4556	Kevin House Jr. played professionally for the team that is in what NFL conference?
4558	What 1944 Bollywood film was the mother of Bollywood actor Govinda in?
4559	Who is the television producer who created a 2011 American film based on a novel by Hunter S Thompson?
4562	Spawn, a fictional character who Mustafa Shakir has expressed interest in playing, was created by?
4563	In what european city is a location of the college from which the woman known as Comic Book Girl 19 received her degree?
4564	What was the size of the 1700 Cascadia earthquake predicted by Kenji Satake?
4565	Carlos Alberto Hurtado played on loan from a mexican team which plays where?
4566	The casino owner who was focused on the documentary Nobody Speak: Trials of the Free Press focuses belongs to which nationality?
4567	Which group did Masta Kill released Selling My Soul under?
4568	Are Harry Everett Smith and Vladimir Danilevich both from Russia?
4569	The royal anthem is changed from what to "long live our noble Duke"?
4570	What is the origin of the National Space Olympiad and Kalpana Chawla ?
4571	Who was born first, Marino Girolami or Daniel Myrick?
4572	When was the New Orleans Pelicans player featured on the NBA 2K16 cover first drafted?
4573	The 2014 All-Pac-12 Conference football team featured players from the team led by which second-year head coach, who led his team to the conference title?
4576	What documentary has more creators, The Devil Came on Horseback or My Best Fiend?
4577	In which year did this Russian actress  who produced and performed in the 1922 American silent drama film "A Doll's House" immigrate to the United States?
4578	Is The Moon-Spinners and Oceans both documentaries?
4579	The CNN-News18 Indian of the Year award was created by Sagarika Ghose and a news anchor born in what year?
4580	Which district includes the island in New York City's East River which Pete Grannis represented in the New York State Assembly?
4581	Where was the think tank founded by a neoconservative political analyst born in 1952 established?
4582	Which documentary was made first, The Shame of a City or Unchained Memories?
4583	when was the retired Jamaican sprinter which Richard Thompson is, 0.99 seconds slower than born ?
4584	Who did an actress from The Secret of NIMH play in A Patch of Blue?
4585	In addition to his role in The Fattest Man in Britain, Bobby Ball is best known for his half of the doublt act Cannon and Ball with which other comedian?
4587	How many members were in the South Korean boy group whose first official sub-unit is Bastarz?
4588	What stye of Martial arts did Royler Gracie tutor Maurcio Villardo?
4589	Who directed the 2014 American biographical survival drama film which Laura Elizabeth Dern was nominated for the Academy Award for Best Supporting Actress in
4590	What is part of an alternate title to a Three 6 Mafia song and is slang for a concoction which includes prescription-strength cough syrup also known as purple drank?
4591	What was the first film scored by the man who composed the soundtrack for Udhayam NH4?
4592	How many times have the team that won the 11th DFB-Pokal won the national championship ?
4593	What 2003 Christmas-themed romantic comedy did Gregor Fisher have a role in?
4594	Arrêtez-moi is a film in which film genre, known for suspense and anxiety?
4595	Alex da Kid worked on an a track with Eminem released in what year?
4596	How many books are in the text composed by the founder Nyaya school of Hindu philosophy and is used in the development of Indian logic?
4597	Beer Wars covers the differences between large corporate breweries, and small breweries, such as what brewery that is headquartered in Escondido, california?
4598	Do Lush and P.O.D. both consist of four band members?
4599	Who has worked for more film companies, Kelly Reichardt or Jacques Tourneur?
4600	"Call Me Mañana" is a song by a group that has sold how many records?
4601	 the movie "A Cure for Wellness" was a science fiction?
4602	Who is the manufacturer of the plane that shot down Jameel Sayhood?
4604	Which college football team for the University of Oregon did Enoka Lucas played for
4605	What position did the 2004 World Series of Poker gold bracelet holder have in the 2011 Epic Poker League?
4606	What year did a blacklisted screenwriter share an Academy Award with Michael Kanin?
4607	Which band has more members, Chvrches or Goodbye Mr. Mackenzie?
4617	What is the subsidiary of the record company who released "Love Incredible?"
4618	Which American spy thriller TV series, which was developed by Howard Gordon and Alex Gansa, had a fourth season episode titled "Krieg Nicht Lieb?"
4620	What band formed in 1995 and came out with an album called "Welcome Interstate Managers'?
4622	What was the capacity of the stadium that Colección Privada that was filmed on October 10, 2000?
4623	Figure 2 Ranch Airport supports launch operations of what aerospace manufacturer and space flight services company?
4624	Matthew Wright was selected with pick #33 in the AFL draft that took place during what date in 2009?
4625	Garth Richardson is the son of the producer who worked for which group that evolved from The Iveys?
4626	Who was the director behind the Cirque du Soleil show in Las Vegas that was first performed on December 25, 1993?
4627	What is the original name of the place where The 1st Minnesota Light Artillery Battery mustered?
4628	Which of the systems that uses the RedBoot is a double-deck, wide-body, four-engine jet airliner manufactured by European manufacturer Airbus?
4629	Who narrates the documentary television series that features the largest airline in the United Kingdom based on fleet size?
4631	Which singer is in the duo Sugarland, Jennifer Nettles or Roger Taylor?
4632	What industry does Edgar Selwyn and Chantal Akerman work in?
4636	Nuestra Belleza México 2010 was crowned by the winner of what other 2010 pageant, the winner of which was crowned on 23 August 2010?
4637	Beyond the Hoax: Science, Philosophy, and Culture, is by what professor of mathematics at University College London?
4638	Jay-Z released his 1996 Rolling Stone-rated "500 Greatest" album on which record labels?
4640	The coach of the Karachi Kings, Mickey Arthur, is of what decent?
4641	Which actress, who debuted in Friday Night Lights also starred in The River Why?
4642	What type of building does Jim Bartels and ʻIolani Palace have in common?
4643	What kind of music did Firework's artist make before getting into pop?
4644	What type of radio stations played songs by the group who released the album Holiday Harmony?
4645	What professional baseball player who played for the Brooklyn Robbins in 1928 and 1929, attended college in Denton, Texas?
4647	What are the publishing years of this American and New York based film magazine published by Hachette Filipacchi Media U.S., where April Bernard worked as senior editor?
4648	What is the gross leasable area of the shopping mall served by the Merrick Boulevard buses?
4649	Which beverage is ignited prior to consumption, Flaming beverage or Blue Hawaii
4650	What Actor whose birth name was Charles Dennis Buchinsky, was part of the Leslie Nielsen comedy?
4652	The Lucy Maud Montgomery novel about the character Anne Shirley was first translated into Japanese by what woman?
4653	What is this fictional scientifically and technologically advanced militaristic alien race, from which Sequoia descends, is called?
4654	AnnoZero had a collaborator who is a member of which ancient aristocratic house?
4655	What Friday night programming block included what collective series that includes "Whatever Happened to... Robot Jones?"?
4659	Thursday Night Showcase is sponsored by the firm that is headquartered in what city?
4660	What two occupations did Scott Weiland and Richard Hawley have in common?
4663	Which Republican Chairman was born June 1, 1956?
4666	The 1991–92 NBA season included an Achilles tendon injury to which nine-time NBA All-Star?
4668	Tom Araya and Marcus Mumford were both what?
4669	Grammy winner for song of the year, also put out a 1971 album by the Carpenters, but what song did he win an Academy Award for Best Original Songs?
4670	 New Hampshire Northcoast Corporation interchanges cars with which holding company of Class II regional railroads?
4672	Who is older Charles R. Black Jr. or Paul Manafort?
4673	What university did the winner of the 2014 CFL's Most Outstanding Defensive Player Award attend?
4674	What single was released by a American country singer, songwriter and multi-instrumentalist on MCA Nashville in 2000?
4677	What Minnesota county is the University of Minnesota in?
4681	What Electoral Division in Victoria contained a suburb of Melbourne with a population of 25,147 at the 2016 Census?
4682	When did the car depicted on the cover of Pentastar: In the Style of Demons cease production?
4684	Could you read both Bicycling and National Review
4685	Honeymoon Academy starred Robert hays, which award did his co-star win?
4686	The comedian who starred in "Gone Are the Dayes" made his big break in which show?
4687	Which star of A Family Affair was born in September of 1948?
4689	Which British engineering company is best known for its luxury motor cars in the era of British history that covers the brief reign of King Edward VII?
4690	Sadok Sassi played for a national team that made its first World Cup in what year?
4692	Stephen Smith appears on ESPN First Take alongside which HBO boxing commentator?
4694	Raúl Arellano played for Mexico in which football tournament in 1954?
4698	What is the English translation of the tier four league that TSV Schilksee was promoted to in 2014, following a league championship in the Schleswig-Holstein-Liga?
4700	The Midland Regional Hospital in managed by what cabinet that exercises executive authority in the Republic of Ireland?
4702	With whom was a notable partner of Elena Krykanova a two-time Olympic champion with?
4704	Grigori 3's music is commonly compared to an American rock band founded in what year?
4705	Of these two publication--Báiki and Sick--what type of publication is the one that was published most frequently?
4706	What show does the host of The 2011 Teen Choice Awards ceremony currently star on?
4707	Kung Fu Magoo is a Mexican-American animated action comedy film with an English voice cast star best known for her roll as what in "Naruto"?
4709	Which band did this American businessman, music publisher, writers' representative, filmmaker and record label executive manage while simultaneously managing this group of the album "More Hot Rocks?"
4712	Which football club appeared in the 2015 FA Community Shield Cup, as well as, the 2014–15 Premier League championship?
4713	What is the name of the role that Cleo Demetriou played in the series So Awkward ?
4714	Live Acoustic America features a cover of a Beatles song that peaked at what number in the United Kingdom?
4715	Nikhil Nanda is the son of the insurance advisor in what business?
4717	The languages Hussein Ali Mahfouz studied are spoken by how many people?
4718	Co-Dependents' Day is an episode of a tv show season which began when?
4720	What are the anchor stores for the shopping mall constructed by C.J. Segerstrom & Sons in California?
4722	This aircraft carrier served as a recovery ship for this flight which circled the earth how many times?
4723	What is the name of this American entrepreneur-businessman and author from Michigan, who incumbent Governor Jennifer Granholm was elected over in the 2005 Michigan gubernatorial election?
4724	What American actress stars in Tainted?
4725	What was the third studio album released by Richard Melville Hall?
4726	The Oera Linda Book is a manuscript written in a language spoken between what centuries?
4730	Where are the main administrative offices of the institute located where K. S. Babu earned his PhD in 1986?
4731	What year did the director of "Madadayo" die?
4736	Dianne Hiles is the current Australian Greens candidate for which 1968 federal proclamation?
4739	Vices and Virtues, coincidentally released just four days after "Vices & Virtues" by Las Vegas band Panic! at the Disco, was the second studio album by which Canadian rock band?
4742	Which American artist, who also illustrated works by Bill Nye and George W. Peck, illustrated an 1876 novel by Mark Twain about a young boy growing up along the Mississippi River?
4744	Both Bo Diddley and The Yardbirds played which common genre of music during their careers?
4745	The southernmost administrative region of Denmark is well-known for creating what products?
4748	What type of place does Regency Road, Adelaide and Klemzig, South Australia have in common?
4749	Reggaetón Lento is a song by the boy band formed on which date?
4750	What team is coached by former head college coach Connie Yori?
4753	The Last Run is a drama film that stars which Lithuanian-American actor?
4754	What was the manager for the 1891 Cincinnati Kelly's Killers also commonly known as?
4756	Which episode of SpongeBob SquarePants aired first, The Clash of Triton or To SquarePants or Not to SquarePants?"
4757	The Indigenous Team of the Century's coach played over how many games at senior level?
4758	What team competed in six competitions in their 116th season, and four in their 117th?
4759	Is 4 World Trade Center or Trump Palace Condominiums higher?
4760	Were either Hou Hsiao-hsien or Kenny Ortega winners of an Academy Award?
4762	 A business such as Eatza Pizza or Pizza Fusion, which have more then 10 locations are considered to be what?
4763	What season of Gilmore Girls featured an actress as a maid of honor who had also played the role of Winnie Foster?
4764	When was the father of the professional ice hockey player with the middle name "Fosgaard" born?
4766	Who replaced the manager of the Aston Villa that began at Leeds United?
4769	Jamal Igle was known for illustrative work on which DC Comics publication?
4772	When was the  Australian competition NSWRL formed in which H Kaufman was a rugby league player?
4773	what year was the cover artist of Multiverse: Exploring Poul Anderson's Worlds born ?
4776	On what part of U.S Route 56 can you listen to the KCTV?
4779	In what county was Duffy Jackson born?
4780	Carrie Coon plays Margo Dunne in a 2014 film set in what state?
4781	What company produced both The Little Mermaid and The Strongest Man in the World?
4782	Who played Dominic Toretto in all eight films, starting in 2001, from Universal's biggest film franchise ever?
4783	Alhambra and Tsuro are both examples of what type of game?
4784	What defines Downers Grove as a thriller?
4786	Which Independent Spirit Award was an actress, who was in a film directed by Neil LaBute, nominated for?
4788	Which tennis player is older, Emilio Sánchez or Andrei Olhovskiy?
4790	Who was the final champion of the Thailand Masters that was from Hong Kong?
4793	Bangalore Naatkal starred which actor and photographer?
4795	In what year did the Tornoto International Film Fesitval premiere a movie produced by BBC Films?
4796	Which of the starting pitchers for Team USA in the Baseball at the 2000 Summer Olympics was not born August 29, 1977?
4797	Which magazine had more previous names, Watercolor Artist or The General?
4798	Who directed the 2015 South Korean drama film starring Hwang Jung-min?
4799	The type of language spoken in Cadore is of which family?
4800	Renzo Gracie has a victory over the UFC champion who was one of the pioneers of what sports organization?
4801	What North Carolina native did Danja produce songs for?
4803	What NFL Team, undefeated in 1972, had on their staff the coach of the 2004 Florida Atlantic Owls football team?
4804	Both the 2010–11 UEFA Champions League knockout phase  and 011 UEFA Champions League Final were held at what London stadium?
4806	Is The Devils of Loudun and Maskarade both operas?
4807	Which "The Chronicles of Narnia" character is prominently featured in "The Lion, the Witch and the Wardrobe" and is a close friend with Lucy Pevensie whom she meets in the Lantern Waste.
4810	I Can See Your Voice, a reality show from South Korea, offers what kind of performers a chance to make their dreams of stardom a reality?
4812	Whistle and Yodel both specialize in what service?
4813	What year did Fifty Shades of Grey release?
4814	One of the actors in the film Dhruva Natchathiram was awarded an Honorary Doctorate by the People's University of Milan in what year?
4815	Were Robert Holdstock and H. L. Mencken both known for being satirists?
4817	Which actress does this Netflix's project by Nick Bernardone and Tina Fey star in the title role?
4818	Ann Killion co-authored a memoir with the American soccer goalkeeper who won how many Olympic golds?
4820	What is the name of  rocker, who was awarded "Rock Goddess of the Year" in the Annual Loudwide Music Awards, who sang with high pitched screams in her band's albums?
4821	Who has a dedication on the score of the one-act opera buffa, Mavra, and whose music made a lasting international impression as a Russian composer?
4822	What was the occupation of the man who played a leading role in developing a man-portable recoilless anti-tank rocket launcher weapon?
4824	Who won more academy awards,  Joseph L. Mankiewicz or Tony Kaye?
4825	What country is the member of Gujarat Legislative Assembly and parliament representing?
4826	Which band had more members, Semisonic or Cake?
4830	Were Chad Gray and Dickie Peterson both singers?
4831	Who designed the theater where the London Philharmonic Orchestra plays?
4832	What guitarist played with both Device and the American industrial rock group whose debut album was named "Short Bus"?
4833	Thomas Tull produced the comedy movie The Hangover, which was based in which city?
4834	What role did Ben Keaton play in the british film East is East written by Ayub Khan-Din?
4836	Alternative facts is a phrase use by this U.S. Counselor to the President born in what year?
4840	Which has a greater area, Liuzhou or Muling?
4841	Blank Check and Air Bud are both examples of what type of movie?
4842	What is the name of the former MGM Grand Garden Special Events Center where the Mayweather-Ortiz fight took place?
4844	Jared Has Aides was about the spokesperson for which company?
4845	The debut album came out in 1988 but what year did the song "She's My Baby" come out in?
4846	El Chavo is a video game published by Slang Publishing, that was based on what Mexican animated series that was based on another TV series created by Roberto Gomez Bolanos?
4847	In what year were the European Athletics Junior Championships held in the capital of Slovenia?
4850	What year did the actor, who appeared in "One Life to Live" and "General Hospital" in 2012, earn a Daytime Emmy Award?
4851	What is the nationality of this company that services MS Moby Dada?
4852	When was the American economist to which Joseph A. Loftus worked as a communications assistant born?
4853	What are the names of the brothers of the special effects supervisor, known for his work on the films based on the Marvel Comics superhero team?
4854	Charles Scribner's Sons publishes the books of what author whose books cover subjects such as the Cold War, mathematics, politics, and economics, and global terrorism?
4855	Which two Swiss attractions were the cause of the "grand hotels" in which Jakob Ragaz worked on?
4856	When was the eighth season renewed for the series starring Al Harrington?
4859	What where Mark Chamberlain and Alex Oxlade-Chamberlain being?
4860	Lenroy Thomas is the current commonwealth heavyweight champion after beating a British , professional boxer who has a record of 12 wins, 3 defeats, and how many draws?
4861	Who was the head promotor of the singer of "For The Good Times"?
4862	The design team for role playing game Black Crusade featured the work of this designer who was the lead developer for what game?
4864	Are Jon Krakauer and M. P. Shiel both writers?
4868	Is Xingcheng or Ulan Hot located in the Inner Mongolia region of China?
4869	The television director and producer that won a Daytime Emmy Award for work on American television special that airs on Christmas Day on ABC won and Emmy Award for what?
4870	Los Angeles Historic-Cultural Monument (No. 139) hosted an event by what organization on Oct 12, 1991?
4876	Do the documentaries Hot Girls Wanted and The Truth According to Wikipedia have the same director?
4880	The Experts stars what actor known for "Saturday Night Fever" and "Grease"?
4881	Penny Rae Bridges starred in a television sitcom with what other actor?
4882	Jimmy D'Arcy played in Northern Ireland for the team based in what county?
4883	Were The Living Desert and What Would Jesus Buy? directed by the same person?
4886	Who was born first Margaret Pellegrini or Jerry Maren?
4887	Does Jimmy Barnes have more hits, both solo and in a group, than Yang Seung-ho has with his group?
4888	What running back ended his career in 2006 and was one of the rushers Matt O'Dwyer blocked for?
4889	What nationality is Amed Rosario, the shortstop for the New York Mets?
4890	Have Tionne Watkins and Park So-yeon both been members of a girl group?
4891	Which publisher produced the comic books featuring both Spider-Man and the Daredevils?
4892	 Rocket Rods was a high-speed thrill attraction opened in 1998 on the existing infrastructure of a transport attraction that operated until when?
4895	Are After Midnight Project and Aaroh both rock bands?
4897	The Feminine Touch is a drama film starring which English actress?
4898	The College of Arts and Sciences of Ohio University is located on the university's central quadrangle lawn, which sits aligned to the cardinal directions, with what building facing true north?
4899	Who made a hip-hop album with guest appearances from Justice, Lotek and Necro and also wrote semi-autobiographical crime books?
4900	Spider9 was founded in 2011 by the head of which subsidiary of Wanxiang Group?
4901	Kathleen Matthews holds what political position in the Maryland Democratic Party?
4905	Which game was published first, Near and Far or King of Tokyo?
4906	What university did Bill Daly graduate that Gary Bettman also graduated from?
4907	Who has been a member of more music bands, Ian MacKaye or Brody Dalle?
4908	When did British politician Damian Green state that said that e-Borders would be collecting information an all passengers on 100% of non-EEA flights to the UK?
4910	Which is published in France, Avantages or InStyle?
4911	Who was born first, Little Feat's Lowell George, or Ian Hunter from Mott the Hoople?
4912	Nochnye Snaipery was founded by Svetlana Surganova and a female who is an Honored Artist of where?
4913	Which 8-year old star of an epistolary novel turned musical by Alice Walker also voiced Frankie Greene in a Disney series?
4917	What political party is the current Attorney General of Missouri associated with?
4919	Dawn Lake described the star of "I Love Lucy" as what?
4920	Which will be higher Time Warner Center or One Manhattan Square ?
4921	Singer Eddie Fisher, who produced the album "I'm in the Mood for Love" in 1952, later had a scandalous affair with what actress?
4922	What game where a play must act as a night security guard was a new intellectual property released in 2014?
4924	Dane William DeHaan starred in a movie directed by Anton Corbijn along side which actor?
4925	Name an American actress who starred both in High School High and General Hospital.
4932	What is the National Grape Cooperative Association classified as?
4933	Which  American politician and lawyer contested in San Francisco mayoral election, 2003
4938	In between Thomas Anders and Micky Dolenz, who was the a vocalist of the Monkees?
4941	Are Pago Pago International Airport and Hoonah Airport both on American territory?
4942	Which pizza chain has locations in more cities, Round Table Pizza or Marion's Piazza?
4943	What stagecoach robber did Frederick John Fulton prosecute?
4944	What part did Dan Lewis play for Arsenal Football Club?
4946	Which pirate-themed Las Vegas resort is one of many developed by Steve Wynn?
4948	In what year was the singer whose second remix album was "Hannah Montana Hits Remixed" born?
4950	What is the largest non-capital city in Queensland, Australia that includes a suburb named after Helena White?
4951	What is the nickname of the county in Northern Ireland where the Tandragee killings took place?
4952	Ellesmere Port Town Football Club are currently members of what English football league whose current principal sponsor is Carlsberg?
4953	Is the Metropolitan Tower or 750 7th Avenue Skyscaper taller?
4954	 Among Kele Okereke and Jon Hume who made the New Zealand band Evermore?
4955	What type of sprite did Milada Šubrtová portray in Antonín Dvořák's reknowned opera?
4956	Dionne Bunsha worked most recently for the magazine published by what company?
4957	The Carlsberg Group brews a Belgian beer originally made by monks of what order?
4958	What is the middle name of the former Stanford Cardinals player who caught 57 passes for 1010 yards and 14 TDs?
4961	Which CEO of FedEx becked  Value America
4963	What other female rappers appeared Brittany Nicole Carpentero in the official remix to My Chick Bad?
4964	What does the business Manny Cussins was chairman of make?
4965	The Nun is based on what film series based on the real life cases of Ed and Lorraine Warren?
4967	Are Xinxiang and Qionglai City both county-level cities?
4968	What is older, Downfall or Dark Tower?
4969	What American broadcasting company broadcasted the comedy show hosted by Emma Willmann?
4971	Let Mother Earth Speak's Native American activist was born where?
4973	About Time is a  British romantic comedy-drama film that stars an Irish actor and writer who recieved a Bachelor of Arts from where?
4974	which  Australian politician represented  Electoral district of Goulburn
4976	The View from the Bottom is the fifth studio album by an American rock band best known for what hit song?
4977	Which American swimmer, coached by Ray Looze, won a bronze medal in the men's 100 meter breaststroke at the 2016 Summer Olympics?
4980	Igor Naming Agency named a resort located where?
4981	What separates the islands where the 2015 Africa Magic Viewers Choice Awards were held?
4982	Which film was released first, The Watercolor or Pokémon: Arceus and the Jewel of Life?
4983	What role did Kim Dong-wook play in the 2012 South Korean historical film directed by Kim Dae-seung?
4987	When was the album released for which Lady Gaga used for material for her Super Bowl LI halftime show?
4988	Who composed the theme music in 1989 of an animated television series which has the current arrangement by a person who  has scored or orchestrated music for more than 30 films and television shows?
4994	Which genus has more species, Quesnelia or Honeysuckle?
4997	Which American professional poker player also starred in the 2015 movie "Extraction"?
4998	When was the city George Consider Hale was born in founded?
5000	Who was the secretary to the Winter Queen?
5002	Rex Salas is an American record producer who worked with an American singer and actress who has been described as embodying female autonomy in a male-dominated industry, and is sometimes referred to as what?
5003	Roy Shepherd was considered a faculty member of what combination of colleges/universities?
5006	What distinguishes the footwear brand referenced in the album Pork Soda?
5010	Luis Gianneo was teacher of which chief exponent of Argentine folk music?
5011	Who was one of the star in the South Korean horror romantic comedy film of Hwang In-ho?
5012	What kind of group does Pinhead Gunpowder and Billie Joe Armstrong have in common?
5013	What kind of group does Josey Scott and Kurt Cobain have in common?
5015	The creator of "Wallace and Gromit" also created what animation comedy that matched animated zoo animals with a soundtrack of people talking about their homes?
5016	What year did the Jang Hoon directed film, starring Song Kang-ho in the title role and selected as the South Korean entry for the Best Foreign Language Film at the 90th Academy Awards, debut?
5017	Did Zaza Pachulia win an NBA Championship with the Atlanta Hawks?
5018	Camp Modin moved to the Belgrade Lakes region of Maine from its previous location in what Maine county?
5019	Which male singer performed together with a female American singer, who was born in 1954 and whose third studio album was named Through His Eyes, have a hit duet with in 1985?
5020	Radio On: A Listener's Diary is the first book by an author that voiced what character in the film "The Incredibles"?
5021	What is the British acceptation of the type of sedan the Maruti Suzuki Dzire is?
5025	Which magazine comes out more often, Out or Soap Opera Digest?
5026	What other teams played in the same division that Chad Clements played in?
5028	What has Henry Winkler worked as that Norman Foster has not?
5029	Triangle Brewing Company was started by a founder who had experience as what non-commercial alcohol producer?
5030	What netflix series, produced by Joe Swanberg, had an actress  best known for her role as Vanessa on "Atlanta"?
5031	are Pete Mangurian and Kirk Kerkorian both Americans ?
5036	One of Central Dublin's most historic working-class neighbourhoods is the home to a football club who were the first ever winners of what cup?
5041	Den Dover was born in a suburb with what total resident population?
5042	Snoop Dogg's Doggystyle and Snoop Dogg's Hustlaz: Diary of a Pimp are hip-hop music videos that feature what film genre?
5043	The actress who portrayed C. C. Babcock on "The Nanny" played alongside which actor who portrayed Punk #1 in "Interface"?
5044	Panic! at the Disco released their 5th studio album on what date?
5045	How many films did the star of Tum Milo Toh Sahi appear in?
5046	How old was William DuVall when Black Gives Way to Blue was certified gold by the RIAA?
5047	Is The Joy Formidable or Sixpence None the Richer a christian rock band?
5048	What Guiness World Record is held by the actor who stars as "Jack" in a series created by Jim O'Doherty?.
5049	What is the title of 1988 American historical drama film based upon Christopher Hampton's work, which Stephen Frears and John Malkovich were involved?
5050	What honor has been received by both a former NASA Astronaut and the Founder of FlightSafety International?
5051	Perfect Imperfection is a 2016 Chinese romantic drama film starring a south Korean actor best known for his roles in what 2016 television drama?
5053	What kind of result does 2013 Ghana Movie Awards and A Northern Affair have in common?
5054	Which of the following magazines covers cultural events in Greater Boston: The Arts Fuse or Visionaire?
5055	Which American actor tries to make his long distance relationship with Priya work in "The Infestation Hypothesis"
5056	IN what year were both Franz Ferdinand and Sunrise Avenue formed?
5058	Tom Thumb Food & Pharmacy is part of the southern division of a grocery company based in what city?
5059	Which teams did Jimmy Butler play and what role did he play on these teams?
5060	What is the birthplace of YouTube's 2016 overview featured creator Wengie?
5063	Whose given first name is longer, Theo Angelopoulos and Budd Boetticher (nicknames)?
5066	SWX Right Now airs on the station that broadcasts on what channel in Billings, Montana?
5067	What multinational networking and telecommunications equipment and services company used to occupy the space in Umea, Sweden that is now occupied by Minerva Gymnasium?
5068	The lead vocalist of the group "Tenacious D" plays a supporting role along with Dennis Leary and Will Patton in a film that received what award at the 1999 Venice Film Festival?
5069	When did the coach of the 1963 Oklahoma Sooners football team die ?
5070	Which Canadian heavy metal band is Safe  the second EP by
5071	What child starred in a Chicago production of Alice Walker's 1982 novel?
5072	Was Steve Sekely and Willian King Baggot known by multiple names or nicknames?
5077	What year was the alphabetically first writer of Fairytale of New York born?
5079	Muslim Mahammad oglu Magomayev is the grandfther of what Soviet Azerbaijani singer who was dubbed the King of Songs?
5080	Which cocktail's name describes how the drink looks, Blue Hawaii or Baby Guinness?
5081	Which University of Virginia alumnus also served under the 30th Governor of Kentucky?
5084	Are both  Bright Eyes and Disturbed rock bands from America?
5091	Philip Kraft lectured at the largest university in what European country?
5101	How long did the career span of the actor who starred with Mickey Rooney and Marilyn Maxwell in Off Limits?
5104	What was Alexander Glazunov doing when he started composing Symphony No. 9 in D minor?
5106	A song sung by Palak Muchhal was picturized by what Indian film actress?
5110	What novel imagines the true story of a character based on a novel by Mark Twain first published in 1884?
5111	What actor, who passed away in 1942 was also the producer of the stage version of the 1940 spy film which stars Boris Karloff and Margaret Lindsay?
5112	Were both Pam Shriver and Amélie Mauresmo alive in the 1960s?
5113	What boy band formed in Orlando, Florida in 1993 performed at the 2001 Kids Choice Awards?
5115	How does George Abbott's career connect to the drama film Heat Lightning?
5117	What number largest commercial airline in the United States is Hana Hou! published for?
5118	Did Qionghai or Suining  have a population of 658,798 in 2002?
5119	Who has a wider scope of profession, Pete Dexter or Elie Wiesel?
5120	Are both, Boise State University and Syracuse University, public colleges?
5121	Swingin' Down Yonder is the first full-length, 12-inch album recorded by a singer known by what nickname?
5123	Ferdinand Zvonimir von Habsburg is the eldest son of the head of which House
5124	Which star of Zork was also the voice of Pac-Man?
5125	Which actress played a character that dated Mark Brendanawicz?
5126	Was Artie Ziff a good prom date for Marge?
5127	Was the 2007 documentary 'Zoo' more successful than the 1998 documentary 'Divine Trash'?
5128	what city will host the event in which marie gisele eleme asse won twoo medals in 2017
5129	Which port city lies approximately 25 km north of the Lingnan Fine Arts Museum?
5131	What was the job title of the wife of the director of the film "Aaina?"
5133	RL-83 Blindicide was an improved derivative of a wea[on launcher widely fielded by which army ?
5134	At which rank did the American author, military historian, illustrator and painter, born in 1913, who survived the surprise military strike by the Imperial Japanese Navy Air Service against the United States finally retire?
5135	Who were the stars of the 2008 South Korean movie that was later remade as Hindi movie entitled "Murder 2" in 2011?
5136	Which "Blackzilians" fighter is currently competing in the Middleweight division of Ultimate Fighting Championship?
5139	Ara Berberian sand for which role an opera by Giuseppe Verdi?
5140	Milo Parker starred in which 2014 movie alongside Gillian Anderson?
5141	Who was a higher ranked tennis player: Paola Suárez or Michael Venus?
5142	What month was the album released whose lead single was "Domino Dancing"?
5143	Where will the student which pass the exam  for which Le Rêve de Rico has to pass progress to?
5144	TACA Airlines, is an airline owned by a conglomerate owned by who ?
5146	Taylor McNamara played college football at USC a football program that is currently a member of what Conference
5147	How many times was the writer, who invited Hu Lanqi to meet him in Moscow, a nominee for the Nobel Prize in Literature ?
5151	In what year was the scientific journal for which Danilo Erricolo is currently Editor-in-Chief established?
5152	What country can the scopula nucleata be found in?
5154	Which internationl football team has had a player endorse the "Nike Hypervenom" football boot?
5155	Who directed a 2006 film where Ron Perkins character plays the manager of a hotel?
5156	What is the name of the county that Cari Roccaro is from?
5158	What is common between Matt Vasgersian and Michael Casey?
5160	Which Company published a magazine that was a hybrid video game/film, Red Herring or GameFan?
5161	Where were the Olympics held when the 1993 World Champion figure skater's home country won it's second Winter Games gold medal?
5163	Christmas in the Sun was performed mainly by the entertainer of what nationality?
5164	"I Do" the song by Filipino singer Nina and described to be Mariah Carey-like was on which album?
5165	Which university did one of the key figures in the American documentary film, released in 2015, directed by Malcolm Ingram, pay for, before being drafted 18th overall pick for the New Jersey Nets?
5167	Is Chicago Rockford International Airport or McClellan–Palomar Airport closer to their nearest cities?
5169	Ciril Cvetko is the brother of a scholar who participates in what analysis of music?
5171	Which magazine is published more in a year, Essence or Alt for Damerne?
5172	In what language was the 2007 Indian romantic drama staring Kareena Kapoor and Shahid Kapoor produced in?
5174	Louis, Count of Armagnac has a descendant that includes which final king of Italy?
5175	An actress in Strange Fruit was better known for a role in CBS sitcom.  Which sitcom is this actress better known for than her role in Strange Fruit?
5176	The Huskies football team were invited to the Alamo Bowl where they were defeated by a team coached by Art Briles and who played their home games at what statium?
5177	Philip Despencer's brother was a favorite of which king who was deposed in January of 1327?
5181	Nicole Gordon won a silver medal with Sara Petersen int he women's doubles at a competition held in what city?
5183	How many disciplines are combined in the degree that Hector Janse van Rensburg graduated from the University of York with?
5184	How many member universities are there in this conference of which the Connecticut Huskies baseball team is a competing member?
5185	When the two Coldplay songs U.F.O and Princess of China were written, what factor did they have in common?
5187	Who wrote the music for Billy Elliot the Musical and had at least one song on the "Billboard" Hot 100 for 31 consecutive years?
5188	What was the profession of Cate Shortland and Sidney Franklin?
5189	What was the other single from Eric Stewart and Graham Gouldman's band's 1975 album, besides "I'm Not in Love"?
5195	A Troll in Central Park and All Dogs Go to Heaven were both directed by which person?
5197	Have filmmakers Brent Hodge and Ayoub Qanir both received awards for their work?
5198	The Mutlu Onaral album "Livin' It" was produced by the bassist for what duo?
5199	Nominated in ten categories at the 38th Annual César Awards ceremony was a film whose narrative focuses on what two people?
5200	During what race leading up to the 1994 Monaco Grand Prix was Roland Ratzenberger killed?
5201	Where is the casino that Summer Nights takes place in?
5203	Tommy Swerdlow co-wrote the screenplay of what film directed by Jon Turteltaub?
5204	Are Wilco Melissant and Todd Field both involved in the film industry (e.g. director, filmmaker, actor)?
5206	Where does the state legislature in which John Coffin Talbot served convene?
5208	The Van cat's eyes have what feline form of complete heterochromia, a condition that occurs in some other animals?
5210	The Un-Americans contained which wrestler who also went by what TNA Wrestling name?
5211	Who would you be more worried about playing a chess game against, Marcel Duchamp or Jiang Wen
5212	What occupations do both Ian Hunter and Rob Thomas have?
5213	Which American comedian starred in the original cast of Saturday Night Live and played Stan Winters in the sitcom Martin?
5214	 Before I Go to Sleep stars an Australian actress, producer and occasional what?
5215	How many exhibition games has the basketball team with which Louis Dunbar played, played?
5217	What is the main difference between Aloinopsis and Washingtonia?
5218	Where is the 1999 British comedy-drama film starring Jimi Mistry set?
5219	The man tried for the murder of Anthony "White Tony" Johnson is suspected of how many unsolved murders along with his younger brother?
5220	Seth MacFarlane was the creator of the two animated short films that were created while studying at what college?
5221	Who was born first,  Morgan Llywelyn or Robert Jordan?
5222	What is the real name of the clock one can see on a clear day from Denmark Hill?
5223	What American gangster, businessman, casino owner and philanthropist was the inspiration for Morris "Moe" Greene in "The Godfather"?
5225	What college in the Blue Ridge Assembly Historic District  emphasized the study of art?
5226	Who is one other client that is represented by the same person that also represents a barrister at Doughty Street Chambers?
5227	Are both bands, Digital Summer and Underoath, from the same US state ?
5228	2006 KNVB Cup Final had two goals scored by a player of what nationality?
5229	Wind was directed by which American actress born on March 26, 1960?
5230	The 2013 Oregon Ducks football team was led by which former American football coach who is currently a college football analyst for Fox Sports?
5231	Which state was the The Laboratory's 60,000 square-foot, shore-based campus located?
5233	What is the name of the pop artist that belongs on the Pledis Entertainment label and has 13 members?
5235	Are both American bands The Four Seasons and Local H popular around the Beatles were around?
5241	Annette Crosbie was nominated for the BAFTA Award for Best Actress in a Supporting Role for a 1976 film that is a retelling of what classic fairy tale?
5242	Who was born first, Javier Frana or Sherwood Stewart?
5244	What is the name of this South Asian island country, located in the Indian Ocean for which Ahmed Abdulla is a professional footballer?
5245	What is the name the French give to the war during which the Prussians occupied the Pavillon du Butard?
5246	The remaining two seasons of Kenan & Kel were filmed at which stage facility located at 6230 Sunset Boulevard in Hollywood, California?
5247	HK Express is one of how many founding members of the world's first alliance of low cost carriers?
5248	What are a Uruguayan professional footballer and Luz Pfannenstiel are best known as?
5250	Mariana Kovacevic used horse placenta treatment to heal the captian of what team?
5251	What year was the voice actress of an animated television series premiered on Cartoon Network born?
5252	What was the breakthrough role for the English Actor starring in Feed the Beast
5254	How many times has the driver who placed third in the 2003 Italian Grand Prix won at the Grand Prix?
5256	 Jordan's Furniture is a furniture retailer with a location in an enclosed shopping mall on the north side of Interstate 295 near what?
5259	What year was the singer of "Orange" born?
5262	The man Tony Bennet called "The Father of Rock and Roll" once toured with what singer who once auditioned for "Junior Junction", and landed a recording contract in her teens?
5265	Seven years before the opening of the Brewer Fieldhouse in Columbia, Missouri, where was Chester Brewer working as head football coach and head basketball coach?
5269	What sport do Straight Blast Gym - Ireland and John Kavanagh have in common?
5270	Which band, A Silent Film or The Frames, has more members?
5272	What offence were opening batsman Khalid Latif and 5 other cricketers suspended for, in February 2017?
5273	Are Euptelea and Muehlenbeckia both genuses?
5275	What year was George Harrison's top UK charted song voted the nations 11th favorite 1980s number?
5278	The Florida Atlantic Owls team represents a school classified by the Carnegie Foundation as what?
5280	What city was the band who "Evie" formed in?
5281	Which film director is younger, Manoel de Oliveira or Alfonso Cuarón?
5282	The rock band Sugar Ray began as a funk metal band, while the band Das Damen was considered what?
5283	Stronger Together was used for the campaign comprised of the Vice Presidential candidate who was a Senator from what state?
5285	What age did a wrestler began his training at who began his friendship with Trevor Mann in Brookport, Illinois CPW?
5286	Horace Brindley played for what professional association football club that is based in the seaside town of Blackpool, Lancashire, England?
5288	Is the U.S. Bank Stadium home to the Minnesota Vikings, open air or fixed-roof?
5290	Who starred as a divorced mother in an American sitcom produced by Danny Bonaduce's father?
5292	Alex Yemenidjian is the CEO of the company that owns what Las Vegas Strip hotel?
5294	For what reason did Gustavo Rodolfo Mendoza Hernandex resign to the first Jesuit pope?
5295	What intrusment did Jem Finer play in the band The Pogues?
5296	 Heaven starred what Australian actress who portrayed Katharine Hepburn in the 2004 film "The Aviator?"
5298	Who was the famous aviator that died in California while testing a jet aircraft?
5299	During the Miss USA 2015, Olivia Jordan of Oklahoma was crowned by which American television host, model, taekwondo coach, and beauty queen who won Miss USA 2014?
5300	In which event did Tyson Gay and Rodney Martin both represent the United States at the 2008 Beijing Olympics?
5303	Who was a grandson of Aurelia Plath and was a fisheries biologist?
5304	What college did the English conductor, organist and composer widely regarded as Britain's leading conductor of choral works teach at?
5305	Which 1994 British romantic comedy featured the song "Love Is All Around"?
5306	The Good Design movement is associated with what Danish furniture designer whose style is often described as Organic Functionality?
5310	How many times has the national team Joseph Raich Garriga played for in 1941 participated in FIFA World Cups?
5314	How old was Virginia Bruce when she starred in Let Freedom Ring?
5316	Jessica Lee, former MP for Erewash, served as Parliamentary Private Secretary to the experienced representative for Beaconsfield, when he held which office?
5317	Who directed both Last Days and Point Break?
5318	What town, with a population of 4,688 in 2010, is the KHNK radio station located in?
5319	Is Mary Pierce or Gustavo Kuerten the older tennis player?
5322	Who was Germany's large-scale, low strength fortification unit, disbanded in 1919, named after?
5323	How far from Sacramento is the flight school in Atwater?
5324	What is the name of the company which acquired, in 2008, the world's largest beer producer that broke a distribution aggreement with Shangy's?
5325	Which host of Sunday Night Safran has the hebrew first name Yehoshua?
5328	How many constituents does Greg Gianforte's district have?
5329	Back Home is a children's historical novel adapted into a TV drama starring what English actress born in 1946?
5330	Katrina Ross starred in "The Singing Nun" with who as the title role?
5331	Are both Days of the New and TV on the Radio from New York?
5334	Ip Man 3 is the second sequal to the biographical martial arts films first released in what year?
5336	Which Five Finger Death Punch discography albulm was released on September 22, 2009 through Prospect Park?
5337	How do the Peter Laufer books Forbidden Creatures and No Animals Were Harmed differ in their focus on animals?
5338	What 1958 born American television writer and actress contributed to the writing on I Am Not Homer?
5339	Were Ransom Riggs and John Berry from the same country?
5340	The winning jockey of the 1997 Cheltenham Gold Cup held a record for winner of what award 20 consecutive times?
5341	Which publisher released the prequel to the 2012 novel Boneland in 1960?
5342	What is the nationality of the dancer who partnered Tom Chambers in the sixth season of Strictly Come Dancing ?
5345	Who is younger, Terry Glaze or Hayley Williams?
5349	ElvenQuest is a comic fantasy broadcast that stars what English actress who is the wife of Lord Frederick Windsor, and who is formally referred to as what?
5352	Which  baseball team who represents Texas Tech University in NCAA Division I college baseball is  "The Law" its home stadium
5353	Which occurred first, the first publication of The Ladder or Heat?
5360	In which county is the university, at which Roger Groot was the Class of 1975 Alumni Professor of Law, located?
5363	New Jersey politicians Linda Stender and Leonard Lance were born within a year of each other beginning in which year?
5364	Aerodynamik is a Kraftwerk song on an album recorded for what anniversity of the Tour de France bicycle race?
5365	Who was born first, Lecrae Devaughn Moore or Gawvi?
5367	The former Associate Director of the Northeast Intelligence Network has wrote for a publication which typically falls where on the political spectrum?
5370	I Love Melvin is a musical and dancing comedy film starring an American dancer, singer, and actor who co=starred with a talking mule named what?
5371	June Martino served as bookkeeper for the man who revolutionized what company?
5375	Insomniac Events is part of a partnership with a club founded by an investor of what heritage?
5376	From which alphabet was this alphabet derived that the name of the club Ilysiakos B.C. has the starting letter of?
5378	Where is the university located in which the current editor-in-chief of Review of Policy Reseach is from?
5380	The actor known for his role as "Freddie"  in The Deep Blue Sea won the Laurence Olivier Award for his role in which play?
5381	Who is older Carrie Akre or Shifty Shellshock?
5382	Does the drink Quick Fuck have more layers than the drink Ti' Punch?
5383	Who has more scope of profession, Brian G. Hutton or Xawery Żuławski?
5384	Are Kenji Mizoguchi and David Wall from the same country?
5385	How many rooms does the Tropicana Hotel have where the 7th annual Adult Video News awards ceremony were held in 1980?
5386	What was the nationality of Bernhard Heiden's teacher?
5387	What horror movie set in 1972 Vietnam was filmed in part in Bokor Hill Station?
5389	Which band released more albums, Forest for the Trees or Jon Spencer Blues Explosion?
5390	What character did Selina Giles play in the 2005 dystopian political thriller named "V for Vendetta"?
5391	What show was Elena Shaddow in that was written by a relative of Richard Rodgers?
5392	Which contributor to Fear: 13 Stories of Suspense and Horror was born on March 15, 1953 ?
5393	Which Croatian professional basketball player (a shooting guard) did New Jersey Nets acquire during their 1990–91 season?
5397	Peter Shand Kydd was related to which early member of the Clermont Club?
5398	How many rooms are in the hotel that is home to the Cirque du Soleil show Mystere?
5400	When was the multinational group headquartered in the Netherlands adjacent to the Junction 27 Retail Park near Birstall, Batley, West Yorkshite, England, founded?
5401	William Novac co-wrote the memoir of what American retired professional basketball player who is current president of basketball operations for the Los Angeles Lakers?
5402	"It Girl" is musically classified in the middle of what terminology describing the speed or pace of a given piece?
5403	Barry Murphy earned 1 cap under a footballer who was part of England's winning World Cup team in what year?
5405	Australian Associated Press was established by a journalist born in which year ?
5406	Who was the electoral division that James Tully  represented in 1928 named after?
5407	The transnational lottery Les Scadding won in 2009 held it's first draw on what date?
5408	In what English district is the town Digby, Victoria may be named after?
5409	Deckers Creek begins west of an unincorporated area in what West Virginia county?
5411	The M104 155mm Projectile was specifically designed to carry about 11.7 pounds of what prototypical substance?
5412	What is the nickname of the regional dialect from the city from which the English Footballer Tomi Ameobi was born in?
5413	Which nationality is the international footballer, born 20 March 1984, who made his breakthrough La Liga debut in the 2002–03 Atlético Madrid season, scoring 13 league goals as a teenager?
5418	Are Chumbawamba and Spin Doctors from the same country?
5419	What is the birthplace of the musician responsible for creating The Motion Makes Me Last?
5422	Which member of the boy group Shinee released their first studio album "She is"?
5424	Before the 2004-2005 Minnesota Timberwovles season, what had Sam Cassell had been honored with what titles?
5426	What 2-year worldwide tour had a round stage and a band that performed a song never before performed live?
5427	My Sentimental Friend was performed by which English beat rock band?
5428	How many episodes were in the 23rd season of a Fox network show which, in it's twenty-second season, aired it's twenty-first episode which was written by John Frink and directed by Bob Anderson.
5429	The 2000–01 A.S. Roma season had several important signings, one of which was a player that Javier Zanetti referred to him as being what kind of player?
5430	What is the middle name of the actress who played Lucy Baker in the TV series Lassie ?
5432	Which player selected out of the University of Florida with the third pick by the Hawks was born in June 3, 1986?
5435	Who died first, Chester Erskine or Sam Taylor?
5437	Where was the set for the winner of the WD Weatherford Award in 1998?
5438	Which magazine has more issues per month, Club or Pro Football Weekly
5439	"A Swingin' Safari" was a song written originally by German songwriter Bert Kaempfert but made popular by who?
5440	Which acter/director is known for depicting the Russian working class life and directed a film that won an Academy Award in 1981?
5442	Were Maurice Tourneur and Greg Mottola both American film directors?
5443	Who is younger, Dan Bejar and Makoto Koshinaka?
5444	Zamalek Sporting Club Centennial was a  friendly match against professional football club that plays in what?
5446	Which son of Rick Barry was born first, Brent Robert Barry or Drew William Barry?
5447	Have Marc Rosset and Max Mirnyi both been professional tennis players?
5450	What is another movie the director of Marvel Cinematic Universe's fifteenth film is known for?
5452	Which film stars more animals, The Jungle Book or The Lone Ranger?
5453	Where did the host of the 2014 edition of the MTV Africa Music Awards begin their career?
5455	Taylor Momsen and Craig Mabbitt from Escape the Fate have what in common?
5457	What former Los Angeles Lakers majority owner is the father of Jeanie Marie Buss?
5458	Which genus's family comes first alphabetically, Crepis or Isatis?
5459	What year was the recipient of the 2016 Best Footballer in Asia born?
5461	What MLB pitcher nicknamed "Gander" was written about in "the Stratton Story">?
5464	What stadium does the team who has Kent Baer as the defensive coordinator play its home games?
5465	Were both Alvin Lee and Chad Gray lead vocalists for bands?
5466	Which U.S. State contains tropical wetlands and Diamondback Airboats?
5468	What is the birth date of the person Richard Callaghan coached to Olympic, World, and national titles?
5469	What is the strongest focus of the Adelaide Fim Festical put on by CEO Amanda Duthie?
5470	Which band included more previously-known figures when it was formed, !!! or Puddle of Mudd?
5471	Who is the writer for an American teen sitcom created by Kim Bass for Nickelodeon?
5472	What Argentinian retired defensive midfielder, and current manager of C.D. Guadalajara, was traded to Parma alongside Sérgio Conçeicão at the end of the 1999–2000 season?
5475	O'Halloran Hill in South Australia has a suburb of what town, with a population of over 12000 people?
5476	Who has lived longer in the USA, Ulli Lommel or Benjamin Stoloff?
5477	Fash Mosque is 4.5 km away from which mosque originally built by Muhammad?
5480	Shaqtin' a Fool has included which television personality who worked for 8 yearst at ESPN?
5481	Which was published first Polarity or The Farming Game?
5482	Which team was a Dutch former professional footballer sacked from in 2009 after the team underperformed in a string of games for the qualification for the Champions League?
5483	The Julian P. Kanter Political Commercial Archive has been designated an official project by an initiative to preserve and protect what?
5484	Neil B. Shulman was the associate producer of what 1991 American romantic comedy film directed by Michael Caton-Jones?
5485	Which company has more divisions within it, WPX Energy or Hewlett Packard Enterprise?
5486	which is larger, Hunchun or Shijiazhuang?
5487	What is the name of the umcoming horror film adaptation starring Melanie Griffiths daughter?
5488	Where was the music festival Billy McFarland was charged with wire fraud for supposed to take place?
5489	Which artist was Italian, Sergio Leone or Jon Paul Puno?
5491	The player who defeated Johnny Majors for the Heisman Trophy in 1956 was born in what year?
5492	Which actor that has performed as Inspector Javert in a Les Misérables production Has won the Laurence Olivier Award for Best Actor in a musical three times?
5493	What year did Lindsey Broad star in the movie with Russell Brand and Jonah Hill?
5494	Archie Norman will succeed Robert Swannell as chairman of what British multinational retailer that is headquartered in the city of Westminster, London?
5495	Where is the company, which designed the Glomar Challenger, based?
5496	Charles Hurt is currently the opinion editor of "The Washington Times", Fox News contributor, Breitbart News contributor, and editor of which politically conservative American news aggregation website?
5497	What American politician from Tennessee born December 13, 1943 is related to former United States Congressman Harold Ford Jr. as well as former Congressman Harold Ford Sr.
5498	When was the band who composited "Discipline" formed?
5499	What group of people are described as semi-nomadic and speak the Semitic language ?
5500	Glenn Quagmire is voiced by the creator of what 2012 film?
5501	Are both The Day the Universe Changed and Lennon or McCartney American documentary short films?
5502	Which European based oil giant bought the commodities trading arm of J.P. Morgan in 2014?
5504	What Kenya-based company owns the Tusker beer brand?
5505	Are 13 Engines and Oingo Boingo both new wave bands?
5506	When was Erik Watts' father born?
5508	What muffler repair shop owner inspired Andrey Zvyagintsev's film Leviathan?
5509	When did the HBO series that Alice Wetterlund star in premier?
5510	"She's a Woman" is a song on the B-side of a single whose A-side has one of the first uses of what in popular music?
5512	What Metropolitan City was Massimo Giordano born in?
5513	What country of origin does Stan Williams and Adelaide Oval have in common?
5515	In which album was American rapper Kendrick Lamar's first number-one single on the US "Billboard" Hot 100 included?
5516	Witkins Township is served what district that is represented by Tim Murphy?
5517	What was the book that was centered around a rule that is expressed algebraically, or quantities "a" and "b" with "a" > "b" > 0?
5519	Deckers Creek is a tributary, and its beginning in the west is named after?
5520	What country does Haringey Heartlands and The Mall Wood Green have in common?
5522	Which movie was released first, Return to Oz or Midnight Madness?
5523	The bomber who carried out a Provisional Irish Republican Army (IRA) assassination attempt against the top tier of the British government in 1984 was born in what year?
5524	What famous New York burglar and freelance writer was involved in a robbery for which a book was written about?
5525	APB and Sleeper are both from britain?
5526	The 2015 MTV Video Music Awards pre-show premiered the music video for a love ballad with a prominent what?
5528	What was the benefit of reintroducing piston power and replacing the most popular turboprop engine in history?
5529	Alex Jesaulenko, former Australian rules footballer and coach won the award The Goal of the Year. In what year did he win that award?
5530	Which film came first The Strongest Man in the World or Candleshoe?
5531	Steve Denton and Albert Costa are both tennis players, which one began playing at the age if five?
5534	Pyne & Marles is co-hosted by Richard Marles and an Australian politician who has been the Liberal member for the House of Representatives seat of Sturt since what year's election?
5537	Has Lasse Hallström gotten more Academy Award nominations than Dionciel Armstrong?
5539	Ben Folds and Nic Offer are both considered to be which type of artists?
5541	Which movie came out first Muppet Treasure Island or Million Dollar Arm ?
5544	In what year was the composer of "Anthem" born?
5545	Romans stars which Tamil and Telugu actress?
5548	Who directed the film based on the rock opera 5:15 appeared in?
5550	Tao Okamoto made her debut as the lead in the 2013 film featuring the character from what Comic company's line?
5551	What is the prefix given to the end of the name to avoid confusion for the winner of the 1996 Record of the Year Grammy?
5555	Orchard Gateway connects what shopping mall in singapore with 313 @ Somerset?
5557	Who directed the 1971 film in which Pat Ashton starred in?
5558	Where was the comedian from And There's More born?
5560	Which director was also a film editor, Burton L. King or Maheen Zia?
5561	Phil Edwards is an American surfer from California whose photo appeared in the cover of what magazine which has over 3 million subscribers and is read by 23 million people each week?
5562	In what year was the son of Max Weinreich born?
5563	What lake in Australia is named after a Scottish Knight?
5564	Who has written more #1 songs, Chris DeStefano or Brett Eldredge?
5565	Moss Side railway station is on Blackpool South railway station which is how far from Waterloo Road tram stop?
5566	Arena Bowl XII included what team coached by current head coach of the Washington Redskins?
5567	Who played Amelia Vanek in the film adaptation of Monster?
5570	The southern terminus of State Route 102 is located in a town on the southwestern side of an island know to locals as what?
5571	Are Bangkok Girl and Home both horror movies?
5572	Palm Springs lies in Palm Beach County, the third most populated county in its state. Which major U.S. city is it near?
5573	When was the improvisational troupe, which trained Amy Sedaris, Paul Dinello, and Stephen Colber, founded?
5574	Jal Pari, which translated in another language refers to which legendary creature which are sometimes associated with perilous events such as floods, storm,s shipwrecks, and drownings?
5575	Were both Roger Donaldson and André Cayatte french filmmakers?
5577	 What annual event occurs on a property co-founded by an American who was the best-selling recording artist of the 20th century?
5579	What is the name of the Minahasa journalist and novelist who was active in the colonies incorporated into the Dutch government in 1800?
5580	Taylor Nichols was part of the ensemble cast of which 1995 American black comedy and psychological horror film?
5582	What sport does America's first openly gay, actively playing, professional team sport athlete play?
5584	Professor A. Selvanathan is a professor at a university that is public or private ?
5585	Jimmy Garcia lost by unanimous decision to a professional boxer that challenged for what title in 1995?
5586	What fellow Turkish footballer did Darko Kovačević form an offensive partnership with during his tenure at Real Sociedad?
5589	Which city has a higher population, Shanghai or Hengyang?
5590	What year was the bank famously opposed by Brendan Bracken for co-operation with Adolf Hitler originally established?
5591	The saint in "A Time for Miracles" was born on what date?
5600	Which game was created first, About Time or Java?
5602	When was the publisher of Traveller Supplement 4: Citizens of the Imperium in business?
5604	How many seats does the jet airliner with which Boeing 777X was intended to compete have?
5605	Which magazine began publication first, Reunions magazine or Money?
5607	Love Thy Neighbor starred an AMerican actor who was best known for his role as Jack Tripper on what sitcom?
5608	What company did Rex Maughan aquire?
5609	"Twenty Two" is an episode of the series "The Twilight Zone." adapted from an anecdote by a publisher who made appearance in what panel game show?
5610	What was the former name of the company which operates Hunterston Terminal?
5612	Greetings! We're The Monitors was the debut album by the band who had what soul and R&B singer as their lead?
5613	Which American politician was the 61st Governor of Maryland and had help on his first campaign in 1998 from Richard Burton?
5615	What rapper on the song "Wij zijn Ajax" plays for the Turkish club Beşiktaş?
5619	Persona Non Grata includes interviews by the political leader of what nationality?
5623	What age was Georgia Middleman when she started singing in the seventh-most populated city in the United States?
5624	Which city is at coastal county-level, Wenling or Ruili?
5625	On what date will the election for which Krishanti Vignarajah is a declared Democratic candidate be held?
5626	On what network did the series that Bradley Thompson started working on in 2014 premiere?
5628	Falling Stars is a role-playing game published by the company based out of what country?
5630	Which university's teams with a mascot called Stomper began competing in the Northern Sun Intercollegiate Conference in 2008?
5631	Was Atom Egoyans biggest commercial success on stage or on film?
5632	What award has the composer of "Shady Lady" received five times?
5633	Where did the character  Xavin  changed into a black female just for the sake first appeared
5634	Was the film Splash released before the film Tangled?
5635	Which was released first, Kolejka or Ghettopoly?
5636	What kind of group does At the Drive-In and Muse have in common?
5638	Are Muzzle and Screaming Trees both alternative rock bands?
5639	What other series is the actress who plays Malory Archer well known for?
5640	Who co-starred alongside John Wayne in the 1951 World War II submarine film Operation Pacific?
5641	whats the famous bavagheet by arun date?
5642	What are the professions of Tom Johnston and Daryl Palumbo?
5643	What facility is shared by RAAF Base Williamtown and Newcastle Airport in New South Wales?
5644	What year did the prison where William Penn wrote No Cross, No Crown stop being used as a prison?
5645	Which show was Andrew "Andy" Spade's brother in n the 1990s?
5646	Where did The Cure record their highest charting single?
5647	In what school district is Governor John R. Rogers High School, named after John Rankin Rogers, located?
5648	Is Baiyin or Xinghua, Jiangsu a county-level city?
5649	Ho Iat Seng  is a member of a legislative assembly that has how many members ?
5650	McLaren MP4/11 was driven by what Finnish former professional racing driver
5651	Rosi Golan's songs were featured in commercials for a brand of Artsana, that's been working for over 50 years, and is present in how many countries?
5653	Which movie starring Tony Longo is based on Tonka toy line and Hanna-Barbera television series?
5654	The music composer of the film Angaaray, Aadesh Shrivastava died from what at age 51?
5655	Which university has more campuses, Dalhousie University or California State Polytechnic University, Pomona?
5656	Which is farther north, Steel Venom or Wicked Twister?
5657	Where is the company that created Doravirine ( from?
5658	Does Dashboard Confessional have more members than World Party?
5659	Wangaratta Wahine, an album featuring the work of an Australian Living Treasure, was recorded by what band?
5660	Did Big Pig or Blur have more members?
5661	What movie character was based on the martial arts actor known as JCVD?
5662	When was the football club founded in which Walter Otto Davisplayed at centre forward?
5664	Which contest in California pays homage to an American novelist that won the Novel Prize in Literature in 1954?
5665	Which airport Albany International Airport and Dane County Regional Airport is nearer its local town ?
5667	Where are Abbey Clancy and Peter Crouch from?
5669	Were Dee Dee Ramone and Ben Weasel ever in the same band?
5670	Is Central Illinois Regional Airport of Jacksonville International Airport further east?
5671	The nightclub Playboy Club was located at this hotel and casino located near the Las Vegas Strip that has how many rooms?
5673	how many films has the director of "Girl 6" produced since 1983?
5675	What American actress starred in the 1996 television film "Bastard Out of Carolina" directed by Anjelica Huston?
5676	What profession does Alex Beard and Tony Hall, Baron Hall of Birkenhead have in common?
5680	Who had a perfect game against The Ignitor's team in 1998?
5682	What profession does Kazuyuki Fujita and Gilbert Yvel have in common?
5683	The Robey-Peters Gun-Carrier was built at a commuter village with at population of what at the 2001 census?
5684	Who is older, Lucy Gichuhi or Bob Day?
5685	What do Lavinia Greenlaw and Nâzım Hikmet have in common?
5686	What are The Ready Set and Cell?
5687	Are Marilyn Manson and Joe Lynn Turner both American singer, songwriters?
5688	Berthold Louis Ullman died in a country that is approximately how many acres?
5689	Tikkun and Moment are both what?
5691	Which film, The Happiest Millionaire or Mars Needs Moms, was created first?
5694	Who was born more recent.y,Gunnar Nelson or Florence Welch?
5695	Step Up 2: The Streets is the sequel to the dance film directed by whom?
5696	Who was born first, Frank I. Cobb or Joseph Pulitzer?
5697	Parafield, South Australia is very near the airport and what campus of the University of South Australia?
5698	Are both Arizona v. United States and Reynolds v. United States Supreme Court cases?
5700	Which historical drama filmed in the Winter Palace of the Russian State Hermitage Museum stars Sergey Dreyden?
5701	where was the musician and stand up comedian who recorded and released a live performance at London's Bloomsbury Theatre in May 2008 born?
5702	What two casinos border the hotel that hosted WrestleMania IX?
5704	Meet Market is a 2004 film starring which son of a former prime minister?
5707	Carlos Hasselbaink is the older brother of the footballer of what nationality?
5708	Who was born first, Andy Warhol or Alexander Butler?
5709	What occupation do Henry Moore and John Wesley have in common?
5711	Robin R. Bottin is known for his collaboration with an American director and producer who won an Academy Award, Golden Globe and BAFTA award for what movie?
5713	Which son of Robin Fox MC, is an English theater and film producer
5714	Whom was the cofounder of Orange County Choppers and appeared with Paul Teutul Sr on American Chopper?
5715	The winner of the FIA World Endurance Championship in 2013 drove the Toyota TF101 with who?
5716	What position did the current Leader of Fine Gael hold from 2016 until 2017?
5717	What is the name of the Kegeyli District in the Turkic language spoken in Karakalpakstan?
5719	Which Victorian poet was born in a 15th-century castle home to the Earl of Southesk?
5720	The song Justice was used for a WWE event that took place on what day ?
5721	San Marco and Medina are both what type of game?
5723	What sport do The Basham Brothers and Doug Basham have in common?
5724	In which region is the village after which lager Fucking Hell is named ?
5728	Are both Lukas Rossi and Terry Kath American?
5730	Both Tim Conlon and Kehinde Wiley have what type of occupation?
5731	What is the rank of the incumbent that RJ Harris challenged in 2010?
5732	Erik Wickberg was the general of an army linked to which religious sect ?
5733	What unit of the Air National Guard is located at a base that was home to the 509th Bomb Wing flying the General Dynamics FB-111A?
5734	Are Dennis Locorriere and Maja Ivarsson both lead singers?
5735	Who directed the black comedy in 1984 that started the American actress and singer best known for her role as Sally Morrison on "My Three Sons"?
5736	What is the name of the process used by a company that is located in New Jersey and invented Hexachrome?
5737	What retailer did Albert Heijn start up that eventually merged with the Delhaize Group?
5739	Jet Airways is the second largest airlien after a low cost airline located in which city ?
5740	Does Shengzhou have more former names than Linchuan District?
5741	When did the 2005 Ladbrokes.com World Darts Championship begin?
5742	In 2001, Hampton Pirates men's basketball defeated a second seed team that was coached by who ?
5743	Which battle came first, the Battle of Okinawa or Operation Diadem?
5744	Nicholas Scibetta's hit man brother-in-law, who confessed to being involved in the murder of 19 people, helped prosecutors convict what Gambino family boss?
5745	Baraki Barak District is situated in the western part of a province whose capital is what?
5746	What band has been around longer, Mazzy Star of Pendragon?
5747	Which television network that aired Gameshow Marathon has been owned by the Bell Media division of BCE, Inc since 2000?
5748	Orlando Maturana had to compete with what other Colombian retired footballer for the national football team's striker position?
5749	Which has more species, Lysiloma or Hydrocotyle umbellata?
5750	Who is the original writer of the 1977 horror film?
5751	What software company developed Fade to black and it's 1992 Sequel, Flashback?
5754	What platinum selling track was included on the album "The Warrior's Code" with lyrics by Woody Guthrie?
5755	How many episodes were there of the TV series where Julianna Margulies had the role of Carol Hathaway ?
5758	What city is the women's Vans Triple Crown of Surfing event hosted at?
5763	Who was the base where the 413th Flight Test Group is stationed named after?
5764	The Dukes of Hazzard was inspired by the 1975 film starring whom?
5765	In what year was the director of the 2016 American-British biographical drama film which stars Rebecca Hall as Christine Chubbuck born?
5766	What was Randy Shughart's rank when he died?
5769	What did the screewriter for a 2013 psychological thriller film directed by Denis Villeneuve get a Goya Award nomination for Best Adapted Screenplay at the 27th Goya Awards for?
5770	The series in which Sharon Gless played Debbie Novotny was developed and written by who?
5771	Who wrote the lyrics for Linda Eder's Broadway debut?
5772	Which was founded first, Dain Rauscher Wessels or Berenberg Bank?
5773	What show did the co-creator with Chris Spencer of Wild 'N Out debut on?
5774	What nationality is the singer who recorded "Who I Was Born to Be"?
5775	What singer-songwriter performed the country pop sing "Fifteen"?
5776	Who is from farther west, Kings of Convenience or Belle and Sebastian?
5777	The head of the Foreign Relations Department of the Rastriya Janashakti Party holds a degree that can be abbreviated MS, M.S., or ScM, in what field?
5778	The Government Digital Service is overseen by the Chief Secretary to the Treasury, who is from which party?
5779	Who was the creator of the American political satire comedy television series in which Sufe Bradshaw plays an acerbic secretary named Sue?
5780	Which actor in The Lieutenant Wears Skirts is named Samuel?
5781	In which European country was Aimé Félix Tschiffely born in?
5782	John Roger Kirkpatrick Scott was a member of the U.S. House of Representatives from a Commonwealth that borders what to the east?
5784	In Person is a 1935 film starring an actress born in what year?
5785	Flower Alley was bred by the trainer who was killed at what Fayette County, Kentucky airport?
5788	Ashly Burch is known for voicing Aloy in a video game released in what year?
5789	Domestic Disturbance stars an actor who voiced what character in "Monsters, Inc."?
5790	Does MedStar Washington Hospital Center or Children's National Medical Center have more beds?
5792	What 1996 book was written by the founder of Media Matter for America?
5793	What airport is off National Route A002 and is largest airport in Greater Buenos Aires?
5794	Belle Gold is a fictional character portrayed by an actress of what nationality?
5795	Who was born first, Mary Collins or Polly Draper?
5796	What was the birthdate of the actor who starred in the movie Voodoo?
5797	Where was the sitcom filmed that Judy Greer played Kitty Sanchez in?
5799	What three states junction is near the gap that Peter Hackett traveled along during the Scotish-Irish migration along the Wilderness Road?
5800	This Australian racing driver currently drives the No. 22 Holden VF Commodore produced by Holden Commodore which manufactures what other models?
5801	Staten Island Summer, starred what actress who was a cast member of "Saturday Night Live"?
5802	Tigerair is a budget airline and subsidiary of what Singaporean flag carrier?
5803	Ndlela kaSompisi was a key general to Zulu King Dingane and a king born in what year?
5804	Here's Little Richard is a debut album containing a song written by Little Richard, Enotris Johnson and who else?
5807	Which was published earlier, La Belle Assemblée or VIVmag?
5808	John Michael Montgomery has had more than 30 singles on the "Billboard" country music charts, but what single from his fourth studio album What I Do the Best never reached the top ten on the Hot Country Songs charts?
5809	What competitions does Lai Shiu Wing team compete participate in?
5810	In the muti-sport games usually held every four years between nations around the Mediterranean Sea, Fatma Lanouar is best known for winning gold in which event?
5811	Where was the match held where Chicharito scored goals along with Antonio Valencia and Dimitar Berbatov?
5813	What city is the the Iranian Airlines involved in the 1993 Tehran mid-air collision based out of?
5814	What award won by only twelve people has a man who Ted Kooshian has performed with won?
5816	What is the birth year of the rapper who made The Cold Corner 2?
5817	Who was born first, Vladimir Nabokov or Harper Lee?
5818	Which is a choreographer, Yuen Woo-ping or Basil Dean?
5819	Carl Barks is best known for his comics about the cartoon character created in what year?
5820	What did the UK's first Linux-specific magazine call Qvwm?
5821	WonderWorks made an adaptation of what novel created by Frances Hogson Burnett?
5822	What relationship did Gordon Banks have to the person who killed American recording artist Marvin Gaye?
5823	What is the date played of this college football game at Sun Life Stadium in Miami Gardens, Florida, where Clemson defeated the No. 4 Oklahoma Sooners, 37-17?
5824	"The Simpson's" episode featuring the  "Itchy & Scratchy & Poochie" show satirized the world of television production just as the episode featuring the "Itchy & Scratchy & Marge" satirized what type of issue?
5825	What American actress who died in 2011 starred in Fear Stalk?
5826	Gérald Genta, a Swiss jewelllery designer, worked with what luxury Swiss watch manufacturer which was founded by American Watch,aker Florentine Ariosts Jones?
5828	Rafe Hernandez is a fictional character who played with Chrishell Stause's charachter on Days of our live?
5829	Little Brown Stein is a rivalry trophy that imitates a mug made out of what item?
5830	Disturbia is a 2007 movie that stars what American actor who starred in the Disney Channel series Even Stevens?
5831	What film did the mother of Karan Kapoor star in in 1970?
5832	What type of games are both Sector 41 and Enchanted Forest?
5833	In what order does Three Colours: Blue appear in the Three Colours trilogy?
5834	What property do the films Sweet Crude and Tunisian Victory share?
5835	Between Valparaiso University and Old Dominion University, which institution has higher student enrollment?
5838	Who was born first, Lawrence Ferlinghetti or Luigi Pirandello?
5839	Which auto club has sanctioned races run in California as well as Indianapolis?
5841	What role did Anne Innes-Ker, Duchess of Roxburghe (daughter of the 7th Duke of Marlborough) serve to Queen Victoria?
5843	The Phillips Berlina is a neo-classic car that used stretched underpinings from a car that set a new sales record for what model year?
5848	Are Mick Jagger and Brett Scallions both musicians?
5849	Who is the former pentecostal preacher who released the comedy album Leader of the Banned in 1990?
5850	Charles Haughey held what position when he dissolved the list of members who were elected to the lower house of the Oireachtas of Ireland on 25 May 1989?
5852	Nick Hexum of which American rock band helped produce Decomposer by The Matches?
5853	Who is the American actress that stars in the movie "Innocesnce" and is best known for her role as Alexandra Cabot in a long-running NBC series?
5855	What album starring Ed Sheeran was released on 3 March 2017?
5860	Lauri Markkanen was traded for which player who was born in Houston?
5862	 Who was born earlier, Simone Bolelli or Caroline Wozniacki?
5863	Ocean Springs School District is located in the city in what Mississippi county?
5864	Which Indian actress who earned filmfare award for Best female debut in "Refugee" acted in K3G movie?
5865	During what war were the Russia-United Kingdom relations in a state of rivalry after the abdication of Emperor Nicholas II?
5867	Which Record Company reissued an Avenged Sevenfold Album that only sold 300 copies?
5868	Who was born first, Umar Israilov or Ramzan Kadyrov?
5871	Nick Jr Too was launched on the same day as what rival channel that was created by Turner Broadcasting, and is the sister station of Cartoon Network?
5872	Have singers Yang Yo-seob and Kim Tae-yeon both appeared in group bands?
5873	What is Michael Nakasone job at the college prep school in Honolulu?
5874	What trio was the songwriter of "What Are We Doin' Lonesome" from?
5875	Which driver has been in less races, Marlon Stöckinger or MatthieuVaxivière?
5877	Which musician obtained fame first, Terry Kath or Róisín Murphy?
5878	Which of the people featured on Wall of Fame is the daughter of Bernie Ecclestone?
5879	When was the company that produced rectangular crackers that have 18 holes in a 3x6 pattern founded?
5880	What Guatemalan Latin pop singer and songwriter  and writer of "El amor es un fantasma" shared a stage with Cristian Sáez Valdés Castro?
5882	Who founded the company that Robinsons-May is a subsidiary of ?
5884	Who is the controlling shareholder of the world's fourth-largest tyre manufacturer?
5885	Which characters are akin to goblins and were added to a Tilted Mill Entertainment video game in 2009?
5887	Mark Newhouse finished 9th in a 2013 series of poker tournaments sponsored by what corporation?
5888	What is the name of the record label owned by one of the three artists responsible for creating the 1993 album Honky Tonk Angels?
5890	What star of Two and a Half Men won two young artist and TV-land awards for his character?
5891	What son of Larry Johnson was born on November 19, 1979?
5892	Who directed the film that Mads Mikkelsen won the award for Best Actor for his performance in at the 58th Bodil Awards?
5893	What star in the film Up at the Villa has earned the title of knighthood?
5895	John ruskin named his album due to a removal of what?
5896	Who was convicted of murdering the director of Schoolboy Crush?
5897	What US city between New York and Quebec Canada was the most effected during the Taconic orogeny?
5901	What year did the CEO of Tata Consultancy Services takeover as Chairman?
5903	Brendon Urie wrote new perspective after firing which bassist?
5904	Candace Flynn was voiced by the actress who achieved mainstream success on what show?
5906	What movies has Juno Temple starred in?
5908	Which building will have more floors, 15 Penn Plaza, or 247 Cherry?
5911	Which of the actress starred in  Zombie Night appeared in the 1998 erotic thriller "Wild Things"?
5912	What is the name for what was formerly called Grenier Army Air Field which is located in the two communities of Manchester and Londonberry?
5913	Which continent have a distribution of both the Ternstroemia and Cussonia genus of plants?
5914	Along which river is the Kentucky Department of Corrections headquarted?
5916	Alexander Young, also known as George Alexander, is the uncle to which Scottish musician who replaced Malcolm Young in the band AC/DC in 2014?
5918	What field of study is related to Ovamir Anjum's work and is known as Islamic mysticism?
5919	An cricket star who played a supporting role in the film Sinhawalokanaya was a former captain of which cricket team?
5920	Who created the series broadcast on the WB that Leigh-Allyn Baker had a recurring role on?
5921	How many marchers were in the protest that Pelham D. Glassford ended?
5922	David Wayne Hull (born 1962 or 1963) is a leader of which group that originated in Mississippi in the early 1960s under the leadership of Samuel Bowers, its first Grand Wizard?
5923	What city is the most populous city in Australia and Oceania and the birthplace of a silver and bronze medalist from the 1992 Barcelona Paralympics?
5924	What party was the man who largely repealed the Black Act a member of?
5926	What band did Gator Country guitarist that co-wrote Bloody Reunion come from?
5928	What movie did Chris Duesterdiek work on that was directed by Seth Rogen and Evan Goldberg?
5930	Which single was recorded in 1989 at the first Tubronegro rehearsal by the Norwegian punk rock band, initially active from 1989 to 1998, whose style is "deathpunk"?
5932	The chairman of Westfield Corporation has a son who holds a Bachelor's degree in what?
5933	What date was the person born that Samuel Flores Borrego was the right hand man of?
5937	Who was the returning coach for the singer whose breakthrough album was named Tragic Kingdom?
5938	Performers that have played at the L.B. Amphitheatre include an American rock band that originally formed in Jacksonville, Florida, in 1964, as who?
5939	What is the name of the one of the hosts of the Race for the Pennant sports show who is a retired american baseball pitcher?
5942	Which video game featured the Houston Rockets player named NBA Sixth Man of the Year in 2012?
5943	Who wrote the 1970 international hit song Murray Head is most recognized for?
5944	which American political consultant was a former Trump campaign
5946	Ellie Parker is a 2005 American drama-comedy film whose title character is played by an English actress who made her screen debut in what Australian drama film?
5948	How many Grammy awards were won by an album named after the Joni Mitchell song from Love Actually?
5949	Do both Lancaster Cathedral and Peel Cathedral belong to the Catholic religion?
5952	What, in 2011, was the estimated population of the city from which Numidia TV broadcasts
5957	Sian Gibson co-wrote which British sitcom, set around a supermarket and car share scheme?
5958	What is the relation of Sulley Muniru with the central midfielder of Intalian club Pesacara?
5960	Who starred in Love and other drugs and The Simpsons?
5961	Where is the University Joe Odom played football for located?
5964	What was both John Cheever and Laura Ingalls Wilder occupations?
5965	How many miles west of Phoenix, Arizona is the base where the 63d Fighter Squadron is assigned?
5966	Town's first season in their new stadium was under the leadership of an English Football manager who was born when?
5967	Which skyscraper has more floors, the SNCI Tower or 8 Spruce Street?
5968	Crestfallen's artwork is done by a photographer of which nationality?
5969	Where did recording sessions take place for the Michael Jackson hit "Beat It"?
5970	When was the group formed whose Japanese debut EP/ video album is called Nobody for Everybody ?
5972	What edible, juicy fruit is grown on a deciduous tree called 'pesco' in Italian?
5973	Mía Maestro had a role in the 2002 biopic directed by whom?
5978	What is the current job of the former partner in ice skating of Vladimir Fedorov?
5979	Dan Hurley is the brother of which head coach of Arizona State's men's basketball team?
5980	Sachin H. Jain served as Chief Medical Information and Innovation Officer for one of the largest pharmaceutical companies in the world called what?
5982	When was the actor who plays Marius Josipovic in Sneaky Pete born?
5983	Which building is located a higher numbered street, Americas Tower or One Penn Plaza?
5984	Which city in the Baltimore metropolitan area includes a lake and surrounding park?
5985	The runner-up in The Celebrity Apprentice 2 has written an autobiography titled what?
5986	Don Holmes played for the football club that is based in what eastern suburb of Perth?
5987	What else was Baghdad known as during the Abbasid Caliphate?
5988	3:10 to Yuma starred what American actor also known for his role as Hoban Washburne?
5989	When was the Indian film actor, producer and playback singer born who debut with the 2000 War film, "Refugee" and had lead role in Main Prem Ki Diwani Hoon?
5991	The 2006 NCAA Wrestling Championships crowned Jake Rosholt and another athlete known for powerful punches from what hand?
5992	Lean on Pete stars the actor best known for playing what role in Granite Flats?
5995	When was the novel published  in 2010 which is part of the series of The Maze Runner?
5998	How many termini does the train that runs on the C&M subdivision and runs between Chicago and the Pacific Northwest serve?
6000	Does Bazhong or Kaiyuan, Liaoning have a higher population?
6001	What did one of Electron Blue writer who is also an american musician found?
6004	In 2010, what was the population for a state which is known for Annalee Dolls?
6005	Michael Lent is best known as the co-writer of the memoirs of Hugh Rowland, a star on a reality television series that premiered on what date?
6009	In which year NGC 166 is located by an american astronomer who also discovered Frank Muller and Ormond Stone
6010	Which Grammy Nominated album was created by a band whose members include John Bowman?
6011	Which pizza shop opened first, Toppers Pizza or America's Incredible Pizza Company?
6012	What English campaigner for the suffragette movement did Angela Down portray?
6013	What is the female star of Klepto best known for performing in?
6014	What star of a Matthew Senreich and Zeb Wells comedy was born in July of 1983?
6017	How many records has the singer which Robert Gale tour with during his fifteen year of tour sang with dropped
6019	What year was a film made that starred Michael Bean and was directed by Terry Gilliam?
6020	When did the third international spin off of Pawn Stars debut?
6021	What other jobs did the actress Olivia Munn from Mortdecai have?
6022	Who won more Grand Slam doubles titles, Tony Roche or Jamie Murray?
6023	Kingdom Hearts 358/2 Days was made by the company based in what part of Tokyo?
6024	 Robert Lewis "Bob" Pruett coached many high-profile National Football League players, including a wide reciver that holds what 2007 NFL record?
6025	Are Gael and Fitness published in the same country?
6026	Hall of Fame Racing was created by Troy Aikman, Bill Saunders, and which Dallas Cowboys quarterback known as "Captain Comback"?
6027	What organization affiliated with the National Collegiate Athletic Association Division were the 2012 Hawaii Warriors football team first year members of?
6028	McLemore Avenue is to Booker T. & the M.G.s as what road in the city of Westminster in London is to the Beatles?
6030	Which Formula One World Champion had a teammate named Richie Ginther?
6031	Tedrow, Ohio lies close to which 241. 26 mi highway?
6035	Are the writing from Maurice Level and Alice Hoffman focused on different audieces?
6037	what is the english name of Émile Verdets editorial?
6039	What kind of political party that combined conservative policies with liberal stances were Pio Cabanillas Gallas and Jose Maria de Areilza the leaders of?
6041	What was the population in 2016 of the city that Norman Foote is originally from?
6043	Both Alexander Hall and Pierre Morel are involved in which profession?
6044	What type of movies are 101 Dalmatians and G-Force?
6045	What college did the person who defeated Fedor Emelianenko play football at?
6046	What novel is a followup the Heir to the Empire trilogy?
6048	For what film was an actor in Alligator nominated for an Academy Award?
6049	Who was the winner of the season of The Rap Game where a contestant named Lady Leshurr as one of her influences?
6052	Is Dappy or Tobias Sammet German?
6054	Who is the fictional head of a British Secret Service division and for which a one-time missionary was the inspiration for?
6056	How many visitors per year does the first stop of OC Transpo Route 97 attract each year?
6057	Brad Budde played professionally for a team in the NFL that was founded in 1960 as the Dallas Texans by who?
6058	Who sang lead vocals on the Oasis hit single which had an acoustic debut in drummer Tony McCarroll's last concert ?
6059	Which musician's band contains more letters in it's name, Micky Dolenz or Jesse James Dupree?
6061	Are Ural Federal University and California State Polytechnic University, Pomona both public universities?
6063	Which company owned by a Pakistani media mogul produced the Pakistani romantic drama film Dobara Phir Se?
6064	ho is the brother of the American transgender actor known for his work on MTV's "Faking It?"
6065	what 6-story building was listed on the National Register of Historic Places in 1980?
6066	The movie "100 Million BC" continues the urban myth of an experiment allegedly carried out at waht shipyard?
6068	Pontiac marketed the 2+2 as the "big brother" to an automobile built by Pontiac between which years ?
6069	What Box Codax group musician was also the guitarist, backing/lead vocalist and keyboardist of another Glasgow-based band?
6070	Professional cyclist Sara Symington competed in which Olympic Games held in Sydeney, Australia?
6072	Werner Christie served under the politician who was also Director-General of what other organization?
6073	What is the name of this French former footballer whom football fans refer the football player Wilfred Bamnjo to as?
6076	Straight to Hell was the first ever country music release to merit this what organization's Parental Advisory label?
6077	What is the occupation of the Miami Dolphins owner's wife?
6079	The person "Planet Earth Rock and Roll Orchestra" was the final solo album for died on what date?
6080	On what UHF channel is the station that Cindy Williams is on broadcast?
6081	Docks has hosted the funk rock band formed in what city in 1983?
6082	Home was an animation film that included which Rihanna song that premiered on February 24, 2015?
6085	What cover for the main game of NBA 2K16 earned a gold medal playing with Team USA at the 2012 Summer Olympics?
6087	Where was the second World Junior Ice Hockey Championship in which Miroslav Přerost coached the men's national junior ice hockey team hosted?
6088	What character did the star of Into The Homeland play on the TV show Nashville?
6089	To what team was the 2014 NBA Rookie of the Year traded in October 2016?
6090	Are John Tardy and Stza from the same country?
6092	Rimo I and Passu Sar are both part of which mountain range?
6093	"This Ole House" topped the UK chart in 1981 in a recording by a platinum-selling British rock and roll singer whose recording and performing career began when?
6095	The 2015 Cotton Bowl was played at the stadium that was the home of which NFL team?
6096	What Cason, CA soccer team features the son of Roy Lassiter?
6098	What Lithuanian producer is best known for a song that was one of the most popular songs in Ibiza in 2014?
6100	Bure Family Wines is named after former ice hockey player?
6101	What is the name of the multi-use sports and recreation facility that currently houses professional football club Dynamo Kyiv?
6103	Are both Superdrag and Collective Soul rock bands?
6104	What 4 divisions make up the company of the wealthiest person in Georgia?
6105	Where did the opera in which Iva Pacetti starred as Elena first premier?
6106	Which tennis player was born first, Kimberly Po or Leoš Friedl?
6107	Of all the teams John Nyskohus played for, which team was known as "the Black and Whites?"
6108	What  profession did Mike Robbie's father practice?
6109	What is the given name of the character depicted as Juliet Hulme in Heavenly Creatures?
6110	Valuair was acquired in 2005 by a low-cost airline based where?
6111	Are Steve Perry and Dennis Lyxzén both members of the same band ?
6112	Love Child is a 1982 biopic starring Beau Bridges, Mackenzie Phillips, and an actress that was nominated for the Academy Award for Best Supporting Actress for what 1985 film?
6113	Who was the New York City Fire Commissioner at the time of Providenza Panno's death?
6115	The reporter who digs into the campaign of a former Marine Colonel, worked where in Cleveland?
6117	Who was a member of "Cheney", who won 'Song of the Year' in 2009, Chris Cheney or Mikael Åkerfeldt?
6118	What athletic team has its football and basketball games broadcast on KFST and has a mascot who is named Bevo?
6120	Chantal Thomas wrote a book that was turned into a 2012 film directed by whom?
6123	What American actor born in 1946 was in a 1996 martial arts film written, produced, and directed by Donald G. Jackson and is also the uncle of Charlie Sheen?
6124	Were Logan Leistikow and Guru Dutt alive at the same time?
6125	Jamil Walker was born in a city with how many residents ?
6126	Which musician was a member of the rock band Silverchair and signed under Eleven: A Music Company?
6127	Jolyon James performed the role of Moonshadow in a musical by a composer of what nationality?
6128	Stitch's Great Escape! replaced the theater-in-the-round attraction in which section of the Magic Kingdom theme park?
6130	Who produced the film that featured the the song "No Matter What" on the US edition of the soundtrack?
6131	Philadelphia, Here I come! is a 1964 play by an Irish dramatist who has been likened to an Irish Checkhov?
6133	Wiener Werkstätte Style was part of the movement that took place during what eras?
6135	Which of these universities, Northwestern University or Johns Hopkins University, have a campus outside of the United States territories?
6136	Santa Bring My Baby Back was released on which fourth Elvis studio album in 1957?
6137	What novel about a murderer inspired Till Lindemann's music?
6138	Which founding member drew critical acclaim as a bass guitarist with melodic basslines  on Murmur?
6139	Air Chief Marshal Hugh Caswall Tremenheere Dowding was unwillingly replaced in command by a senior commander in the Royal Air Force born on what date?
6140	The song by English indie rock band Florence and the Machine written by Florence Welch and Francis "Eg" White and released in 2011 is named after the painting which was completed in which year?
6142	What is a crime that is punishable by the type of sentence that Madame Le Corbeau received in Canada?
6143	The 2011 FA Community Shield annual football match saw Manchester United win the game 3-2 with goals from Nani and this English professional footballer who played as a center-back?
6144	In which language is the notable song by Suresh Peters from "Gentleman "?
6145	WrestleMania XXX took place at the home venue of which National Football League team?
6146	Are Edward F. Cline and Floyd Mutrux both screenwriters?
6147	Who was born last, Dave Peverett or Jang Hyun-seung?
6149	Which rock band chose its name by drawing it out of a hat, Switchfoot or Midnight Oil?
6150	Who directed a 2005 supernatural horror film starring an actress who appeared in The Patriot and Kill Your Darlings
6151	Frank Blake's longtime protégé was also the chairman and CEO of what company in addition to The Home Depot?
6153	Who wrote and directed the American film, Elephant?
6154	Did Nicholas Hytner and Maya Deren work in the same role in the film industry?
6155	Which author was a dentist, Zane Grey or Bhabananda Deka?
6158	Did Vertical Horizon or LCD Soundsystem start their bands first?
6159	The American actor Chip Zien is best known for this Broadway production by which American composer and lyricist who received an Academy Award and Tony Awards?
6161	Who was born first David Draiman or Terry Kath?
6164	On what day of the week did the eleventh season's finale of American Dad air?
6165	When will Flicker, created by a member of One Direction, be released?
6166	What program did this Basham brother who appeared with World Wrestling Entertainment between 2002 and 2007 participated in 2007?
6167	Who co-wrote Taylor Swift's song that had its music video premiere during the pre-show of the 2015 MTV Video Music Awards?
6168	The ninth The Desert Sessions LP was released by by what kind of band?
6170	Were Cinderella and The Emperor's New Groove released by the same picture company?
6171	Are Donald Fagen and Lauren Laverne of the same nationality?
6173	Were both Ernst Messerschmid and Reinhold Ewald ESA astronauts?
6174	To which competition did the University at Albany, SUNY send a Puerto Rican hurdler and sprinter?
6175	How many albums have been sold by the band who was supported by Iron Maiden on their World Wide Blitz Tour?
6177	What basketball player elected to the National Collegiate Basketball Hall of Fame released music through Rendezvous Music?
6178	What is the name of the actress who played as Blair Cramer from the daytime drama series "One Life to Live" for 20 years who is also currently playing as Eve Donovan on "Days of Our Lives"?
6179	What is the relationship between the singers on the album Tales of Old Grand Daddy?
6180	Are the mountains known as Trivor and The Crown both found in Asia?
6181	Which private Catholic liberal arts college in Standish did  Don Ashley Turlington graduated from
6182	 What was the address of the building on U.S. Route 3 that was the tallest building in New Hampshire when completed in 1972?
6183	Are Glenn Bidmead and Jacob Hoggard both guitarist?
6184	In what year was the American singer, who with Kiely Williams, Sabrina Bryan, and Raven-Symoné made up The Cheetah Girls, born?
6185	What was the the origin of the player that the Bull's traded with 76ers during the 1999-2000 midseason?
6187	What sport does Simon Aspelin and Thomaz Koch have in common?
6188	In "Bon Cop, Bad Cop", Canadian actor Rick Howland played the role of Harry Buttman (a parody of Gary Beltman), who is the current commissioner of what National sports league?
6189	Gail Matthius co-anchored the Weekend Update segment of "Saturday Night Live" with the actor who played the villain Nicholas Andre in what movie?
6192	What English-American actor known for his role in "Raiders of the Lost Ark" starred in The Lodger?
6194	the municipality of Mirditë is in a country that had how many inhabitants in 2016 ?
6195	Are Angostura bitters and Springbokkie an alcoholic mixture?
6197	In addition to the individual born on August 21, who else wrote He's The Great Imposter?
6198	Who hosted the ITV show Celebrities Under Pressure and All Star Family Fortunes?
6199	when did they start the award which  Russell get for his  "Little Green Apples"
6201	in what year did the Israeli presidential elections take place after the resignation of the seventh president of Israel?
6202	Which season of Alias does the English actor, who was born 25 June 1961, appear?
6203	The rapper whose debut album was titled "Thug Misses" has sold over how many records worldwide?
6204	Q: Which actor played a role in the comedy series "30 Rock" as well as the drama series "Mad Men"? A: Jon Hamm
6206	Brian Newman's wife performs for what genre of variety show?
6208	What studio helped produce both Return to Never Land and McFarland, USA?
6212	What national team has the brother of Arturas Javtokas been a member of since 2004?
6213	The son of former Giants co-owner Bob Tisch worked with who to produce The Testimony?
6215	What East of Piccadilly star apperared in dozens of stage performances?
6217	What is Diego Tonetto's Italian passport called?
6219	A pakistani photogropher was the personal photographer of a Pakistani politician who served as Prime Minister of Pakistan from 1973 to 1977,and who also served in what political office prior to that?
6220	Which of the 2017-18 Cheshire League divisions is Ashton Town Association Football Club currently a member?
6221	Where was Nexon who was composed by Adam Gubman located at?
6222	How many minutes outside of Carson City is the Moonlite BunnyRanch on Moonlight Road?
6223	How many women in total competed at the Asian Games the year Lee Young-Sun achieved her personal best throw of 58.87 metres?
6224	What member from The Clinch Mountain Boys plays at the Huck Finn Jubilee Bluegrass Music Festival?
6226	The trophy given to the winner of the college football game between University of Idaho Vandals and University of Montana Grizzlies is derived from which European culture?
6228	Viking: The Ultimate Obstacle Course was a game show that aired in Europe with the British presenter who was an Olympic participant in what sport?
6229	Which person is known for playing in punk bands, Keith Morris or Rome Ramirez?
6230	Which American actor portray Steve Urkel in "Family Matters"
6231	Which film was was made first The Young Black Stallion or Wild Hearts Can't Be Broken?
6232	This Zimbabwean singer/songwriter co-wrote a song recorded by a Barbadian singer for her fourth studio album named what?
6233	The 2000 ICC KnockOut Trophy was the debut of a Jamaican cricketer who is a right-handed what?
6235	Who was born first, Chester Bennington or Mikael Stanne?
6236	The Church of England's Oxford Movement was opposed by a clergyman who wrote what type of literature?
6237	Who founded the collective which released the album Messe I.X-VI.X?
6238	Who created the show with Wendy Schaal doing the voice of Francine?
6239	Which movie was Valeria Golino in that also stared Tom Cruise?
6240	Are Joe Orton and Bernard-Marie Koltès both playwrights ?
6241	In which city is a football club that uses Gabriel Barbosa?
6242	Was American Scientist or Dwell published first?
6243	What other occupation did the "Law West of the Pecos" have?
6244	This Experts Network sports analysts was inducted into the Pro Football Hall of Fame in 2000 and played in the NFL for how many seasons?
6246	When was the English writer and screenwriter,died who was creator and writer of "Are You Being Served?" with David Croft?
6247	Which musician played in the band Soulfly, Max Cavalera or Billy Idol?
6248	In what county did Michael Ola attend high school?
6249	Which American-Canadian actor starred in the Disney Channel's "Good Luck Charlie, It's Christmas!"?
6250	The Cat in the Hat was a comedy film directed by which production designer and director?
6251	Which American digital media company and news satire organization that publishes articles on international, national, and local news did the comic artist of Jim's Journal co-found?
6252	What team did Robbie Keane play for after Inter Milan?
6253	For what ogranization does a commentator of Press TV serve as associate director?
6255	License to Drive featured what future president of the Screen Actors Guild?
6256	In which county is the town in which Raymond Robertsen was born ?
6257	Who is the British explorer and holder of several endurance records who partnered with Mike Stroud on polar expiditions?
6258	What are these two Malaysian businesses, Theme Park Hotel and Genting Highlands, considered?
6260	Who was the defense counsel of a German woman who underwent Catholic exorcism rites during the year before her death?
6261	Which star on the Mexican telenovela "Amy, la niña de la mochila azul" is also a singer, model, fashion designer, and recording artist?
6262	No Smoking is a film loosely based upon the short story Quitters, Inc., which of three stories that are connected by the presence of what animal?
6263	Who starred alongside South Korean actor and singer Kim Ki-bum in the 2012 romantic comedy series I Love Lee Tae-ri?
6264	The extended play (EP) "Calibraska" by the American pop-rap duo Jack & Jack, known for their 2014 single "Wild Life," is a portmanteau of what two U.S. states?
6265	 Still Reigning is a live performance DVD that showcases an album described by Kerrang! as what?
6266	What team was led to victory in 1939 by a two-time All-American basketball player nicknamed "Scat"?
6269	What series was Emily Bergl in that is set in Chicago?
6270	Who is older, Thomas Friedman or English author David Lodge?
6271	What college teamdid the point guard that led the way for Philedlphia 76ers in the 2017-18 season play basketball in?
6272	How many episodes were made for the science fiction series with Gus Birney?
6273	Where was the singer born who performs Pon de Replay and was born Robyn Fenty?
6274	What year was the player the Los Angeles Clippers aquired from the Atlanta Hawks born?
6276	Are the Galata Tower and Süleymaniye Mosque located in the same city?
6277	which board game has been around longer Obsession or Battle Sheep ?
6278	Who bestowed Kaganoi Shigemochi with a blade made by the person that founded the Muramasa school?
6279	The Voyage is a wooden roller coaster located at a theme park divided into how many sections ?
6280	Of what county is the city 7 miles east of Trace State Park the seat?
6282	What was triggered by the resignation of Conservative MP Stephen Phillips on 4 November 2016 and was when Caroline Johnson became a Member of Parliament?
6283	During the 2012-13 Blackppol F.C. season, their top scorer was what English professional footballer who plays as wither an attacking midfielder, winger, or forward for Premier League club Huddersfield Town?
6286	Both WAGS Atlanta and WAGS are what?
6292	Are Gabe Saporta and Robert Plant both English?
6295	WHICH GROUP OF PEOPLE NICKNAMED THE US ARMYS REGIMENT "BUFFALO SOLDIERS" IN WHICH THOMAS SHAW WON THE MEDAL OF HONOR DURING THE INDIAN WARS?
6296	In what city did the 23rd overall pick of the 2015 NHL Entry Draft helped the United States national junior team win a bronze medal?
6299	"Outside of Heaven" is a popular music song which a recording by Eddie Fisher was made at a building that in 1976 was purchased by who for $3 millon?
6300	Who else beside the  American university administrator and politician from the state of Oklahoma was part of the  Boren-McCurdy proposals?
6301	Kevin Yorn an American entertainment attorney who represents an Australian actor who  played the role of Josh Taylor in what soap opera?
6302	In what year did construction begin on the stadium where the 2013 America East Men's Lacrosse Tournament was held?
6303	The focus city for Israel's third largest airline is located where?
6304	Who starred in Umm-e-Kulsoom whose mother was Afshan Qureshi?
6305	Skyplex has which roller coaster that will become the tallest in the world when it opens in 2020?
6307	Daniel Walcott was selected by the New York Rangers in the 5th round of a NHL draft that was held in what city?
6308	What kind of film are  The Silent Historian and The Betrayal – Nerakhoon?
6314	The Trans-Tasman Challenge winning car was based off which second generation North american Ford compact car?
6317	Many jack-in-the-boxes use an English nursery rhyme with a Roud Folk Song Index number of what?
6318	Who was the founder of the network on which the Pakistani drama serial "Meri Beti" aired?
6319	What was the nickname of the player who played his final season for the 2016 Miami Dolphins before dying in an accident?
6321	Larry Mosley and his cousin Shane Mosley both box in which division?
6323	Manni Sandhu worked with what singer that was born in 1977?
6326	Which of the writers of "The Telltale Head"  was born on February 15, 1954?
6327	Which 1949 British black comedy film does the Skindles hotel appear on?
6329	Future Rhythm is the fourth album from a rap group that is from what city?
6330	Ross Pople worked with this French dominant figure of the post-war classical music world.
6331	Who was born first out of Nick Grinde and Karel Reisz?
6334	"Show 'Em (What You're Made Of)" is a song written by a group of people including an American singer/songwriter who was inducted into what on April 10, 2015?
6336	What was another title published by the owner of the pseudonym Frank Talk?
6337	What do Susan Stafford and Vanna White have in common?
6339	Alexander S. Wadsworth served during the war that was faught between which two countries?
6343	 VEU, the American television channel owned by Golden West Broadcasting was similar to a defunct television servied owned by who?
6351	In what league does the team play that has Marko Dmitrović as a player ?
6352	What is the population of the settlement that is next smaller than the city with a population of 67,038 on the Argentine side of Tierra del Fuego?
6357	Ali Eren Balıkel started a restaurant which hosted a number of famous figures including an English actor who won three consecutive what?
6358	When was the American singer, songwriter, record producer, dancer and actress born who's second studio album is Chapter II?
6360	Who performed the Simon & Garfunkel song that was a follow-up single to "The Boxer" on Australian Idol?
6361	Are Jerome Storm and Andrés Wood from the same country?
6362	What is the birthdate of this Australian dramatic coloratura soprano, who taught Simon Gilbert?
6364	Carlo Buccirosso had a role in a movie that premiered at what film festival?
6365	What city has had an NFL football team with the same name as a Los Angeles NFL team?
6366	Which documentary film was created first, The End of Suburbia or Super High Me?
6367	Are Ari Up and Boz Burrell both guitarists?
6369	What American bluegrass singer performed the song Restless with The New Nashville Cats?
6370	What theme park was seen as a competitor for Ocean Park Hong Kong and opened in September 2005?
6371	Which author wrote about a woman captured by the Symbionese Liberation Army?
6372	The 1996 film "The Christmas Tree" stars Andrew McCarthy and an actress that has won how any Emmy Awards?
6373	In what country does the director of Shirin in Love, live?
6375	Where is the airline company that operated United Express Flight 3411 on April 9, 2017 on behalf of United Express headquartered?
6376	The chorus of "On the Radio" contains references to the song "November Rain" whose band's lead singer is?
6377	Did the Beaulieu Mine or the McIntyre Mines yield gold and copper?
6378	When was the  Argentine former footballer which  Dutch manager Ronald Koeman replaced in  2014–15 Southampton F.C. season born
6379	Kim Jong-hyun's first studio album was distributed by whom?
6381	Who won more awards, Frank Sinatra or Nivek Ogre?
6388	Are both Pomeranian and Sporting Lucas Terrier named after a particular person?
6389	Who graduated from The SC Bastia Reserves and Academy  and was born 9 September 1987?
6391	At which arena does the team, for which Adam McKenzi is currently a member, play their home games?
6396	What staff member of the editor of "London Review of Books" wrote a semi-fictionalised account of working for her?
6397	LJM was one of what type of company Andrew Fastow used in the Enron scandal?
6398	Who were the live-in lovers of the founder of "Playboy" magazine in 1999 and 2000?
6399	Which record producer from Stockbridge, Georgia is the lead singer of Collective Soul?
6400	When was the game, in which Drew Gehling voices Gord, released for PlayStation 2?
6402	In what Chennai location are trade laws different from rest of the country?
6403	What characteristics do Rosario Castellanos and Arthur Hailey  share?
6406	John Paesano wrote which film for DreamWorks Dragons?
6407	The board member of Goldman Sachs also founded a company with a man who co-founded what?
6408	On which station did the 2014 South Korean television series, starring the main rapper of boyband SS501, air?
6409	WHAT WAS THE NAME OF THE BOOK MADE INTO THE 2015 SOUTH KOREAN CRIME THRILLER, THE DEAL, DIRECTED BY SON YONG-HO AND FEATURING SOUTH KOREAN ACTOR PARK SUNG-WOONG (BORN JANUARY 9, 1973) AS A SERIAL KILLER?
6410	What career led Brandon James Routh to move to the city where Brian Ralston lives?
6411	Are Waco Regional Airport and Idaho Falls Regional Airport both city owned airports?
6413	This English indie pop band formed in 2005 consisting of Oliver Sims, and also inspired My Wicked Heart is from what city?
6415	Which band The Innocence Mission or Starflyer 59 was formed first ?
6418	Whataburger in Richardson Square is loacted in what city and state?
6420	How many Grands Prix wins did the Formula One driver from Brazil that holds the record for the most races contested score?
6422	Which Genre of Television did Charles Quinton Murphy act for?
6424	Who is older, Gabe Saporta or John S. Hall?
6425	Where was the Danger Mouse produced U2 album exclusively released?
6427	The American comedy film Krystal stars which actor who appeared in numerous films such as "Contact", "Armageddon", "The Perfect Storm", "Crash", "Blades of Glory", "Black Hawk Down", "Nine Lives", etc.?
6428	What is the start date of this tour that was the third concert tour by an American singer-songwriter and was completed in support of the album Red?
6430	Which American BMX rider hosted a show that spun off from "Real World" and "Road Rules"?
6431	What novella was "Eyes Wide Shut," starring Vinessa Elizabeth Shaw, based on?
6432	What award was an actor born in 1955 that acted in the movie Ransom nominated for?
6433	when was Quiet in Heaven/Song of Liberty recorded?
6434	In what year was the soft drink that the Coca-Cola Company designed Red Flash to compete against created?
6435	The Victoria's Secret Fashion Show features what fashion model who was born in 1988?
6437	Which film was released first, Laura's Star or Wonder Woman?
6440	What kind of producer is the person who helped created "The Spiderwick Cronicles" with Holly Black?
6441	What is the park that that People's Choice Classic is a criterium around in close proximity to?
6442	What notable work from French music video director Yoann Lemoine features an apology and plea for forgiveness?
6443	Janet Williams has performed with an internationally recognized solo pianist whose recordings have earned him five what?
6444	Which American popular music and country music singer recorded J. D. Souther song
6445	Are Control Room and Meeting Resistance both documentary films that involve Iraq?
6447	Not About Angels was used in the film adaptation of what novel by John Green?
6448	In addition to Hyerim and the individual who left the group in January 2010 to pursue her academic career, who were the other two final members of the group Wonder Girls?
6450	Both William Friedkin and Jon Paul Puno are both directors of which type of media?
6452	Both Andrew and Jeremy Get Married and The Last Lions are what type of films?
6453	Although he mostly provided backing vocals as part of this group, Mark Owen's first single "Four Minute Warning" released on 4 August 2003, was once part of this English pop music group.
6455	Which college is located in the United States, University of Delaware of University of Debrecen?
6458	What is the English translation of the name of the novel series which the Four III is the final installment of?
6459	The mother of  Megan Phelps-Roper is best known as the former spokesperson of a church located in what city?
6460	What kind of subgenre of a dark wave music, developed in 1980s in the UK, is using the musical duo from Melbourne, Australia?
6462	What is the name of the 1988 film starring Gene Bervoets that was based on the Dutch to English translated novel, "The Vanishing"?
6463	What is the nickname for the artist who released "Sings the Country Music Hall of Fame Hits, Vol. 2?"
6465	During the 2009 St. Petersburg Bowl on December 19, 2009, which future Atlanta Falcons wide receiver was the game's MVP?
6470	Which of the teams that Sun-woo Kim played on never won a division title?
6471	What football club was owned by the singer of "Grow Some Funk of Your Own"?
6472	What series has Smith worked on that is based on a novel by Margaret Atwood?
6474	What footballer beat out a German professional footballer despite his 18 clean sheets?
6475	 Steven S. Crompton is a Canadian-born artist known as the artist for a a fantasy role-playing game designed by Ken St. Andre and first published by who?
6480	What album succeeded Kendrick Lamar's album that had the song Money Trees in it?
6481	Yakuza Kiwami is a remake of the first video game in what video game series that is an open world action-adventure beat 'em up video game franchise?
6482	What actress and and writer starred with Jennifer Saunders in bothe "The Supergrass" and "French and Saunders"?
6483	In what year was the drummer from the album "Angel of Retribution" born?
6484	Who was an American senior operations officer for the Central Intelligence Agency for 30 years and worked for Eclipse Group?
6488	...Ready for It? is a Taylor Swift song from the album scheduled to be released on what date?
6489	What character did G.D. Spradlin's collaborator Marlon Brando portray in "On the Waterfront"?
6490	What is the magazine that listed "Jump Around" by House of Pain at 325 out of "500 greatest songs since you were born", known for?
6493	What's the function of Axess, an IT company spun out of Japan Airlines, the national flag carrying airline?
6494	William Bromley-Davenport held political office under the Prime Minister who was of which party?
6495	Agnes Body was the founding head of a state secondary school located on what road?
6499	Simon Walker released a historical novel by James Fenimore Cooper named what?
6500	What insurance company sponsored the Curling Skins Game in 2014?
6503	The actress that plays Charity in the drama series "Greenleaf" is a member of a musical family from what city and state?
6508	Which gaming console was both Yakuza Kiwami and Yakuza 0 released on?
6509	What is the middle name of the female MSNBC journalist critiqued on the Daily Howler?
6510	Which American former competitive swimmer was Mitzi Kremer team mate
6512	Football at the 2006 Asian Games with Wisoon Wichaya as its coach was played how many days prior to the opening ceromony in Doha, Qatar in 2006?
6519	What author wrote a three book series of memoirs that are studied in school systems around the world?
6520	How many times did the man who coached the 1986-87 UNLV Runnin' Rebels fail to win 20 games in a season?
6523	Who is a guest in the final two episodes of season eighteen of South Park?
6524	 Curious is a women's fragrance by a singer born in what city and state?
6530	What country of origin does Witness and Pamela Wallace have in common?
6531	Which  Australian singer-songwriter wrote  Cold Hard Bitch
6532	What was the country which has border with the village where an Austrian forest caretaker, naturalist, pseudoscientistref>Ronald Engert: "Die Forellenturbine als Prinzip der kostenlosen Energiegewinnung born?
6533	What mall was known as a twin of the mall located on I-45 on the Southeast side of Houston?
6534	While Jennifer Granholm was the Govenor of Michigan from 2003-2011, Ray Wert was responsible for doing what for her?
6535	Between The Goldeneye and Monkey Gland, which cocktail requires more ingredients?
6537	Lear's and Oh Comely are both what?
6538	Where is the company that came out with VisionPLUS headquartered?
6539	In what year did Australian-born comedian Peter Helliar write I Love you Too?
6540	What type of rock makes up the formation where Douglas Crabbe drove into a bar?
6541	Which game is designed by more persons, Elfenland or San Marco?
6542	Which Naperville Central High School quarterback, became the 1988 starting quarterback for the Leicester Panthers?
6544	Who was born first Edward Keonjian or Aram Saroyan?
6545	How many United States House of Representatives does Maine's congressional districts have?
6547	Frankenweenie featured the voice of a Canadian American actress who is known for Second City Television, as well as what 1996 movie that was directed by Christopher Guest?
6548	C. Bernard Jackson founded the center that started the career of which actor, who played the part of Marty Castillo in "Miami Vice"?
6549	What man won an Academy Award for his work on a drama based on the life of Rocky Graziano?
6550	Criss Angel generated $150 million in tourist revenue for his live performance show in what city?
6552	Which of these artist lives closer to Canada, Koshi Inaba or Jonathan Davis?
6553	Which client of Lindka Cierach played Queen Elizabeth II in "The Queen"?
6555	Maximilian Büsser was the CEO of a company that produced timepieces from which country?
6558	Who is the English Professional Footballer that is the niece of a former footballer born in the same place as where he plays?
6562	What is the first name of the author who wrote the play in which Rønnaug Alten made her stage debut at Den Nationale Scene in 1930 as "Viola"?
6563	As former head of Orange County Ironworks, what has his hit TLC show called?
6566	Which writer of French descent actually lived in France, Maurice Level or John Dufresne?
6570	Which of the campaign that brought out the term Vichy Republican on social media was formally launched on June 16, 2015, at Trump Tower in New York City?
6573	What industry did both William Todd Field and Zoltan Korda work in?
6574	When did the first bank come into existence that is part of an organization that serves rural areas of India with basic banking and financial services?
6575	which star of Hwarang: The Poet Warrior Youth was born on November 16, 1991 ?
6576	What team was formed in 1996 that starred players like Robert Parish?
6577	Which rapper released the album Big Fish Theory featuring a number of styles of music including Detroit techno?
6578	Who served as the head coach for the Grizzlies in the 2004-05 season and as head coach for the Brooklyn Nets?
6579	The Lowry Hotel is named after an artist, many of whose drawings and paintings depict what town?
6580	Name three common things that are used in playing Monopoly and King of Tokyo?
6581	when the Marlins are the home team, games are played at this park which was LEED certified as the greenest MLB park in what year?
6582	Where did the steamship company whose former director was an Australian politician born in New South Wales operate for its first 100 years?
6583	Tim O'Kelly was cast in a film because he resembled a killer nicknamed what?
6584	What famous pawn shop do Richard Kevin Harrison and Core Harrison own?
6585	What type of product is the sponsor of the Premiership Rugby Sevens SeriesSeries ?
6586	What is the name of the largest shipping facility in the Northeastern United States, where the Boston Red Socks play?
6587	This sister company  of Líneas Aéreas Privadas Argentinas is most commonly known by its shortened name Austral?
6588	The current coach of the Los Angeles Clippers was signed as a free agent to the San Antonio Spurs during what season?
6589	Where does the team that Flavio de Jesús Santos  plays for play home games?
6594	The first female correspondent for Inside the NFL was replaced by who on the show American Ninja Warrior?
6595	A book that attracted 600 people at a 2015 reading is based on a person who is documented for what attribute of the transgender movement?
6596	What is the name of the band that had a song featured in the second installment of a 2005 horror film starring Donnie Wahlberg?
6597	Which black comedy sequel to "Forgetting Sarah Marshall" starred an Australian actress?
6598	What two positions did the man who broke Buzz Arlett's home run record play?
6599	Which politician represents a city on the Flathead Indian Reservation?
6600	The 2005 film Remedy featured Frank Vincent from The Sopranos and several mob movies by which acclaimed director?
6601	Jalen Jones plays basketball for an NBA team that plays their home games in what arena?
6603	 Heikki Seppa studied metalsmith at Goldsmith's school in Helsinki, and later at a silver factory founded by who?
6605	What title did the actor who worked with Sivaji Ganesan in a 1970 drama film other than actor?
6610	What is the main nickname of the professional association football club where Ewan Fenton spent thirteen seasons?
6611	Which actor from the South Korean-Thai drama film Final Recipe debuted as a member of Super Junior-M in 2008?
6613	Lou Pai is a former executive of an energy company that went bankrupt in what year?
6614	University Visvesvaraya College of Engineering has an affiliation with what member of the Association of Indian Universities?
6615	How many small-box format stores are there for one of Newell Brands' brand that sells scented candles, candleholders, accessories, and dinnerware?
6616	How many top 20 singles did the singer that released the 1990 album "Reputation" have?
6617	What role was the English actress. who starred in The Priory known for
6618	Under which ring name does the wrestler who participated in a taser match with Bam Bam Bigelow, associate himself with in the World Wrestling Federation?
6619	What year did the person who beat Alex Clark for mayor in 1967 stop serving as a US senator?
6622	Which of the role of Cindy Robinson was an anime adaptation of the "Blue Dragon" video game series?
6623	What bitcoin start up featured Erik Voorhees as Director of Marketing?
6624	How many albums had been recorded by Talking Heads by November, 1980?
6626	Who sponsors the award Alex Rodriguez won two of?
6628	What machine has the same name as another machine created by Ludwig Boltzmann?
6629	After coaching the red raiders to several winning seasons, where does Mike Leach currently coach at?
6632	Which President did the American model who posed nude for Penthouse and whose story is recounted in the book 'Their Lives' gain notoriety after revealing a sexual encounter with him?
6634	What is the title of the person who is Head of the Department of Biological Sciences at the University of Lincoln
6635	What kind of creative artist was Howell Conant, famed for his work with Grace Kelly?
6637	Are Floor Jansen and John McCrea from the same band?
6639	Which has more members, Dada or Alt-J?
6640	Is James Bourne a band member of both McBusted and The Auteurs?
6641	What was the first role in television for the actress who played Lindsay Lohan's best  friend in the Disney Channel's  original movie "Get a Clue"?
6643	Gérard Dubois opened the first La Rose Noire in which complex of office towers and hotels in Hong Kong?
6644	Toby Scott worked with which American singer born on May 24, 1941?
6651	A 2013 Smurfs moving is based on what short story that was originally published in 1820?
6654	Which guitar brand was endorsed by the band centered by Ann and Nancy Wilson?
6656	Who wrote the lyrics to the 2016/2017 Australian production that stars Gretel Scarlett as Kathy Selden?
6657	Juhi Parmar who appears in colors TV's high rated mythological show shani which premiered on November 7 2013 was born when?
6659	IS Universidad de Oriente part of the same public university system as California State University, Dominguez Hills?
6660	Was High Times or National Geographic published first?
6661	How many months apart are Johan Mjällby and Neil Lennon in age?
6662	How many cards can a player choose from to be part of their hand in the card game that was the culmination game of the United States Poker Championship?
6665	In what category did the composer of "Elliot, a Soldier's Fugue" win a Tony Award in 2008?
6667	What is the capacity, for basketball games, of the venue for the 2014 FIBA Basketball World Cup Final ?
6668	What do Park So-yeon and Michael Crafter have in common?
6670	What type of elevation does Aldgate railway station, Adelaide and Aldgate, South Australia have in common?
6671	In which year was the University where Joost Alois Businger is an emeritus professor established ?
6672	Brandy was handpicked by a producer that herself had been recognized by the "Guinness World Records" for what?
6673	What type of musician does Beau Bokan and Jason Scheff have in common?
6674	Jessica Ashley has recorded her own songs and has also written songs for which singer known for her song "Leave (Get Out)"?
6676	Following The Simple Things a featurette directed by Burny Mattinson was produced, called what?
6677	Maria Radu is best known for winning the 3000 meters at which Edmonton, Alberta, sporting event?
6678	Where are the 17th Street Canal and the Beaver and Erie Canal located?
6680	What profession did Willi Forst and Elmer Clifton share?
6682	What famous composer leveraged microtonal music and unconventional methods of musicianship to create his contemporary reknown?
6685	 Chun Woo-hee's notable films include a South Korean horror film about  a policeman who investigates a series of mysterious killings and what?
6686	The musician who did "Khalaara" was born on what date?
6687	What city is home to the private research university Jung Seul-ki swam for?
6688	What building in the capital of city of Brandenburg has a roof that is 1 m bigger than the roof of the Der Oderturm?
6689	During which months of the year does the goalkeeper for Bengaluru FC play?
6690	Dulce Maria García Rivas took part in a "Mask vs. Hair" match with which female wrestler at Guerra de Titanes?
6694	What Was the name of Juan Manuel Márquez's  WBO champion holding younger brother?
6695	Droga5 has done advertising for an American fashion designer who is the founder of what besides Ecko Unlimited?
6699	Mother and daughter duo Indian actresses appear in which type of films
6701	Who was an American cartoonist and publisher who had Fred Carter working for him?
6703	Which restaurant was founded first, Papa Murphy's or Gino's Pizza and Spaghetti?
6705	Where was the Super Bowl, that Alan Faneca won, played ?
6707	What is the name of the historic figure whom participated in surveying the borders of the District of Columbia and had a premier African American recreation center named after him?
6708	The music magazine launched by Rob Stone and Jon Cohen that interviewed CupcakKe about her album Audacious in September was the first print publication to be released where?
6709	What is the name of the third act in a play where a character named Carlo Gérard is partly based on a revolutionary figure?
6710	In which European language is "Olympischerer" an adjective?
6711	On which 2012 American military science fiction action film, directed by Peter Berg, did Jason Snell work?
6712	Who directed the film that had "The Distance" in the soundtrack?
6713	Barbara Streisand's 34th album Partners features a duet with which of her children?
6714	What is the population of the city as of the 2010 Census where the band Quincy Mumford & The Reason Why is based?
6715	Which director, Christopher Guest or Elem Klimov, is known for writing, directing and starring in his movies?
6719	Which is a beauty magazine, Allure or Claudia?
6720	How many years in prison did the Norfolk farmer defended by Anthony Scrivener serve?
6721	Who is the cofounder of Big Gates Records that collaborated with DJ Khaled on his second album “We the Best”?
6722	Jeff Perry the current star of the ABC political drama Scandal is in an upcoming thriller direct by who?
6724	Does Frank Pepe Pizzeria Napoletana or Donatos Pizza have more locations?
6726	Which tennis player is older out of John Peers and Simone Bolelli?
6727	Where is the investment firm that acquired TI Automotive in 2015 headquartered?
6728	Back Up n da Chevy was an album by the rap group from what city?
6731	"The Chance of a Lunchtime" is an episode of a BBC sitcom writtem by who?
6732	Which aired first, Life After People or Werner Herzog Eats His Shoe?
6735	The winner of the 1984 United States Senate election in Maine took on what political role from 1997-2001?
6739	"Let's Get Ready to Rhumble" is a 1994 song by a music duo from where?
6741	Don Swayze was one of five children.  His older brother was trained in dance by their mother, Patsy Swayze, leading to his role in "Dirty Dancing".  Who is his older brother?
6744	Who is the player that is Dutch who was the head of the Arsenal Football Club?
6745	Between Mike Muir and Paul Di'Anno, who has worked with more bands?
6746	Where was one of Sergei Prokofiev's most well-known operas first performed in 1921?
6750	Welcome to Nollywood and Out of the Shadow are both what?
6751	Which body of water required more intensive man made barriers the Dundee Canal or Lake Worth Lagoon?
6754	In what year was the singer who popularized "I'll Keep the Lovelight Burning" born?
6756	The Hip Hop Republican was credited with giving blacks emphasizing traditionalism and capitalism a sense of community during which presidential election?
6757	What band did both Delores Holmes and an inductee to the Rock and Roll Hall of Fame sing in?
6760	When was the star of the 1982 remake of The Spider's Web appointed to Dame Commander of the Order of the British Empire (DBE)?
6768	What anchor store in the Stratford Square Mall has 728 department store locations in the continental United States?
6770	Which film was Shannyn Sossamon in that was directed by Michael Lehmann?
6776	Which genus has more species: Sarracenia or Butea?
6778	Careers and The Really Nasty Horse Racing Game are both what kind of game?
6779	Michelle Lewis has written songs for which "Lizzie McGuire" actress?
6780	Choi Jun-hong  is best known as a member of a group formed in which year ?
6781	What bluegrass singer provides vocals for a song on the album which was released in September 2013 through PRMD Music?
6786	In what city did the 1959 William & Mary Indians football team lose against the #13 Naval Academy?
6787	Often seen at the Academy Awards pre-show, what is Robin Roberts's occupation?
6788	From what nation is the football player who was named Man of the Match at the 2001 Intercontinental Cup?
6789	What is the name of the basketball team that trained under assistant coach, Steven Michael Henson at the University of Oklahoma ?
6790	Which author lived longer, Nelson Algren or Nathanael West?
6791	How many members does the Tennessee Volunteers football team's Conference have?
6792	What British rock band released the album Brothers in Arms in 1985 which also featured a song with the same title?
6793	Danglemah, New South Wales is between which town and the town on the south-eastern edge of the Northern Tablelands, New South Wales Australia?
6794	What 3 countries are part of the legal name of the airline that merged with Braathens in 2004?
6795	Who played the female lead in a 2007 Indian Telugu film that was an unofficial copy of a remake of Lina Wertmuller's 1974 film?
6798	What genre did the writer whose novel was based on "I'll Take Manhattan" writes?
6799	Which of Damon Stoudamire's cousins once played college basketball for the University of Kentucky?
6801	What is name of the business unit led by Tina Sharkey at a web portal which is originally known as America Online?
6803	Piers Bizony has written articles for which magazine based in Bristol, UK?
6805	A man who played in the 1986 FIFA world cup played for what team during the 1982 Scottish League Cup Final?
6806	Who is a guitarist, Saffron or Myles Kennedy?
6807	Which magazine was first published earlier, The Chronicle of Philanthropy or Skeptic?
6809	Which band was formed first, Goldfinger or The Fray?
6810	How many children's books has the writer of the sitcom Maid Marian and her Merry Men written ?
6813	 Steven Rattazzi provides the voice for the character of Doctor Byron Orpheus on an animated series created by who?
6816	Which contributor to the CBS News program "60 Minutes" also contributed to The Great American Dream Machine?
6817	How many Studio albums did the group that released the debut album The Cactus Al/Bum release in their initial career?
6818	Which music group has the most members, DC Talk, or Manchester Orchestra?
6820	Casino and Culto A La Vida are cocktails, one of which contains Havana Club 7 and what else?
6821	Minneapolis hip hop collective member that released album in 2006?
6823	Which singer is also a comic book writer, Max Bemis or Robert Palmer?
6826	Are Kim Dong-jun and Charlie Harper both singers?
6827	What New York city is 60 miles northwest of the Glen Iris Inn?
6831	Where is the home of the common party princess voiced by Idina Menzel?
6832	Were Frank R. Strayer and Krzysztof Kieślowski both Directors?
6836	In what year was the aviator in whose honour the Quai d'Auteuil was renamed born?
6837	How many records did the boy band who released "Said and Done" sell worldwide as of 2013?
6838	What is the origin of the name of the neighbourhood in which the building at 359 Broadway is located ?
6839	Are Grant Nicholas and Danny Shirley both American singers?
6841	Which mountain, Masherbrum or Khunyang Chhish, is a taller mountain?
6843	A writer for The Kenyon Review won a Pulitzer Prize in what year?
6844	Peter Bales and Raphael Holinshed both worked on what project?
6845	The actor who starred in "The Hearse" gained worldwide film by starring in whose series of 1940s films?
6846	Sand Mountainis part of the southern tip of a mountain chain in which part of North America ?
6847	Since what historic period has the area known for its Crottin de Chavignol goat cheese been inhabited?
6848	Where is the brand "Moe's Southwest Grill" owned based?
6849	A British sports, health and leisure business hosted the World Games on what dates?
6851	Ella Purnell appeared in this 2014 film loosely based on what fairy tale?
6853	How many movies did the "Comic Book Villains" star born on march 20,1970 apprear in since the early 1990s?
6855	Which of the university at which Jack M. Guttentag  is a professor emeritus of finance was established in 1881 through a donation?
6857	Orson Scott Card first published his short story "Killing Children" in this American science-fiction magazine whose first issue was published when?
6858	Which crop first domesticated in Mexico has its price regulated by a Mexican parastatal created in 1962?
6862	Which Kevin Costner movie included an actor who also starred in "Little Big League"?
6863	In which year was the coach of the 1917 Pittsburgh Panthers football team inducted into the College Football Hall of Fame?
6864	Who is this American cartoonist, writer, producer, animator, and voice actor that worked with this multiple Shuster Award, Harvey Award and Eisner Award nominee and an Eisner Award–winning comic book creator?
6865	Tony Leung Ka-fai is a four time winner of the award that has been on offer since what month?
6866	Which former lead guitarist has a solo album named two disc compilation album?
6867	What is both Grimaldi's Pizzeria and Papa Gino's primary menu item?
6868	Were both Tom Gullikson and Jürgen Melzer professional Austrian tennis players?
6870	Who was born first, Bobcat Goldthwait or Maurice Elvey?
6872	What speech by Abraham Lincoln was part of Richard Heffner's A Documentary History of the United States?
6874	Are the bands Tiger Please and Black Rebel Motorcycle Club from the same country?
6875	what season of shark tank did Roominate get invsetments
6876	What is the mononym of the Fillipino singer that released the album "My Inspiration"?
6877	What is the birthday of the man who played Lex Luthor in Superman IV: The Quest for Peace?
6878	The Black Star identified closely with this American magazine magnate who was called what?
6879	Why did the CEO of the football team based in Denver, Colorado step down in 2014?
6880	What was the name of the storm that was the fifth hurricane of the season where Miami, Florida became the new National Hurricane Center?
6882	The Battle of Uddevalla occurred during what 1675-1679 wars?
6884	What was the former name of the stadium, from 1997-2017, where the Aztecs play?
6886	Worker: What professional title to both Christopher Nolan and Paul Schrader boast?
6888	The subject of the biography "Name Dropper" was born in what year?
6889	A 2005 computer animated short film by Pixar, and directed by an American director that was born in 1957, is based on what film?
6893	Who described the person who started the current American Independent Institute in 2014 as "one of the most influential operatives in the Democratic Party"?
6894	Ricky Martin's concert tour in 1999 featured an American heavy metal band formed in what year?
6895	What was the previous name of the hotel Bill Cosby recorded his comedy album, For Adults Only, in?
6896	Were the films "Ten Who Dared" and "Tonka" distributed by the same company?
6897	With what team did the player who eclipsed Bill Madlock's batting title record for a third baseman win the World Series?
6900	What American actor amd director is the son of Debbie Reynolds and Eddie Fisher?
6901	When was the stadium that held the 2015 Magyar Kupa demolished?
6902	For which band, was the female member of Fitz and The Tantrums, the front woman for ten years ?
6908	The driver know for doing backflips off his car lost to which driver in the 2009 NASCAR Nationwide Series?
6911	Are both Dodgy and Massive Attack based in the same country?
6912	Are Fastbacks and Local Natives both from the same US state?
6914	What town in Piscataquis County, Maine, housed the smallest railroad in the United States in 1890?
6915	Lisa Howard had a role in the comedy that had music and lyrics by whom?
6918	Which footballer who is an attacking midfielder for Premier League club Stoke City, has Jim Cassell developed?
6919	Who was President of the United States when Jennifer Hunt served under Secretary of Labor Seth Harris?
6920	Robert Bobby Noble's third football engagement was with a association station where?
6921	What was the budget of the prequel to Beyond Skyline?
6924	Which war was HMS Clonmel in where over nine million combatants died?
6925	Do Tropical Fish Hobbyist and Curve cover the same topic?
6926	Which writer is older, Joseph Epstein or Milan Kundera?
6927	The magazine that nominated George Rainsford for their Best Actor award in 2017 comes out every week on what day of the week?
6930	At what theater is the composer and lyricist for the musical Big Fish a residential artist?
6931	Lakshmi Shankar is the mother-in-law of an acclaimed Indian violinist who was noted for what?
6932	Which production company was involved with both of the movies A Kid in King Arthur's Court and The Great Locomotive Chase?
6933	Which was formed first, Noori or Test Icicles?
6934	What was the population in 2010 of the town where The Stelljes House is located ?
6939	What is the nationality of the author of Fifty Shades Freed?
6940	Among the prominent members of the Walla Walla expeditions was member of tribe whose reservation is how many square miles in total?
6941	What occupations do Toshi and Emily Haines share?
6943	What is the current occupation of the footballer replaced by Zdenek Zeman at the beginning of the 2012-13 A. S. Roma season?
6944	What is the 2010 census population of the city in which Antonio Carmona Añorve was the director of police?
6945	Which play is set in one act, Bluebeard's Castle or Agrippina?
6946	What movie was the actor born on May 4, 1946 involved in in 1972?
6951	Drachen Fire was a roller coaster located behind which suspended coaster at Busch Gardens Williamsburg?
6952	Kevin Wayne Durant was named what ?(An Award initiated following 1952-53 NBA Season?
6953	In which film did Emilio Estevez star in in the same year as Nightmares
6954	Who has the highest scope in profession in  Rob Thomas or  James Dean Bradfield
6955	Nelson Chai is the former president of what financial holding company that was founded in 1908, and is headquartered in New York City?
6956	What was the founding year of the county where Weber's Store is located?
6958	Are both John Corabi and David Byrne musicians?
6959	Yau Ma Tei North is a district of a city with how many citizens?
6960	What nationality is the sport club that the current coach of Werder Bremen played professionally for?
6962	Who directed the 2001 film that featured Yu Rongguang?
6963	Do singers Lee Donghae and Dappy have the same nationality?
6967	What is the original surname for the actor who sang "It's a De-Lovely" in the 1962 revival of "Anything Goes"?
6968	Which magazine ran for only one year, Kilobaud Microcomputing or Humbug?
6970	Where is the  highest level of baseball which Koichi Sekikawa is a former outfielder in located
6971	What was the Canadian movie called in Italy that stared a professional American football defensive end of the National Football League along with Michael Ironside?
6972	What team had Tony Roberts replaced by an American sportscaster from Buffalo, New York when he retired?
6973	 "Collateral Damage" is an episode of the television series "Millennium" and features the host of a late night talk show that airs how often?
6974	In what year was the fantasy and science fiction author of the short story "Recovery" born?
6975	Les Patterson Saves the World was a comedy film starring the author of which autobiography?
6976	Which Spanish football team did Ángel Dealbert Ibáñez  played for
6977	What position in their bands did both Christopher Amott and Johnny Edwards have in common?
6978	What film debut in 2006 with a South Korean actress born in 1972?
6980	Which band was active the longest, Spirit of the West or Big Pig?
6981	What part of Australia is Alice River and Rupertswood in?
6983	The Environment Act 1995 passed under the tutelage of a politician associated with what political party?
6984	Which band was formed first Killing Joke or Acceptance ?
6985	Among the cast for "Suicide Squad", who has also appeared in "Flags of Our Fathers"?
6991	The city Charles Prince Airport is approximately 16 km northwest of was called Salisbury until what year?
6992	The actress that played  Pearl Gallagher on the tv sitcom "Diff'rent Strokes" is also the voice of an animated character that debuted in what year?
6993	Are Lycoris and Ammi both native to southern Asia?
6994	Are Darren Benjamin Shepherd and Rémi Lange both American?
6997	Which magazine produces more print editions yearly, Nautilus or TV Guide?
6998	"Knock" is an example of fiction by Frederic Brown that has how many words?
7000	The Lang Labor Party was the group that aligned with the policies of the government that followed what system?
7001	What is another name for basidiomycete fungus?
7002	Which species is native to Asia, Corokia or Rhodotypos?
7003	 Which album did the band Kraftwerk release after their successful album which reached number 25 on the US "Billboard" Hot 100 chart?
7005	When was Aimee Carrero's depiction of Angie first aired?
7008	Claudine's Return starred the actress who played which role on "Married...with Children"?
7010	Ladislav Matejka's Michigan Slavic Publications has published volumes by which historian considered to be the founder of morphophonology?
7014	Which cast member of Pitch Perfect 2 was born March 9, 1986?
7015	Which Danish professional football club that won three Danish championships and five Danish Cup trophies did Keld Bordinggaard play for?
7016	Which is a comedy film, The Million Dollar Duck or Don Quixote?
7017	Who was born first of Leslie S. Hiscott and James Rolfe
7018	Zach Parise's father played in which league?
7019	Which director was also a writer, Noel M. Smith or Reza Parsa?
7022	"Up There Down There" is a rock song written by an american guitarist who married a fellow rock musician by the name of what?
7024	What year did a director of a North Korean cinema film get kidnapped?
7025	Jamie Campbell Bower was a cast member of the TNT show that was canceled after how many seasons?
7027	Phyllis Kohn holds a seat in the House of Representatives which meets where?
7029	Jim Price appeared on the Rolling Stones Album released in what month?
7030	Where is Anticimex's parent company headquartered?
7031	In what state did this band form that is an American metalcore band, founded in mid-2009, and whose lead vocalist was Jerry Roush?
7040	Where did Leigh Anne Tuohy’s son play college football?
7041	 What did an English former footballer purchase in march 2009?
7042	Do the bands 3OH!3 and Moonbabies have the same number of members?
7043	Ruddles Brewery is owned by a pub retailer and brewer based in what city?
7044	The producer of "Live By NIght" began his film career playing what role in "Critters 3"?
7045	Which Bob Stoops coached team beat the 2016 Auburn Tigers football team?
7046	Which 2010 Norwegian documentary miniseries featured an expert who is the Director of the University of Cambridge's Autism Research Centre?
7047	Which American anthology horror series created and produced by Ryan Murphy and Brad Falchuk did  Denis O'Hare filmography performance in the first season of
7048	Who lived to an older age, Elia Kazan or Moustapha Akkad?
7050	Ashley Benson portrayed the role of Brit in the 2012 crime film directed by whom?
7052	What Happens in Vegas, an American comedy film starring Lake Bell, was released in what year?
7053	On what kind of field did the team led by head coach Joe Harasymiak play?
7055	Are both Viken Babikian and Don Manoukian American ?
7059	Saltillo Engine is an engine plant in Ramos Arizpe that belongs to the American subsidiary of what company?
7060	What station is 3 miles away from the railway station that was used in the film "Brief Encounter"?
7061	Which building was completed first the W. R. Grace Building or 10 Hudson Yards?
7063	The university where Rolf Martin Theodor Dahlgren worked as a professor has how many employees?
7064	When was the English rock band formed that's first recording remained unreleased for three years?
7065	Reeves Plains Power Station is a proposal from a company owned by who?
7066	Daddy was an American Pit Bull who was integral to the work of what Mexican-American dog behaviorist with over 25 years of canine experience?
7067	What musical duo used samples from the first presenter of "Tomorrow's World" in their album Lost and Safe?
7068	Who was born later, Jerry Garcia or Joe Gooch?
7069	who released the 2012 record of red?
7070	Joan Bennett Kennedy, who had three children including Kara Kennedy, was known for pursuing which career?
7071	What is the name of the vocalist who collaborated with the rap duo who won the 2002 Grammy Award for Best Rap Performance by a Duo or Group?
7072	Who directed the film Leigha Kayleen Hancock is best known for?
7073	What commentator and author questioned the validity of CORE's non-profit status?
7074	What league did was the team that played home games at Holman Stadium belong to?
7076	What is the birth date of this American composer, who composed the Ghost Quartet?
7078	What other things did  blind Arab philosopher who is also  Abd Allah ibn al-Fadl teacher do
7079	The announcer of "Screen Gems Network" was the voice of a mascot for what cereal?
7082	In what country did Gildo Siopaes win a bronze medal for bobsledding in the 1964 Winter Olympics?
7085	What type of group does Roses Are Red and Sleeping with Sirens have in common?
7086	Which interviewee featured in The History of Sex also hosted the radio show "Sexually Speaking"?
7089	What year was the actor that co-starred with Sidney Poitier in Lieel Nikita born?
7090	Who was born in Ireland and has coached the captain of MLS club Colorado Rapids?
7092	Are both American Zeitgeist and Michael Jackson's This Is It documentary films about entertainment?
7093	Sand Lake Baptist Church is located in a hamlet with a population of what at the 2010 census?
7095	Who was born first out of Leopold Lummerstorfer and Laurent Touil-Tartour?
7097	The actor of Professor Sprout in "Harry Potter" acted as a mother in a sitcom. In that sitcom, what was the daughter's name?
7098	The town of Sinclair, West Virginia, is named after the founder of the local oil drilling company. What is on Sinclair Oil's famous logo?
7101	In which year was this American figure skater, actress, and sports commentator coached by Richard Callaghan for Olympic games, the U. S. national champion?
7103	Hndrxx features a guest appearance by what Canadian singer?
7106	Which professional footballer played for Kadji Sports Academy as a youth and went on to be the most decorated African player of all time?
7110	Phillip Pullman's book set in a parallel universe featuring a character named Lyra Belacqua was put into audio in what year?
7111	Who won the 2007 Copa America Final, with help from Julio Baptista?
7113	Frank Lamson-Scribner was adopted by a family near which town in Kennebec County?
7114	What test preceded Operation Julian before negotiations began for the Coprehensive Test Ban Treaty?
7115	What is the birthdate of this English actor best known for playing in Harry Potter and starring in The Woman in Black?
7116	The 2011 Tennessee Tech Golden Eagles football team competed in a conference with how many members competing in football?
7117	Who is older, Steven Tyler, or Elizabeth Fraser?
7118	What film did the sound editor for a 2013 Hong Kong-Chinese martial arts drama film based on the life story of the Wing Chun grandmaster Ip Man win two Academy Awards for?
7119	Which publication is older, the Stanford Chaparral or Dime Magazine?
7120	Devilment finally found a stable vocalist in the founding member of which band?
7122	Who's fifth album and debut single are Startin' Fires and Austin respectively?
7125	What play was written by Evgeny Schwartz and directed by Benno Besson?
7128	Was it  Ishmael Reed or Joseph Campbell who said Follow your bliss?
7129	 Minus the Machine is the sixth studio album by a band formed in which city ?
7130	 Keith Konrad Slettedahl appeared on which season of "How I Met Your Mother"?
7131	Which country refrained from participating in the 1991 Baltic Cup though it had participated in previous Baltic Cup competitions?
7132	Which was published or broadcast first, The Graveyard Book of Phineas and Ferb?
7133	From what state was the congressman who became Secretary of Defense and reportedly refused to promote Les Brownlee to Secretary of the Army because he was not a CEO?
7134	When did the Cartoon Network series that starred Jessie Usher as Lyle premiere?
7137	What midfielder for West Bromwich Albion is Michael John Standing an agent for?
7138	What citizen was the author of Bimbos of the Death Sun?
7140	What aviator participated to the Transatlantic flight organized by the "heir apparent" to Italian dictator Benito Mussolini?
7141	In which year did the artist who wrote Hyperreal release his debut studio album?
7142	What was the MGM Grand Garden Arena in which Britney Spears recorded fourth video album originally known as?
7143	The Bulls–Knicks rivalry involved a well known player who was how tall?
7147	What is the name of shipping magnate Mærsk Mc-Kinney Møller' father?
7150	In 2008, The Littlewoods Ireland Carnogie Leagues sponsor known as?
7151	What other roles is the director of the American romantic comedy written by Peter Chiarelli and released in 2009 known for?
7153	What was unique about the attraction that was replaced by Monsters, Inc. Laughing Floor on April 2,2007?
7155	Which airport Pago Pago International Airport or Chattanooga Metropolitan Airport is closer to the central business district of their local community ?
7156	Dana White's Tuesday Night Contender Series premiers weekly on this subscription-based video streaming service owned by the Ultimate Fighting Championship
7160	George E. Blake was born in Yorkshire, England, formerly known as what?
7161	 "She's a Mystery to Me" is a song on an album released in 1989 by what label?
7162	Are Joe Walsh and Chester Bennington both guitarists?
7163	Japanese Weekend School of New York has offices in the entertainment complex in what section of New Rochelle?
7166	The retired American professional basketball player Walt Williams attended this institution in 1988 that is in which conference today?
7167	Who has won the most Olympic medals for figure skating, Debi Thomas or Katarina Witt?
7169	What kind of ships have been named after the King of Norway who ascended the throne in 1991?
7170	Of the companies that sponsor the British League Riders Championship, which is owned and operated by Goodyear Tire and Rubber Company?
7171	Which building is newer, The Spiral, or the New York World Building?
7173	Le Rêve was created by the director behind what Cirque du Soleil production from 1998 onward?
7174	What "Splitting Image" voice artist provided testimony in Evidently... John Cooper Clarke?
7177	Is Awolnation an American alternative rock band and This Mortal Coil was a music collective
7178	What year was the album featuring the trio made up of Posdnuos, Dave, and Maseo, alongside Lebanese-Syrian rapper Eslam Jawaad release?
7181	Were Thinking Fellers Union Local 282 and the Smiths, who had a lead singer of Morrissey, both active in 1986?
7182	susquehanna university and paul musser are both in what city?
7183	James Leal Greenleaf worked on a monument located where?
7186	Which tropical storm has been present in the Central Pacific Ocean but not in the western north Pacific Ocean?
7188	What year was the Leeds football club, which Arthur Hydes played, formed?
7189	Who was born first, Susan Oliver or W. S. Van Dyke?
7190	Name a member of a British-American supergroup who recored a version of Nobody's child in 1990
7191	Isaac Live Schreiber, better known as Live Schrieber, acted in Salt, a 2010 American action thriller film directed by whom?
7192	Which is farther north, Wynantskill, New York or Hannaford Brothers Company?
7194	What National Hockey League (NHL) season saw the Dallas Stars finish the season in a lower position than the Nashville Predators?
7196	What is the home stadium where Dai Xianrong predominantly played?
7197	Are both William Beaudine and Richard Benjamin American actors?
7199	What former LA King and current free agent went to school at Lorne Atkins Junior High in St Albert, Alberta?
7200	What song was on an American radio network that is owned by Disney Channels Worldwide, Inc. is a song by Senegalese-American R&B and rapper Akon?
7201	In which year was the author born that wrote about  the former succubus Jezebel, now the mortal Jesse Harris, as she tries to avoid her Hellish past and learn how to be truly human?
7202	What position does the First Vice Captain of Juventus play?
7203	Which Missing You actor was born August 17 1993?
7204	Anna Camp had a recurring role in the Fox series created by whom?
7205	Did Holland's Magazine and Moondance both begin in 1996?
7206	Who has been making music long Eric Gaffney or Pearl Jam?
7207	Who had a longer film career, Harry Sweet or John Biddle?
7208	What US Airways pilot famously made an emergency landing on the Hudson River and went on to become an Aviation and Safety Expert for CBS News?
7209	In 1967, there were how many active members in the organization whose first Grand Wizard was convicted for the 1966 murder of Vernon Dahmer?
7210	Who has more scope of profession, B. Reeves Eason or Albert S. Rogell?
7211	What military organization does SS China Maru and Douglas SBD Dauntless have in common?
7213	Stephen Sondheim and Thomas Z. Shepard both worked in the production of what genre of music?
7215	What Tony Award winner directed and co-produced Six by Sondheim?
7216	Who recorded the song written by Johnny Russell
7217	Whose real-life story was the inspiration of the film which included the song "We All Die Young"?
7219	Bill Nelson flew as a Payload Specialist on a Space Shuttle launched for the first time in what year?
7222	Kent Dairy Round Barn is near the city in what Montana county?
7223	Which band originated from the United States, Milky Chance or Stone Temple Pilots?
7224	In the Library with the Lead Pipe, an academic journal on topics about libraries, is abstracted and indexed by this third largest private company in Birmingham, Alabama?
7225	What year was the magazine that Stanley Bing spent a decade at founded in?
7226	What Theo Avgerinos movie did the actor known for the role as Matt McNamara appear in?
7227	Who acted in the film and television series, "Harry and the Hendersons," and also worked with Danny Glover?
7230	Which of the following has released ten solo albums: Kristin Hersh or Mike Patton?
7231	What did  the man who  led Sweden to military supremacy during the Thirty Years' War found in 1623?
7233	Bobby Bowden coached which former Toronto Blue Jays minor league baseball player?
7235	What statistical area is the suburban city that houses the Charles Hosmer Morse Museum of American Art?
7236	What is the name of the company in Independent Hill, Virginia that is also headquartered in Houston Texas?
7237	When was the host of the Los Angeles talk radio program Religion on the Line born?
7238	What city hosts an annual convention devoted to a line of toys manufactured by a company based in Denmark?
7240	Was Lee Grant or Colin Campbell born first?
7241	What Albanian department is reasonbile for an international integration effort first started in 2014?
7242	Which American main title designer designed sequences for the founder of the Sundance Film Festival?
7244	The 2017 Los Angeles Chargers season was the first season under which coach that began his professional coaching career with the Denver Broncos in 2000?
7245	Black Pearl was a South Korean girl group who were known to follow the steps of what Norwegian pop music duo comprising Marit Larsen and Marion Raven?
7251	How many students were enrolled in American professional bowler Chris Barnes' high school in the 2010-2011 school year?
7252	Which song did Eminem and Rihanna collaborate on after their other collaboration song in studio album "Unapologetic?"
7253	Which player, who also played for the New Jersey Nets and the Golden State Warriors, finished third in the league with 231 three-point field goals during the 1995-96 Atlanta Hawks season?
7254	Do Chestnut and Arenga trees both grow in the northern hemisphere?
7255	Which university did the third pick by the Philadelphia 76ers in the 2014 NBA draft attend before he was drafted?
7256	Calvin Murphy's record of being the shortest NBA player to play in an All-Star Game was tied by a player who was sent to what team in 2017?
7257	This annual event held in several major cities in Finland is one of many all-night arts festival whose name is given to areas of high latitude in the weeks around what?
7258	Bill Woodfull opened pairing with what cricketer who died in April of 1991?
7259	What actor appeared in "Evening in Byzantium" and was nominated for the Academy Award for Best Supporting Actor in 1973 for "The Heartbreak Kid"?
7260	When was the female character that on June 9, 2015 was promoted to a series regular first introduced on "Once Upon a Time"?
7262	Which bi-annual British style magazine did  Tim Walker  regularly shoots for
7263	Mark Lawrence played for the Dallas Stars and which other NHL team?
7264	Was Hoobastank or Fountains of Wayne formed first?
7266	In what NCAA division is the team Michael Beasley played basketball for in college?
7267	The 1997–98 UCLA Bruins men's basketball team lost to what team in the sweet sixteen match?
7268	Which American band from Knoxville Tennessee released the album From Birth to Burial?
7269	What is name of one of the primary holders of Schottenstein Stores Corp which was born in 1954?
7270	Was Without the King and Italy in a Day directed by the same person?
7272	What political party was the 6th governor of Hawaii that passed bills to help with global warming in Hawaii?
7273	Stories USA starred which actor and comedian from "The Office"?
7275	Which actor and film director is from German Jewish descent, Kurt Gerron or Dell Henderson?
7276	Which magazine ranked the Indian Carnatic vocalist who collaborated with classical pianist Anil Srinivasan among 35 Game Changers under 35?
7277	I Like 'em Big and Stupid was a single whose B-side was played on the show of the record collector specializing in what type of music?
7278	Who is older, Jed Hoyer or John William Henry II?
7279	What is the most populous city in the county where Caleb Stegall served as District attorney?
7280	Who coined the phrase that marked the period which included Sir Alexander Woodford's command of the 2nd battalion of the coldstream guards at the battle of waterloo?
7282	Who can play more instruments, Michael Monroe or Alison Goldfrapp?
7285	James Cromwell stars in which movie that chronicles the life of Thoroughbred race horse?
7287	With which American musician, singer-songwriter, and multi-instrumentalist from Berklee College of Music did Jonny Browning collaborate?
7288	What was the breakthrough role of the actor starring in Good Boy! and was a native of Atlanta?
7289	What is the nationality of the man who finished second for ART Grand Pix in the 2016 Baku GP2 Series round?
7290	Kim English was selected by the Pistons during the draft held at what location?
7291	Are David Schwimmer and James Wan in the same industry?
7293	Which was developed first, Dick Smith Super-80 Computer or Pecom 32?
7295	What is the last name of the singer behind Southern Child?
7297	This stadium, the largest in eastern Europe, was home to the 1998 IAAF Grand Prix Final.  How many seats does it have?
7300	In what city is the mortgage lending company, founded by Dan Gilbert, headquartered?
7301	Devorah Adler worked as Director of Research for a 2008 presidential candidate, who served until when in the U.S. Senate?
7302	The Toyota FJ Cruiser is built by this Toyota subsidiary which is a leading producer of what type of trucks in Asia?
7303	When did the animated series Kent Scott wrote end after beginning in September of 2002 on "Nick on CBS"?
7306	Actor David Lee Stenstrom played the character Waldo the inventor in a TV show that ran on Nickelodeon during what yeras?
7309	What is the name of the largest shopping center in the City of Tea Tree Gully?
7310	 50th Military Airlift Squadron was stationed at this base named in honor of who
7311	Who is the wife of the actor who played Derrick Banning in EastEnders in 1996 ?
7312	The revue Putting It Together was devised by Stephen Sondheim and what actress best known as Miss Marple?
7313	Which director, John Schlesinger or Barbara Albert, was also a writer and film producer?
7314	what city was the chapel that Princess Anne got married in located?
7315	Where does Śivarāma Swami conduct courses on Vaishnava Theology?
7316	Are Kim Tae-yeon and Laura Stoica of the same nationality?
7317	When did the  American rock singer  which performed  Recorded covers died
7318	Where is the ice hockey team based that Zdeno Chára currently serving as captain of?
7319	Which Canadian Professional ice hockey player of Albanian origin bought in on the deal for the Ontario Raiders?
7320	That Darn Cat and Honey, I Blew Up the Kid are both what?
7322	The role of "Celene" in the film "Walk All over Me" was played by an actress that voices what role in the "Starcraft 2" triolgy?
7323	Lollipop Chainsaw featured Juliet Starling, who was voiced by a Canadian-American actress who has done voice roles for what Teen Titans spinoff series?
7325	What division are the 2013 Valdosta State Blazers football team and the Gulf South Conference a part of?
7326	What pop band features an Argentine actress that appeared in the television series "Chiquititas"?
7327	Which country is the firm that owns Babycham located?
7328	When was the producer of  Michel'le born?
7329	How many Indians were killed in the massacre that "kyáiyótokan" was a survivor of?
7330	Who was born first, Yanka Dyagileva or Alexander Bashlachev?
7332	Who was the personal assistant to General of the Armies John Joseph "Black Jack" Pershing during World War I?
7335	Which TV series, written by the creators of Robocalypse, is set in Bikini Bottom?
7336	What music school did the singer of The Search for Everything: Wave One attend?
7337	Which 2003 action-adventure platforming video game was written by Reid Harrison?
7338	what country are Mudvayne and Hellyeah both from?
7339	are Dee Dee Ramone and Alex Band both singers, songwriters and musicians?
7341	What religion was the martyr to whom the Lady of the Valey statue is dedicated?
7342	The 2004 romantic drama film based on Shake'spears play of the same name was produced by whom?
7344	Which retired Argentine footballer who played as a forward was a main player for Valencia CF?
7345	Telescope Hill is near the hamlet that is in what Suffolk County, New York town?
7346	Lee Sung-jae stars in the film Barking Dogs Never Bite which is what film genre?
7349	Are The Maine and Black both from Tempe, Arizona?
7351	In 2014, the Co-operative Bank planned to launch a train service in Wiltshire called Go-op. Where is the bank headquartered
7352	Who owns and operates the location where ROH 13th Anniversary Show took place?
7353	What 2015 British-Canadian-Irish romantic drama was Finola Dwyer a producer of?
7356	The 1994 "The Shadow" co-stars Lone, Penelope Ann Miller, Peter Boyle, Jonathan Winters, Tim Curry and an actor that has received how many Emmy Award nominations?
7358	What type of community does Bob Hope Airport and Boeing Field have in common?
7361	How long was the career of the actor in The Skull?
7362	Who was the military commander of the last active ruler of the Ptolemaic Kingdom of Egypt?
7363	In what year was the American country rock band who's number one song was done as a cover on the album "What If?" founded?
7364	When was the town Emma Gramatica given its current name?
7366	Who has a better career-high singles ranking Daniel Vacek or Fabio Fognini ?
7367	Jonathan Groff was 30 years old when he appeared in a historical musical written by whom?
7368	Which English former professional footballer ho played as a centre-back, did  Chris Jones played with
7369	Who was born first, Kwok Kin Pong or Edison Chen?
7370	Between Gareth Evans and Pierre Chenal, who's had a more diver career?
7371	Which plant genus is part of a family with a longer name, Morning glory or Rothmannia?
7375	What animation company produced the first season of an animated television series co-created by Jorge Aguirre?
7376	What former two-weight world champion is represented by boxing managed Ziggy Rozalski?
7377	What color was the dog that Socks had conflicts with?
7378	Renamed in 2014, what was the vehicle offered as a prize to contestants on the first season of The Amazing Race Canada?
7379	Did Lewis Allen or Danny DeVito play Louie De Palma?
7382	Which style is the building located on the East Side of Midtown Manhattan that Robert Von Ancken appraised?
7384	Which aircraft engine powers a General Dynamics aircraft of which over 4500 have been built?
7385	Elizabeth Austin wrote for a fitness magazine founded by who?
7388	Terence Richard "Terry" Norris starred in a 2007 Australian drama film that was directed by Richard Roxburgh, and was based on a memoir by who?
7390	Who is the mother of the Texas business man that co-founded Ignite! Learning, Inc?
7391	Which jobs do Jeff Tremaine and Keanu Reeves share?
7393	Who was the artist that recorded a duet in 1985 for the CBS TV series 'Dallas' with an artist that was born in 1951 and has twenty #1 hits?
7394	The city where Alex Shevelev died is the capital of what region?
7400	What Pakistani actor and writer from Islamabad helped write for the 2012 Pakistani comedy drama sitcom, "Coke Kahani"?
7401	Are both Volvic and Canfield's Diet Chocolate Fudge natural spring waters ?
7403	Were both of the following rock groups formed in California: Dig and Thinking Fellers Union Local 282?
