0	when was the last time anyone was on the moon
1	who wrote he ain't heavy he's my brother lyrics
2	how many seasons of the bastard executioner are there
3	when did the eagles win last super bowl
4	who won last year's ncaa women's basketball
5	when did the isle of wight become an island
6	love yourself by justin bieber is about who
7	who was the ruler of england in 1616
10	which state is located in the centre of india
12	where did the last name wallace come from
14	who does the voice of nala in the lion king
16	what is the oath that new citizens take
17	who is under the mask of darth vader
18	who had a baby at 100 in the bible
19	what age do you need to be to buy a bb gun
20	ethiopia flight 961 crashes in to the sea
21	where was percy jackson and the olympians filmed
22	how many seasons of vampire diaries r there
23	how many episodes are there in dragon ball z
24	who plays auggie in the movie the wonder
25	when was the first australian prime minister elected
28	who plays joker in batman the dark knight
29	when was the south asian association for regional co-operation (saarc) formed
30	when was the first hunger games book published
31	who did bette midler portray in the rose
32	who is the lead singer of depeche mode
33	where did the butchers in the slaughterhouse cases live
34	who developed the concept of total quality management
37	when did taylor swift's first album release
38	what are the three fifty shades of grey books
39	who has the power (judicial) to make decisions in courts of law
40	what are the ranks in the us navy
41	i was a great islamic scholar and mathematician who died in 1131 ce
42	who is the coach for the ottawa senators
44	when is the last time the vikings were in the nfc championship
45	what are the colors of the netherlands flag
46	where is lord's prayer found in bible
47	when was the last time oklahoma won a national championship in football
48	location of the ten commandments in the bible
49	where did the allies go after north africa
50	what is the meaning of veronica in english
51	what is the name of the main artery which takes blood from the heart to the body
52	who played solomon in little house on the prairie
53	who does eric end up with in that 70s show
54	an object that moves around an external axis is said to be
55	architectural elements forming rib vaults eg wells cathedral
57	who wrote papa got a brand new bag
58	where does a roadrunner live in the desert
60	what's the dog's name on tom and jerry
61	who are nominated for president of india 2017
62	where does the path train stop in newark
63	where does route 66 start on the west coast
64	who is the first wife on sister wives
65	when did houston go to the american league
66	when did they stop cigarette advertising on television
67	coldplay song i will try to fix you
68	points on a sphere or angles in a circle are measured in units called
69	the oligodynamic effect is a phenomenon that describes
70	where does the white witch live in narnia
71	how many games in a row have the uconn women's basketball team won
72	is there a name for the at symbol
73	who sings the theme song for the tv show cops
74	when was corporal punishment banned in south africa
75	who plays captain phasma in star wars the force awakens
76	who sings she's like the wind lyrics
77	when did marathon change its name to snickers
78	who captained the first european ship to sail around the tip of africa
79	who ordered the forbidden city to be built
80	who sang let me tell you about the birds and the bees
81	who has the power to approve or veto legislation constitution
82	how many seasons of the rugrats are there
85	when did toyota start making cars in the us
86	how many pieces in a terry's chocolate orange
87	who plays the saint of killers on preacher
88	when did the royal proclamation of 1763 end
89	who is playing the halftime show at super bowl 2016
90	jonny cash one piece at a time car
91	what is the minimum wage in france per hour
92	describe the three phases of the normal blood clotting process
93	when did amnesia the dark descent come out
94	what is the oldest street in the philippines
95	where is the tibia and fibula bone located
96	who played bat masterson in the tv series
97	who sings sugar sugar you are my candy girl
98	types of skiing in the winter olympics 2018
100	who has won the most games in nfl 2017
101	under article 1 what is the minimum age required to serve in the house of representatives
102	who has the most catches in nfl history
104	who was the great wall of china built to defend against
105	where does the last name galvez come from
108	the chinese dragons are protectors of how many seas diggy
109	how much money did it cost to make gta v
110	what is the angle of the tower of pisa
111	what is the share of agriculture in indian economy
112	who does demetrius love in a midsummer night dream
113	when did the movie varsity blues come out
115	who was the famous scientist that ran the research lab moseley went to in manchester
116	where do you get a cashiers check from
117	who does stefan marry in the vampire diaries
118	what is the meaning of cc and bcc
119	hazels boyfriend in the fault in our stars
120	when does the day of the dead end
121	when do you celebrate birthday if born on feb 29
122	where does new york drinking water come from
123	where is the citrus bowl held this year
124	what year does the quiet man take place
126	who plays alec ramsay in the black stallion
127	who plays dusty in the movie pure country
128	how many episodes of greys anatomy season 14
129	who is currently serving as president of the senate
130	what percentage of sunlight is captured by plants to convert it into food energy
131	what type of economic system was utilized in the soviet union
132	how many gold medals did australia win in the 2000 olympics
133	who started ww2 and how did it start
134	when did the royal mint move to wales
135	when did bird is the word come out
137	who is opening for little mix glory days tour
138	who performed the first c section in 1794
140	bible verse taking the lord's name in vain
141	who controlled the house and the senate in 2012
142	when's the last time army won the army navy game
143	when does thomas rhett's new album come out
144	who won the champions league final in 2016
145	who is the real killer in basic instinct 2
146	who does the voice of mickey mouse on mickey mouse clubhouse
147	when was the last episode of vampire diaries aired
148	where did the dewey decimal system come from
149	where did the jungle book story come from
151	who did america declare war on in ww1
153	what was tom hanks character name in castaway
154	what engine is in a holden v8 supercar
155	when did the sat become out of 1600
156	when was the minimum wage established in the united states
157	when did the rational dress society begin to work
158	what is the baby elephants name in jungle book
159	where is fe best absorbed in the body
160	who is the biggest selling female group of all time
161	epidemiologists attempt to explain the link between health and variables such as
162	who won the mens single ice skating 2018
163	where is the boy who played charlie in willy wonka
165	who played ice queen in chronicles of narnia
166	when is season 2 of jessica jones being released
167	when was united nations convention on the rights of the child created
168	swan lake the sleeping beauty and the nutcracker are three famous ballets by
169	what type of database is library literature and information science
170	when did the united states start using the death penalty
171	when was coffee first made into a drink
173	who wrote knock knock knocking on heavens door
174	when did the movie napoleon dynamite come out
175	who starred in an officer and a gentleman
177	name two fibres which are made of proteins
178	how many super bowl games has the patriots played in
180	who is the king and queen of the netherlands
181	where is gall bladder situated in human body
182	what is the current population of bora bora
183	where does tropic of cancer pass in india
184	who made the song falling in love with you
185	which is produced in plants of narora kakrapar tarapur
186	what is the first book of percy jackson
187	who was originally cast to play indiana jones
188	what proposition made the insurance commissioner an elected position
189	who played amy grant i i can only imagine
190	who sings the song only in my dreams
191	who appoints the chair of the federal reserve system
192	who wins the next iron chef super chefs
193	when does body temperature tend to be lowest
194	who sings the whiskey ain't workin anymore
195	what year is it for the jewish calendar
196	chief ministers of tamil nadu mentioned on wikipedia
197	what is the function of a political action committee (pac)
198	who has the most followers in the world on instagram
199	what type of political system does el salvador have
200	where is simple squamous epithelium found in the body
201	who is president of india in present time
202	what role does the president play in foreign affairs
204	what grade was arnold from hey arnold in
205	who translated the play neel darpan into english
207	what channel is celebrity big brother on in the usa
208	what is on top of us capitol building
209	who made the most free throws in nba history
210	who is the first president to be impeached
211	why does kerosene oil rise up in the wick of lantern
212	when did the sims 4 toddlers come out
213	how many episodes of season 5 of curse of oak island
214	how many episodes of touching evil are there
216	if a piece of music is perceived to have changed key then we say the piece has
217	who has the most gold medals in the winter olympics of all time
218	who sings the song let me love you
219	when is the fourth movie of the divergent series coming out
220	the cast of don't tell mom the babysitter's dead
221	the outer layer of the skin that contains no blood or nerve supply is the
222	who won the battle of the first battle of bull run
223	which country has the most coastline in the world
224	who won battle of the sexes tennis game
225	who won in the brown vs board of education case
226	ganglion axons forming the optic nerve run to the
228	element named after fictional planet from which superman came
229	who wrote and performed i can only imagine
230	what are the active materials of a lead acid battery
231	the roman name for a liberal arts education is known as
232	who sings you're welcome in moana credits
233	who developed the central processing unit (cpu)
234	who was kat slater's sisters in eastenders
235	what is katie running from in safe haven
236	when did they replace lead with graphite in pencils
237	what started the war between us and japan
239	who wrote the french declaration of the rights of man and of the citizen
242	who won college basketball player of the year
243	a single period of precession of earth's axis is completed in about
245	rizal finished all the chapters of the novel noli me tangere in
246	who sang the superbowl national anthem in 2017
247	who did the singing in into the woods
248	which country has won maximum number of gold medal in asian game 2014
249	which country is the last member of saarc
250	who plays timon in lion king on broadway
252	most passing yards in nfl history in a game
253	who has won the most college football national champions
254	what languages are spoken in india the most
255	what is the name of the hyena in lion king
257	what was the real name of saudi arabia
258	what is the function of the pericardial sac
259	chris cornell she's going to change the world
260	who played the mad hatter in the batman tv show
261	who played the colorado kid in rio bravo
262	other than water what else has hydrogen bonds
264	who was the viceroy when the simon commission visited india
265	what category was hurricane charley when it hit florida
266	when did the united states host the world cup
267	is parallax more pronounced with nearby stars or with distant stars
268	when did the us not go to the olympics
269	number 4 in roman numerals on clock faces
270	when was the last year the eagles went to the superbowl
271	who is the team that beat the eagles this season
272	when did lionel messi play his first game for barcelona
273	who won the super heavyweight gold medal at the 2000 olympics
274	who turns into a bear in the hobbit
276	yeh hai mohabbatein serial star cast real name
277	where is the slide placed on the microscope
279	who owns the crown plaza hotel in chicago illinois
280	when was the last time the eu was audited
282	when was a series of unfortunate events published
283	who will win 2018 election in sri lanka
284	what is the name for the ch3coo- ion
285	what type of government did the ming dynasty have
286	who did us fight in world war 1
287	when was rosencrantz and guildenstern are dead written
288	nuclear power plant that blew up in russia
291	where did the battle of corinth take place
293	who played shmuel in the boy in the striped pyjamas
295	what are the 4 types of nitrogenous bases
296	where are alkali metals located on the periodic table
297	where is the capital city of alabama located
298	what year did the us hockey team won the olympics
299	what is the order of the netflix marvel shows
300	who did the broncos beat in the super bowl
301	who had created the second bank of the united states
302	where is the highest level of fluoride stored in the teeth
305	who made delhi as capital for the first time
306	who is tinker air force base named after
307	when were the winnie the pooh books written
308	what is final season of game of thrones
310	where is arachidonic acid found in the body
311	who has the most all ireland hurling medals
312	who hit the first home run in the houston astrodome
314	when will fairy tail final season be released
315	when did seat belts become law in ontario
316	when did response to state of the union start
317	when does madea's family funeral come out
318	when did canada get rid of the death penalty
320	who lasted the longest in the royal rumble
321	star wars episode ii attack of the clones characters
322	what does hp mean in war and order
323	who is the owner of reading football club
324	who is given credit for the gnu initiative
326	when did the nba create the 3 point line
327	what is an example of a tricyclic antidepressant
328	when was the canadian pacific railway started and finished
329	who played the creature on jeepers creepers 3
331	who played the mom on what's eating gilbert grape
332	the fertile crescent is located between what two bodies of water
334	sri lanka belongs to which part of asia
335	when was the first nuclear power plant opened
337	when was the taming ofthe shrew first performed
338	how many languages in harry potter translated into
339	when was the last time giants won superbowl
340	who are the co hosts on the real
341	to transplant a nucleus from one cell to another cell a scientist would use
342	when did the golden state warriors win the finals
343	who plays general hux in the last jedi
344	who ran the fastest 40 yard dash in the nfl
346	who is the actor that plays dr. sean murphy
348	what is the pirates of the caribbean in order
349	what does the pearl symbolize in the bible
350	what album is sacrifice by elton john on
351	who proved that cells come from other cells
352	who holds the world record for the most world records
353	who is the designer in devil wears prada
354	where does dividends go on cash flow statement
355	when was the 50th star added to the united states flag
356	what is the ethnic background of the shib sibs
357	name the four major layers of the earth in order
358	how much for a passport in the philippines
361	kings and queens of england in the 1900s
362	who made the poppies at tower of london
363	what season does bart bass die in gossip girl
364	who is the first indian woman to be canonized as a saint
365	who is in charge of ratifying treaties in the us
366	what is the name of the first earthquake early warning system
367	when was the last time the military drafted
369	when do primary ossification centers appear in an embryo
370	when was the biltmore house opened to the public
371	most of new zealands land supports which economic activity
373	who wrote old flames cant hold a candle to you
374	where was the killing of a sacred deer filmed
375	who plays hannibal in silence of the lambs
376	who plays the dragon queen from game of thrones
377	when did the first ice age come out
378	when was the term social justice first used
380	who played the elephant man in the film
381	when was the last time the ducks won the stanley cup
382	where do rory and paris go to college
383	who has won the eurovision song contest the most times
384	who is the director of taarak mehta ka ooltah chashmah
385	genre of diary of a wimpy kid the getaway
387	what is billy last name in where the red fern grows
388	who did puerto rico belong to before the u.s
389	what is the population of st petersburg fl
391	who plays heather in beauty and the beast
392	how many customers does edf have in the uk
393	where does the formation of atp take place
395	who was the head of the spanish inquisition
396	what does istj mean in a personality test
397	how many seasons are there for lost girl
398	who plays artemisia in 300 rise of an empire
399	when did the the regulatory reform (fire safety) order 2005 first come into effect
400	when did the bill of rights come out
401	when did the east india company take control of india
402	who was elected president in mexico in 2000
403	when does season 6 of the next step start
404	where do the sharks play in san jose
405	abbreviated name of the highest peak in tasmania
406	who played alex cross in along came a spider
407	who has the most wins on around the horn
409	who are the australia's got talent judges
410	who sang the song i wanna be sedated
411	what is the setting of the book hoot
413	what does the sun represent on the uruguay flag
414	who was in charge of the revolutionary war
416	what position did doug peterson play in the nfl
417	where is creatine phosphate found in the body
419	when was harry potter and the philosophers stone published
421	when did skiing halfpipe become an olympic event
422	who plays at the prudential center in newark
423	where was the first colony in north america located
424	during the first world war against which country germany did not fight
425	who did the minnesota vikings lose to in the super bowl
426	who was the aztec ruler when the spanish arrived
427	product-market fit means being in a good market with a product that can satisfy that market
429	who plays the robot on the orville show
430	the group that officially elects the president of the united states is called
431	how many wars held between india and pakistan
433	what was the emperor name in star wars
434	who has won 2017 women's singles korean open series badminton championship
435	what is the full form of cfc's
436	the most important battles in the revolutionary war
437	who does eric end up with in gossip girl
438	when was the first temple built in jerusalem
439	when did the steel mills closed in youngstown ohio
440	when was the last time the jets won a playoff game
441	who sings the song it ain't me
442	is it marley and me or marley and i
443	when did vat change from 17.5 to 20
444	when did seattle slew win the triple crown
446	nba record for most double doubles in a season
447	who is super bowl 2018 half time show
448	all the motor neurons that control the skeletal muscles are
449	who became the king of ayodhya after ram
450	who wrote lyrics for phantom of the opera
451	what album is help by the beatles on
452	who was the king of england in 1756
453	where is the left anterior descending artery located
454	who does the head of the fbi report to
456	what is the meaning of the harp in ireland
459	when did frank sinatra first sing new york new york
460	where was the salvation army's christmas collection kettle first introduced
461	who is jojo in horton hears a who
462	what song is played while raising the american flag
463	this poster was created to increase support for the war effort.the poster links food rationing to
464	how many countries does cadbury sell its products
465	when did mcdonald's sell 1 million burgers
466	what are the power of supreme court in the philippines
468	who are the cast members of ncis new orleans
469	what word is used to describe knowledge about the universe and method of obtaining that knowledge
470	how many paintings of sunflowers did van gogh paint
471	when was the $1 000 bill discontinued
472	what's the population of prince edward island
473	how many ceos of fortune 500 companies are female
474	where is the orinoco river located on a map
475	when was the debating club established in almora
476	when was the last time the boston red sox pitched a no-hitter
477	who was the french chef given credit for developing the classic kitchen​ brigade
478	when does the cannes film festival take place
479	who plays the dad in pretty in pink
480	unsaturated fats are comprised of lipids that contain
482	who won the award for best goalkeeper in football world cup 2006
483	what is upstream project in oil and gas
484	is a network connection device that can build tables that identify addresses on each network
485	the era of the great mughals began with the accession of
486	what was the final episode of quantum leap
487	when was the first election held in india
488	who has been appointed as the election commissioner of india
489	who discovered cells divide to make new cells
490	where does a brisket come from on a cow
491	what are the parts of a domain name called
492	who does april end up with on parks and rec
494	who sings don't take your guns to town
495	where did huntington's disease get its name
496	when was the last time michigan won the championship
497	who did deion sanders go in the hall of fame as
498	who are the leaders of the jehovah witnesses
499	who was originally cast as phoebe on charmed
500	who turned out to be the mother on how i met your mother
501	animals that are active at dawn and dusk
503	where do secondary xylem and phloem cells arise from
504	who did johnny manziel play college football for
505	who sings the christmas song mary did you know
506	who sang gonna sit right down and write myself a letter
507	who picks the players in the nfl draft
510	who sang the song i think we're alone now
511	when did we first put a rover on mars
512	who were the members of the traveling wilburys group
513	who won game 4 of the 2000 nba finals
514	what is the highest peak in the ozarks
516	when was the last grand slam hit in the world series
518	where was the tv show in the heat of the night filmed
519	who are the judges on do you think you can dance
520	the most common form of megalithic architecture in europe is
522	the golden age of india took place during the rule of the
523	what is the origin of the name robinson
524	when was the first super bowl the eagles ever won
525	who has the best batting average in test cricket
526	how long has it been since eagles went to super bowl
527	who built the tower of london in 1066
528	where is fulda and what is its significance
529	who overthrew the mongols and established the ming dynasty
530	when was the first book made into a movie
531	when did tim hortons open in the usa
532	when was the reaper invented by cyrus mccormick
534	who wrote antigone and what are the dates of his birth and death
535	what goes on the bottom of shepherd's pie
536	where does the ohio river and the mississippi river meet
538	when did they start assigning social security numbers at birth
539	under the federal unemployment tax act which party pays unemployment taxes
540	what are the names of the hunger games
541	where does safe haven take place in the book
543	state the position of india in terms of population size
544	real name of daya in taarak mehta ka ooltah chashmah
546	who discovered that neural communication between cells occurs through chemicals
547	who may be affected by monetary penalties imposed by the irs
549	aphasia is a term defining difficulty or loss of ability to
550	what was icq as related to instant messaging
551	how many episodes in adventure time season 1
552	when did the us stop drafting for the vietnam war
553	who were the bands in pitch perfect 3
555	who plays whitey bulger's girlfriend in black mass
557	who plays izabella in transformers the last knight
558	who has the most yards per carry in nfl history
559	sweet leavened bread prepared for easter in romania
560	when were birth certificates first issued in the united states
561	where was because i could not stop for death published
562	oppo is sponsor of which country's national cricket team
563	when did fender start making amps in mexico
564	where will be the next olympics be held
565	what is the money called in south korea
566	name of the boundary line between india and bangladesh
567	what tectonic setting is responsible for the folded mountains of pennsylvania and the high himalaya
569	what percentage of the population is naturally blonde
570	how long did it take to build the great pyramid of egypt
571	who was the president of pakistan during 1971 war
572	what is the scientific name for the calf muscle
573	where in the constitution is the executive branch referenced
574	what emperor took over france after the reign of terror
575	who plays mr wilson in dennis the menace
578	who was the girl in the video brenda got a baby
580	when did disney art of animation resort open
581	do you have to have a gun permit to shoot at a range
582	the area enclosed by hysteresis loop is a measure of
584	list of rights protected by the first amendment
585	when did the last state became a state
586	different ways to say bless you in french
587	who has been designed as the new finance secretary of india
588	who sings angel of the morning in deadpool
589	when did last podcast on the left start
590	who won first ancient olympic 200 yard race
591	what are the spices in chinese 5 spice powder
592	who played major hochstetter in hogan's heroes
593	when was beowulf most likely composed when did it's events probably take place
594	who played nicky on the drew carey show
595	who had the most governmental power under the articles of confederation
596	yo la tengo theres a riot going on release date
597	when did athens emerges as wealthiest greek city state
598	when was national service abolished in the uk
599	bruce springsteen we shall overcome the seeger sessions songs
600	what us president is the only president to become an eagle scout
601	who is regarded as the founder of psychoanalysis
602	how many episodes are in chicago fire season 4
604	who played maudie in the movie el dorado
605	when does isle of dogs come out in us
607	who is the drummer for guns and roses
608	how do you say evil eye in greek
609	who won the battle of stirling bridge 1297
610	when was the book pride and prejudice written
611	when did the first junie b jones book come out
612	how long have we been celebrating pi day
613	who is the number one ranked golfer in the world right now
614	who plays the mouse in alice in wonderland
615	which organelle is the site of atp production and storage
617	who played gareth in four weddings and a funeral
618	what is the final season of downton abbey
619	where did the term hot rod come from
620	which church was given a letter in the book of revelation
621	cast of law & order special victim unit
622	what book of the bible is the song of solomon in
623	when did the military plane crash in mississippi
624	who has the most international goals of all time
626	tools made from high-speed tool steel are generally used for what type of machining operations
628	how many pennsylvania house of representatives are there
629	when did fortnite battle royal come out on xbox
630	two examples where low voltage transformers are used
631	what is the center of heredity in a cell
632	when was the first dark tower book published
633	when do you get your white coat in pharmacy school
634	when did the ouija board game come out
635	who warned europe to stay out of the americas
636	who played desmond doss father in hacksaw ridge
637	who did carolina lose to in the super bowl
638	who is the founder of the ubuntu project
639	for complaints of sudden chest pain patients should take a
640	who won the most medals at the 2014 winter olympics
641	where is urinary bladder located in human body
642	when was kudzu introduced to the united states
643	name the cell which is attached to the lateral side of sieve tube
644	where was the flag placed on the moon
647	how did the dominican republic get its name
648	who played the mother in the black stallion
650	when did michael jordan return to the nba
651	where is geothermal energy used the most in the us
652	when did jack mccoy join law and order
653	where was the u.s.s maine when it exploded in 1898
654	who sings the original windmills of your mind
655	what color pages in the emergency response guidebook (erg) list compounds by name
656	who won three stanley cups in a row
657	what is alpha centauri's approximate distance from earth
660	who is the father of lucius in gladiator
661	guardians of the galaxy blue guy in prison
662	of which country is sofia the capital city
663	what is the legal age for marriage in australia
664	what percentage of the us population lives below the poverty line
665	where can you find dna in the body
666	who played in last train from gun hill
667	who won women's singles us open 2017
668	who played the female lead in the 1942 film casablanca
669	which government had more power under the articles of confederation
670	3 candidates for the democratic nomination in 1960
671	when did the astros change from the national league to the american league
673	when is the last time the philadelphia won the superbowl
675	who did the mavericks beat in the finals
676	who built pedestrian bridge at florida international university
677	mark who went to golf majors in 1998
678	is coca cola a public or private company
679	host of the late show who was once a correspondent for the daily show
680	where is fort myers located at in florida
681	who plays jack in battle of the sexes
682	was star wars a book or a movie first
684	who owns the golden nugget casino in atlantic city
685	where was the tv show friday night lights filmed
686	who came out first batman or spider man
687	where did they film the book of eli
688	who kills barry's mom in the flash
689	where are the spanish steps located in italy
690	who is mostly responsible for writing the declaration of independence
691	where did they film woody the woodpecker movie
692	what is the second largest country in asia
694	what was the alliance between great britian russia and france known as
695	who won the oscar for best actor in 1975
696	how many times have the winter olympics been in the usa since 1924
697	legislation regarding data protection and security in uk
698	when did the smoking ban in public places start
699	who plays rooster's girlfriend on the ranch
700	who sings you are a magnet and i am steel
701	where is the tv show the curse of oak island filmed
702	who picks the chief justice of the illinois supreme court
703	when did the first ninja turtles come out
705	the world famous corn belt is in which country
706	who has the highest corporate taxes in the world
707	who was the first territorial governor of oklahoma
709	what type of speed does a speedometer measure
711	who plays the lion in the movie zookeeper
712	who is doing 2018 super bowl half time show
713	which level of weight bearing often comes with a set number of pounds
715	when did they stop saying mass in latin
716	pace maker is associated with which body organ
717	what is the zebras name in peppa pig
718	when was half life 2 episode 2 released
719	who plays genie in ferris bueller's day off
720	who sang national anthem at the super bowl
721	what is the name of the lymphatic vessels located in the small intestine
722	who did the voiceover in michael jackson's thriller
723	what is the term of an official in the house of representatives
725	number of films in lord of the rings
726	where do the phaeacians live in the odyssey
727	who scored the most points in a game nba history
728	where did the french immigrants settle in texas
729	who started the state of the union address
730	when was the last time clemson won the national championship
731	what are the functions of the human skeleton
732	where did they film season 8 of the walking dead
735	when was the last time minnesota vikings was in the super bowl
736	who plays brad pitt's daughter in moneyball
737	who sang the songs in the movie beyond the sea
738	the cast of a good day to die hard
739	last world series that didn't go 7 games
740	who sang our god is an awesome god
741	when was the first orca put in captivity
742	where's the pro bowl going to be this year
743	who sang the song a white sports coat and a pink carnation
744	last team to win fa cup outside top flight
745	who sings the pokemon theme song season 1
746	what is it called when you believe in greek gods
747	who proclaimed 5th october as world’s teachers day
749	where was the hindenburg scheduled to fly and how many passengers were on it
750	total strength of judges in supreme court of india
751	what is the point of a menstrual cup
752	who created the pieta and also painted the ceiling of the sistine chapel
753	who sings far from the home i love in fiddler on the roof
755	what is the largest city in the united states per square mile
756	who was the mexican commander who surrendered to the texans at the capturing of san antonio
757	who began the age of exploration in portugal
758	when is the running of the bulls held in spain
759	who sang how long has this been going on song
760	what was the lowest barometric pressure for hurricane irma
761	when did david akers kick the 63 yard field goal
762	who plays the scary nun in the conjuring 2
763	season 2 attack on titan how many episodes
764	where are the cones in the eye located
765	which is the lion's mane jellyfish's species within its genus
766	who has the most all star mvp awards
767	when did korn's follow the leader come out
768	when did the battle of badr take place
769	which abbott and costello movie has who on first
770	how many episodes in series 7 of game of thrones are there
771	how many gallons of water in the gulf of mexico
772	fast and furious 7 red car abu dhabi
773	islamic term for the community of the faithful
774	when did canada gain independence from great britain
775	who unveiled the new coat of arms on 27 april 2000
776	when was 13 reasons why released on netflix
777	five tools of security management to overcome computer crime
779	where is the country music hall of fame located
780	who has the world's largest standing army
781	how many hoops are used in a game of croquet
782	who was the captain of the mayflower which brought the pilgrims to plymouth
784	what is the number of basic units in the international system of units
785	who was elected senator of illinois in 1858
787	where was the original planet of the apes filmed at
789	what is the 180 degree line of longitude called
791	when was the nobel prize for literature first awarded
792	who plays the voice of the hormone monster
793	when did the first movie of harry potter come out
794	where do most star formation occur in the milky way today
795	who won the oscar over wolf of wall street
796	total number of mna in pakistan national assembly
798	what type of joint connects the incus with the malleus
799	where does the highway of heroes start and end
800	where are the 10 plagues found in the bible
801	who played tibbs on in the heat of the night
802	who has sold more albums kelly or carrie
803	theme of the song roar by katy perry
804	where did the name huey helicopter come from
806	who has the most followers on the instagram
807	who is the current director of the us mint
808	when is the 5th round fa cup played
809	when were the beatles inducted into the rock and roll hall of fame
810	what is the name of the gap between two front teeth
811	when did the nfl adopt a salary cap
812	when did the cubs won a world series
813	when did the ottoman empire surrender in ww1
814	what color is the cue ball in pool
815	when did the 5 day work week begin
816	when does april fools day end at noon
817	what is the rank of pakistan in population
818	who grows the most coffee in the world
820	who plays connor's mom in madeas christmas
821	who died in the plane crash greys anatomy
823	who wrote there's a guy works down the chip shop lyrics
824	how long prime minister stay in office canada
825	what is the movie about six degrees of separation
826	who wrote the text for jeanie with the light brown hair
827	who played cosette in les miserables on broadway
828	who got the most rings in the nba
829	who sings the skye boat song on outlander
830	when did movies start coming out in color
832	where was the summer olympics held in 2012
833	who did the steelers lose to in the playoffs last year
834	who wrote the song rainy days and mondays
835	who is known as the philippine queen of bossa nova
836	where was the outlaw of josey wales filmed
837	when's the last time philly won the superbowl
838	an open-source clone of unix created in the early 1990s
839	how many goals did mikel score for chelsea
841	when was the last time university of michigan won a national championship
842	who sang nice day for a white wedding
843	who played ashley on the young and the restless
845	who wrote the first declaration of human rights
846	jharkhand which festival is associated with cattle worship
847	who was charlie writing to in perks of being a wallflower movie
848	which central american nations border the pacific ocean and the caribbean sea
849	who sings will you still love me when i'm not young and beautiful
850	where are more than half your bones located
852	when did the apple iphone se come out
853	who does the voice of little chef in ratatouille
854	how many times have real madrid won the champions league in a row
855	in the song i drive your truck who is he talking about
856	at what age are you no longer a toddler
857	what is on a mcchicken sandwich from mcdonalds
858	whats the movie called with justin timberlake and time
859	a concave mirror can form a real image which is a copy of an object that forms
860	who had the best strike rate among batsmen who scored over 200 runs in the world cup
861	when did the first battle of ypres end
862	who sings why does it hurt when i pee
863	who were farmers who kept a small portion of their crops & gave the rest to the landowners
864	who has won the most olympic medals in curling
865	what is one of the main goal of the democratic party
866	who sings you can't get what you want
867	where is the world's largest thermometer located
868	who plays the beast on the new beauty and the beast
869	north carolina delegate to the second continental congress
870	who gets the most punishments on impractical jokers
871	what is the name of governor of maharashtra
872	what is the lead singers name of staind
873	when did the vikings first sail and reach britain
874	who plays nathan's mother on general hospital
875	who supported states rights during the civil war
876	who is the actor that plays sneaky pete
879	how many episodes of the white princess will there be
880	what part of the brain is in the middle cranial fossa
882	where is dakar located on the world map
883	how long were the pyramids the tallest structure
884	which is the site of the light dependent reactions of photosynthesis
885	where was the movie silver linings playbook filmed
887	what is the full form of ib board
889	state with highest population growth rate in india 2011
890	where are the first nations located in canada
891	where does puerto rico's power come from
892	who was elected the president of constituent assembly
893	a synonym for the content component of communication is
894	different ways to spell corey for a boy
895	active absorption of water from the soil by the root is mainly affected by
896	when was the first ford f 150 made
897	who votes in the speaker of the house
898	who plays young agent o in mib 3
899	who plays hulk in the thor and avengers series of movies
901	what's the largest city park in the united states
902	who wrote the poem for whom the bell tolls
903	three largest cities in the world by population
904	where can the mona lisa be found today
905	how many levels of protein structure are there
906	when did university stop being free in australia
907	panic at the disco song about a wedding
909	what is the most famous building in rennes
911	who plays the dad in girl meets world
912	who played the dad in a christmas story
915	what is the name of manchester united stadium
917	who won season 16 on dancing with the stars
918	what is the account number of airtel payment bank
919	when did the crucifix become the symbol of christianity
920	when was the first commercial cell phone released
921	what type of boundary was the mexico earthquake
922	how long is one full rotation of the earth
923	on which river did the exploration of the louisiana purchase begin
924	where did the world's largest recorded wave occur
926	sequel to a christmas story it runs in the family
927	who sings the song rock you like a hurricane
928	who played bailey in the sisterhood of the traveling pants
930	where does the term jack mormon come from
931	what kind of animals live in the great victoria desert
933	authorities involved in formulating accounting standard in india
934	what kind of metric system does the us use
935	who is the president of the republic of zambia
937	who are the permanent member of un security council
938	who designed the earth day flag in 1969
939	when was the last time villanova won the ncaa basketball championship
940	what is the biggest determinant of climate in venezuela
941	the king of kalinga in the mauryan period was
942	who is the no. 1 ranked tennis player in the world
943	where was the capital of the habsburg empire located
944	which is the fastest train in india and what is its speed
945	who votes in the baseball hall of fame
946	who does the voice of cruz on cars 3
947	when did hootie and the blowfish come out
948	who were the the continent of the americas named after logically
949	who is the guy that jumped from space
950	who starred in the remake of true grit
952	when was i don't like mondays released
953	who decides where the super bowl is played
954	when did the wall go up in east germany
955	who is the longest serving manager in manchester united history
956	what river is associated with the city of rome
957	what is bermuda competing in the winter olympics
959	where is cinque terre italy on a map
960	who is the highest paid baseball player in the major leagues
962	where does us highway 1 start and end
963	who laid foundation stone of islamia college peshawar
964	what is the big gold dome in jerusalem
965	when did holland become involved in world war 2
966	which philosopher advocated the idea of return to nature
967	who led the conquest of the incas in south america
968	where does the pulmonary trunk receive blood from
969	what is the symbol for christmas in brazil
970	what is the genus of a bald eagle
971	when was the last time the los angeles lakers won a championship
972	what is the collection of the districts to the east of the jordan river
973	who plays the characters in yo gabba gabba
974	who won oscar for best director this month
975	what type of reproduction do whiptail lizards use
976	who sings love will keep us alive by the eagles
977	symbolic interactionism is the basis for which theoretical model
978	who hung the lanterns in the old north church
979	who designed the garden city of new earswick
980	where is the university of wisconsin madison located
981	where is dia de los muertos celebrated in mexico
982	a town in west yorkshire on the river aire home to a rugby league team
984	who played the mom in the partridge family
985	who won the academy award for best original musical score
986	where are the highest average incomes found in north america
987	what hangs from the trees in the bayou
988	where is the food stored in a yam plant
989	whens the last time the patriots played the eagles
990	another name for the torso is the blank region of the body
991	who played the oldest brother in 7th heaven
992	how many seasons of from dusk till dawn are there
993	what is the female lion called in lion king
994	when did martial law in the philippines end
995	number of degree of freedom for plane mechanism
996	name of volcano that erupted in iceland in 2010
997	where does summer of the monkeys take place
999	in the texas legislature the house has members and the senate has
1000	what does g stand for in baseball stats
1001	who was the last nba player to get drafted out of high school
1002	who was the person who escaped from alcatraz
1003	when was the last amendment to the constitution passed
1004	who has scored the most tries in rugby union
1005	who is the new york state senate majority leader
1006	when did the first marvel vs capcom come out
1007	who carried the usa flag in opening ceremony
1010	who is the actor who plays king joffrey
1011	who starred in the movie natural born killers
1012	what was going on in the world in 1900
1013	when did the nest 3rd generation come out
1014	who has won the most united states championships
1015	how much is a 72 oz steak at the big texan
1016	when was the first wonder woman comic released
1018	who does the voice of alistair in dragon age
1019	who were the twins that played for kentucky
1020	who coined the phrase let get ready to rumble
1021	who is command sergeant major of the army
1022	who is in charge of new issues not mentioned in the constitution
1025	when did the us dollar leave the gold standard
1026	who founded mission nuestra senora de la soledad
1027	the type of display that google glass presents to its users is called what
1028	where are the winter olympics and when do they start
1029	to whom do the powers not given to the federal government by the constitution go
1030	what is the name given to the common currency to the european union
1032	what process causes the continents to drift apart how
1033	who was the first person to successfully introduce a device exclusively designed for data processing
1034	prior to 1948 north and south vietnam were a part of
1035	who sang if this world were mine with luther vandross
1036	how many times has south korea held the winter olympics
1037	which gene segments code for the variable region of the heavy chain
1039	who won the national championship in volleyball 2017
1041	the lowest temperature at which a lubricant will flow is called the
1042	who wrote the song mary had a little lamb
1043	who was an early advocate for using scientific methods based on inductive reasoning
1044	when does the call of the wild take place
1045	when was the first driver's license required
1046	when was the last time iran had an earthquake
1047	where is the deepest lake in the us located
1048	who is the largest supermarket chain in the uk
1049	what is the origin of the name marvin
1050	when did italy enter the second world war
1051	what river flows through charleston west virginia’s capital
1052	what is the main objective of criminal law
1053	what theater number was the aurora shooting in
1054	where does blood go when it leaves the pulmonary artery
1055	what states do not allow daylight savings time
1056	who is the highest selling r&b artist of all time
1058	what stations in seattle are owned by sinclair
1059	which state is the richest state in nigeria
1060	how many seasons are in star wars the clone wars
1061	when did world war 2 end in the pacific
1062	how many books are in the diary of a whimpy kid series
1063	who did cubs beat in 2016 world series
1066	when did ibuprofen become available over the counter
1067	who played the judge in good will hunting
1069	when is the fa cup semi-finals being played
1070	who won the most medals in the 1924 winter olympics
1071	when did muhammad ali win an olympic gold medal
1073	where are the mitochondria located in the sperm
1074	what's the highest point in the us
1075	where does kfc get their chicken in south africa
1076	who has trained the most melbourne cup winners
1077	what kind of trees have heart shaped leaves
1078	book series about the end of the world
1081	when did the movie princess bride come out
1082	india participated olympic hockey for the first time
1083	what does it mean when your baby comes out feet first
1084	when did they start vaccinating for whooping cough
1085	where was the world economic forum held this year
1087	what kind of beer is st pauli girl
1088	who is emma dating in once upon a time
1089	when does the world cup of hockey start
1090	what is the source of information for account receivables
1091	what was hawaii's primary export to the united states
1092	where is the villa in call me by your name
1094	new york heart association functional classification of angina
1095	when was the movie cool hand luke made
1096	who sings gimme shelter with mick jagger
1097	what is a buckeye the mascot for ohio state university
1099	who plays addison shepherd on grey's anatomy
1100	who won the womens 2017 ncaa basketball tournament
1101	when did canada sign the un declaration of indigenous rights
1102	distance from one side of a bridge to the other crossword
1103	the cuban revolt against spain was led by
1104	when did sweet caroline start at red sox games
1105	what does the adrenal gland produce that is necessary for the sympathetic nervous system to function
1106	colby chees is named after a town in what state
1108	what happens when iron reacts with oxygen and water
1109	when did the first train run in england
1110	how many ammendments to the constitution have there been
1112	who invented the first computer game in 1962 and what was the name of the game
1113	who did the original spirit in the sky
1114	internet based test of english as a foreign language test
1116	when is season 8 for game of thrones
1117	who are considered to be the founding fathers
1118	how many players on the line of scrimmage in american football
1119	who holds the record for most everest summits
1120	who is the director of nightmare before christmas
1121	what are the four main types of precipitation
1122	who was the 11th prime minister of canada
1123	where is hallmark channel home and family filmed
1124	which term means the study of the nature and causes of disease
1125	where are the next two winter olympics going to be held
1126	what is the poorest county in the state of florida
1127	who sings i can't take my eyes off of you
1128	who plays colin on young and the restless
1129	how many indian astronauts have gone to space
1130	what is the width of a cricket bat
1132	who plays manny in diary of a wimpy kid
1133	where does the light reaction of photosynthesis occur
1134	who has the most super bowls in nfl history
1135	who has appeared in the most royal rumbles
1136	where did they film the game of thrones
1137	where did the last name taylor originate from
1139	who won the most mvp awards in the nba
1141	who is the current cruiserweight champion in wwe
1142	who did corbin dance with on dancing with the stars
1143	who abolished the monarchy and declared france a republic
1144	who plays harley quinn in the lego batman movie
1145	how many different kinds of pokemon cards are there
1146	what is australia's location in the world and region
1148	who won the 30 man royal rumble match
1149	who is the supreme justice of the supreme court
1150	what is the most common blood type in sweden
1151	what does a heart rate of 131 mean
1152	when did the government change the retirement age
1153	how oxygenated blood returns to the heart from the lungs
1154	who has won the most f1 grand prix
1155	how many games does a team have to win for the world series
1156	when did the log flume closed at alton towers
1157	what happens when an air mass is pushed up and over a mountain range
1158	where does the last name hansen come from
1159	who said life is like a bowl of cherries
1160	how long is the famous suspension bridge in san francisco and what is it called
1161	name a food you might eat on thanksgiving
1162	when did sierra nevada brewery open in asheville
1163	who said have you no sense of decency
1164	who was the chicago bears quarterback last year
1165	when did the dallas cowboys win their last playoff game
1166	which animal is the carrier of the h1n1 virus
1167	where did the ancestors of the domestic goat originate
1168	how many episodes in season 4 of last ship
1169	when does part 5 of jojo take place
1170	where are the washington redskins based out of
1171	what is the highest base on the ph scale
1173	who played marius in the movie les miserables
1174	when is the strictly come dancing results show recorded
1176	who invented the first home video security system
1177	when did sussex split into east and west
1178	who sold the most records elvis or the beatles
1179	what does a bull shark tooth look like
1180	bosnia and herzegovina croatia macedonia and slovenia all used to be parts of
1181	how many quarterbacks have a receiving touchdown in the superbowl
1182	what act did parliament pass after the boston tea party
1183	how many seasons of johnny bravo are there
1184	where does the sweetness of fruit come from
1185	who plays drew's boyfriend on the night shift
1186	when does kubo and the two strings release
1187	who plays nikko in the wizard of oz
1188	what is a e8 in the marine corps
1189	who stole the mona lisa from the louvre in 1911
1190	who sang the them song for as told by ginger
1192	who is going to host the 2018 winter olympics
1193	which came first the walking dead comic or show
1196	where is the protien made in the cell
1197	who is given credit for inventing the aqua lung
1198	who won the 1st battle of bull run
1199	who plays the voice of john smith in pocahontas
1200	computer based models of real life situation are called
1201	how many inches is the iphone 5s screen
1202	5 cities with the highest population in europe
1203	who is the valley of the dolls based on
1205	who is the girl who played in the grinch
1206	who took over the dutch colony in north america
1207	who wrote the theme song for mission impossible
1208	who wrote the theme to last of the mohicans
1209	when did day light savings start in the us
1210	what does the m number mean on a pint glass
1211	where is beijing located on the world map
1214	when does the black panther movie soundtrack come out
1215	when was the letter j introduced to the alphabet
1216	what flag is red and has a gold star
1217	who expanded the palace of versailles to its present size
1218	when was the last time the vikings made the superbowl
1219	when do we find out luke and leia are siblings
1220	when did the uk and us become allies
1221	who wrote the song going to kansas city
1222	where did the battle of issus take place
1223	what is the name of the muslim dress
1225	when were cigarette ads banned from tv uk
1226	who invented the transtheoretical model of behavior change
1227	who recorded i can't help falling in love with you
1228	when did india win their first cricket match
1229	which term is used to identify having official power to act
1231	who was president when the panama canal was built
1232	where was the remake of dirty dancing filmed
1233	who played the little boy in polar express
1234	what channel does thursday night football come on regular tv
1237	when did the subway open in new york
1238	what is the speed of the nascar pace car
1239	who won the silver medal in womens figure skating
1241	what type of writing did ancient egypt use
1242	who did the united states win its independence from
1243	the first element on the periodic table is
1244	who wrote the song oh lord won't you buy me a mercedes benz
1245	who was the first imperial power that was fighting in vietnam
1246	who is the captain of richmond football club
1247	who is the first indian climber of mount everest
1248	who is the writer of 50 shades of grey
1249	who votes to elect a rajya sabha memmber
1250	what land mass was north america a part of about 300 million years ago
1251	who was defeated in the french and indian war
1252	how many episodes curse of oak island season 5
1253	where was the first nhl hockey game played
1255	who plays cesar in the show on my block
1256	where would the group bacteroids likely be found
1257	who was the pinkerton detective agency's first female detective
1258	who played harley in harley davidson and the marlboro man
1259	who were the original voices of the flintstones
1260	where did they get the vibranium to make captain americas shield
1262	what is loihi and where does it originate from
1263	anastomosis between the epididymis and the vas deferens
1264	when was the last time astros was in the world series
1267	who helped the british in the french and indian war
1268	who was the german leader who signed the treaty of versailles
1270	a good that can be used in place of another good
1272	who gets first pick of fa cup games
1273	what is the written dialogue portion of a musical called
1274	in florida it is illegal to sell alcohol before 1 pm on any sunday. this is an example of
1275	who played the original wonder woman on tv
1276	the man in the high castle episode 1 season 1
1277	who is the voice of the other mother in coraline
1278	when was the last time the dodgers played yankees in the world series
1279	who has the highest paid contract in the nba
1280	when does jo come in grey's anatomy
1281	which financial statement involves all aspects of the accounting​ equation
1282	who got the most passing yards in the nfl
1283	when was it was not death for i stood up published
1284	bacterial cell walls are made rigid by the presence of
1285	when did 10 shilling note go out of circulation
1286	how many medals did austria win in the 2011 alpine skiing world championships
1287	when did the song rapper's delight come out
1288	when did the flash first appear on arrow
1289	who sang how can you mend a broken heart first
1290	who played in the stanley cup finals last year
1291	when did the continental congress vote to adopt the declaration of independence
1292	where does the us launch space shuttles from
1293	a country having an island location and a country having continental location
1294	which horse and jockey won the melbourne cup in 2002
1295	when was last time bayern munich won champions league
1297	the complete collection of dna and genes is called
1298	who plays big momma in big mommas house
1299	when were 7 books removed from the bible
1303	what is one element a topographic map shows
1304	spyder from once upon a time in venice
1307	who said i'll gladly pay you tuesday
1310	what is the emblematic rhythm of dominican republic
1311	what side does us army go on acu
1313	who did the astros play last time they were in the world series
1314	who was the inventor who developed a way to record sound
1315	who became a leader of the indian national congress
1318	during the great depression in the 1930s the u.s. economy experienced a
1319	who is the guy who walked across the twin towers
1320	turkish finnish and hungarian belong to which family of languages
1322	when was i can only imagine the song released
1323	how much money did the film titanic make
1324	who came up with the theory of relativity
1325	where does prime rib come from on a cow
1326	where is the meridian that is opposite the prime meridian located
1327	what does it mean to fuse the spine
1328	who took control of jamestown and made new rules that made everyone work
1329	who presides over the highest criminal court in a district
1330	who played stonewall jackson in gods and generals
1331	how did early humans make use of stones during the prehistoric period
1333	which state was returned to spain after the revolutionary war
1336	dendrites and cell bodies are components of what type of matter found in the brain
1337	what was the united states foreign policy after ww1 started
1338	which nfl coach has the most superbowl rings
1339	when did radio shack change to the source
1340	who wrote the theme song for the winter olympics
1341	when did little polveir win the grand national
1342	most assists in an nba all star game
1344	when did the democratic party change its name
1345	who did michael showers play on vampire diaries
1346	where does the largest amount of federal tax revenue come from
1347	where does wild caught sockeye salmon come from
1348	who won the mvp for the national league
1349	what is the latest edition of the intelligent investor
1350	who is the girl that played darlene in roseanne
1351	who does tyler end up with in you get me
1352	big bang theory season 11 how many episodes
1354	what is the year round weather in dubai
1356	when was where have all the flowers gone written
1358	who was named african footballer of the year 2014
1359	where does the last name cintron come from
1360	who formed and first came to the colony of maryland
1361	what is the biggest town in west virginia
1362	what are the 5 prohibitions of yom kippur
1363	who died in the first episode of stranger things
1365	which is the default file extension for an audio file in windows media player
1369	what cities are in san joaquin county california
1370	when does the mlb season start and finish
1371	who has won the 2018 formula one australia grand prix tournament
1372	who said everyone will be famous for 15 minutes
1374	dynamin is associated with which type of vesicle
1375	when did the revolution begin in the united states
1377	who won the ncaa women's championship last year 2017
1378	who made the nuclear model of an atom
1380	what is the common name for gravitational force
1381	who played mrs warboys in one foot in the grave
1382	who does tony end up with on skins
1384	when was harry potter and the philosopher's stone made
1385	who were the nationalist in the spanish civil war
1388	where do the signals for apoptosis come from
1389	when did the battles of lexington and concord happen
1390	who has the most number one single hits
1391	what do you call a person who officiates a wedding
1394	when was how deep is your love released
1395	which apostle spoke at the council of jerusalem
1396	when was the last time the seattle seahawks won the superbowl
1397	who said one man's vulgarity is another's lyric
1398	when did men's curling start in the olympics
1400	what's the dwarf's name in game of thrones
1401	who plays the queen in victoria and abdul
1402	where does the grapes of wrath take place
1403	when is last time the astros won the world series
1405	when was south african youth day first celebrated
1406	china in chinese is called zhongguo which means
1407	how many counties does the state of georgia have
1408	what is mercy mercy me by marvin gaye about
1409	what is the name of the compound p4010
1410	what does the msc in msc cruises stand for
1411	who played joey's agent estelle on friends
1412	who is the sixth president of the united states
1413	who won the food network star in 2016
1414	what kind of bird is in the lion king
1415	who were the judges on dancing on ice 2014
1417	what happens to water that infiltrates the soil if it is not absorbed by the roots of plants
1418	who starred in the pirates of the caribbean
1421	what causes cracked skin at the corners of your mouth
1422	the south west wind blows across nigeria between
1423	who is the lead singer of collective soul
1424	what are the top five wine producing states
1425	who is known as the father of indian constitution
1426	what episode does lori die on the walking dead
1427	who penned the famous indian epic the ramayana
1428	when did the united kingdom entered world war 2
1430	when does season 8 for blue bloods start
1431	nobel laureate who began career as accountant in calcutta
1432	what order do the captain america movies go in
1433	who did virginia cavaliers lose to in basketball this year
1434	how many times have the golden state warriors been to the playoffs
1435	who plays emma in air bud world pup
1436	who was the qb for the saints before drew brees
1437	what type of government is in north america
1439	what is an example of an americanized mexican food created by tex-mex cuisine
1440	where was the film manchester by the sea filmed
1441	when did the nba add the three point line
1442	when was the last time someone won the super bowl back to back
1443	who has the best nba record this season
1444	who was the main character in their eyes were watching god
1445	who bowled the last over of the 2007 world twenty20 that india won
1446	who was the youngest president to be elected
1448	mention the chemical change that proinsulin undergo to be able to act as mature insulin
1451	when did the name of bombay change to mumbai
1454	who becomes chief resident on grey's anatomy season 7
1455	when does the heart develop and begin pumping blood
1456	who won the fifth season of america's got talent
1457	what is the origin of the word celsius
1458	what is the official slogan for the 2018 winter olympics
1459	who starred in the film walk the line
1462	who gave a speech to the democratic national convention in 1984
1463	who sings what the world needs now in boss baby
1465	who sings ive loved you for a thousand years
1466	when was the first case of alzheimer's diagnosed
1467	who is the founder of google and when was it founded
1468	who is the longest serving chief minister in india as on jan 2015
1469	joined mexico and the united states to form nafta
1470	who was the chief guest of 2014 republic day
1471	how many episodes of ray donovan series 3 are there
1472	when do they put the rockefeller tree up
1473	when does synapsis of homologous chromosomes occur in mitosis
1474	who does the civil rights act of 1964 protect
1475	when was the last time america hosted the summer olympics
1477	the heart muscle is stimulated to contract by electrical impulses which are generated where
1478	who scored the most points in their nba career
1479	what is the meaning of the name gomez
1480	where was the first t20 cricket match played
1481	who has won the most masters green jackets
1482	who was appointed to manage the national recovery administration
1483	who want to be a millionaire calls his dad
1484	when was the suite life of zack and cody made
1486	who is the song diamonds and rust about
1487	the resting stage of the cell cycle is
1488	what do you call initials that stand for something
1490	who played king theoden in lord of the rings
1491	what country shares borders with both belarus and romania
1492	where was harry potter and the deathly hallows part 1 filmed
1494	what are the 3 layers of the meninges
1495	which of the following helmiths feeds on blood
1496	what culture region is germany a part of
1497	what was guantanamo bay before it was a prison
1498	who wrote most of the declaration of independance
1499	in what part of the digestive tube do you expect the initial digestion of starch
1500	where do kidneys for kidney transplant come from
1501	what song did the titanic band play when it sank
1502	how tall is the tallest building in las vegas
1505	who has the oldest team in the nba
1506	when was the electronic funds transfer act signed into law
1507	who won the election for mayor in boston
1508	who won the first medal in olympics for india
1509	who wrote the music for christmas story live
1510	first jnanpith award was an autor of which language
1511	which is the ring finger for male in india
1512	which condition would most likely require nutrition delivered through tpn
1513	who does the voice of stewie family guy
1514	what is the name of the restaurant in seinfeld
1515	who played david on the assassination of gianni versace
1516	what is the democracy of the united states
1517	who plays grace in the secret life of the american teenager
1518	where did the rulers of the qing dynasty originate
1519	in what state was the united states center of population gravity located during the period 1790
1520	where do the royalties for winnie the pooh go
1522	who owns the majority of the us debt
1523	who won the most on who wants to be a millionaire
1524	who does the voice of ash in sing
1525	who was tammy from basketball wives married to
1526	who sang original i want a hippopotamus for christmas
1527	roman god of the underworld also called orcus or pluto
1528	where does the donkey talk in the bible
1529	when is chinese new year and what year is it
1530	when did korea separate into north and south
1531	who wrote if i were a boy reba or beyonce
1532	what color is the golden gate bridge in san francisco
1537	what was the book wealth of nations about
1538	most consecutive games with 20+ points - nba history
1539	who in germany signed the treaty of versailles
1540	who was the first president of the constituent assembly
1542	when did american idol end the first time
1544	who sang the original song send in the clowns
1545	when was the drinking age set to 21
1548	who monitor the recovery of the location during a disaster
1549	who wrote the treasure of the sierra madre
1550	the first line of http request message is called ____
1551	who hit 6 sixes in an over in test cricket
1552	when was the internet introduced to the public
1553	in texas how is the commissioner of insurance placed in office
1554	when did the first fleet arive in australia
1555	who sings so come and dance with me jai ho
1556	this inventor co-created the film fred ott’s sneeze
1557	which city is called the manchester of north india
1558	what was the first video game for nintendo
1559	who sang the american anthem at the super bowl
1560	seven union territories of india and their capital
1561	mount everest is part of what mountain range
1562	how many us states are commonwealths and which states are they
1563	where does the river irk start and finish
1564	what was the most important new religious figure of the new kingdom of ancient egypt
1565	what is the average salary for a us congressman
1566	what was the full name of the titanic
1568	winner of first series of great british bake off
1569	how many rooms is there in buckingham palace
1570	who plays the dad in the new beauty and the beast
1572	who has won more national championships michigan or ohio state
1573	what happened to the actor who played frost on rizzoli and isles
1574	when did lynyrd skynyrd's plane crash happen
1575	how many countries in the world have scouts
1576	what is the name of season 6 of american horror story
1579	who said if a tree falls in the woods and nobody hears it
1580	who formed the indian society of oriental art
1581	what is the meaning of lord shiva lingam
1582	who is the queen of hearts in alice in wonderland
1583	the octet rule states that in chemical compounds atoms tend to have the electron configuration of a
1584	where is the majority of phosphorous stored in the environment
1585	where is the hotel used in the movie the shining
1586	who was the father of the princes in the tower
1587	when was the titanic started to be built
1589	the german princes who chose the holy roman empire were called
1591	who came up with the idea of the transcontinental railroad
1592	the elements in each period have the same number of
1594	leader of carthage in the first punic war
1596	what is the main use of the eiffel tower in modern times
1597	who sang smoke gets in your eyes first
1598	when did the soviet union first gain control of parts of poland and the baltic republics
1600	when was the movie the wizard of oz made
1601	who died doing the luge in the olympics
1603	when was clash royale released in the us
1604	ranjit sagar dam has builded over which river
1605	when does the sword art online movie take place
1606	what was vietnam called in the years before world war 2
1607	third president of the united states of america
1608	who played stumpy in the movie rio bravo
1609	what is the dogs name in wizard of oz
1611	how many senators are there in the us senate
1612	who is hosting e live from the red carpet
1613	where do the greasers live in the outsiders
1614	how many pitchers does a major league team have
1616	how many steps does the cn tower have
1617	trick taking card game name derived from spanish for man
1618	which two regions grow most of china’s rice
1619	from whose perspective is the story of all quiet on the western front told
1620	what was the meaning of the song puff the magic dragon
1621	a player that can shoot pass or dribble is considered to be
1622	who was the temple of vesta built for
1623	who invented the printing press and what year
1624	when was the worlds first laptop computer introduced in the market and by whom
1625	how many states have a cracker barrel restaurant
1626	when did new york stop using the electric chair
1628	who was the first english child born in north america
1629	who killed barry allen's mom tv show
1630	when were the words under god added to the pledge
1631	how do you say zest for life in french
1632	who sings the song you'll never find another love like mine
1634	in which country bikram sambhat the official calender
1635	who was suite judy blue eyes written about
1636	when does middle-earth shadow of mordor come out
1637	where is the bread plate located in a formal setting
1638	who was in dont worry be happy video
1639	where do the secretory cells of endocrine glands secrete their products
1640	when was the last time vancouver had an earthquake
1641	when does canada switch to daylight savings time
1642	how much of the world's diamonds does de beers own
1643	where did the ashes from ash wednesday originate
1644	where is the diaphragm located on the human body
1645	who drafted the document of the un declaration of human rights
1646	when did all night long come out lionel richie
1647	how much square feet is a basketball court
1648	the cold dry winds that blow over northern india in winter are called
1650	who has been chosen as the brand ambassador of the campaign 'beti bachao-beti padhao
1651	when is the second half of vikings season 5 coming out
1652	original cast of natasha pierre and the great comet of 1812
1653	what's the biggest country in western europe
1654	when do wood thrushes fly when they are migrating
1655	what is the title of the person who runs the house of representatives
1656	what is a whistle blower suit under the false claims act
1657	where is the oldest house in america located
1658	when was the land rover defender first built
1659	what is the main source of nutrients in an estuary
1660	what's the biggest nfl stadium in the united states
1662	where did aeneas go when he left carthage
1665	during which season does cape town receive rainfall
1666	who owns the rights to rocky and bullwinkle
1667	what state did they film daddy's home 2
1669	where do the florida marlins have spring training
1670	who won french open 2017 tennis tournament in men's double category
1671	when did the united states became a nation
1672	who played santa in the santa clause movies
1673	type of disappearing lake found in limestone areas in the west of ireland
1674	who was the spanish civil war fought between
1675	georgia out of angus thongs and perfect snogging
1676	who issued gold coins for the first time in india
1677	which greek god flew too close to the sun
1678	where can carbon be found in the biosphere
1681	what is the area code for phoenix arizona
1682	where in the bible are the 12 disciples
1683	who came up with popcorn at the movies
1684	who is responsible for establishing local licensing forum
1685	when did clifford the big red dog first air on tv
1687	where is natural gas found in the us
1688	who sang the most number of songs in the world
1690	when did the right to buy scheme start
1691	when did the wave hill walk off end
1693	who sings the songs in crazy ex girlfriend
1694	how many winnie the pooh books are there
1695	wolf of wall street number of f words
1696	india south africa test series 2018 highest runs
1698	who represented the state of tennessee in the scopes trial
1699	who won the marathon in new york city
1701	does archie end up with betty or veronica in riverdale
1702	how and why were serial novels a phenomenon in the nineteenth century
1703	when did this season of american idol start
1704	when did the newest macbook pro come out
1706	who sings the christmas song all i want for christmas is you
1707	when was christmas first celebrated as a holiday
1708	when was the last time the dodgers went to the world seris
1709	when did teenage mutant ninja turtles come out
1710	when were 2 dollar bills stopped being made
1711	who is the leading african producer of wool
1712	where does the president get authority to issue executive orders
1713	how long do you have to serve in the israeli military
1715	when is the womens ice skating for the olympics
1716	what is the most current adobe flash player version
1717	how many players have scored 10000 runs in odi
1719	when did the first wireless beats come out
1720	who discovered the atom and in what year
1721	when did the philadelphia eagles play in the super bowl last
1722	what is the word for clarified butter in the balkans and middle east
1723	where does the electron transport chain get its electrons from
1724	where is fight or flight in the brain
1726	where did the idea of a unicorn come from
1727	which approach to psychology focuses on the body especially the brain and nervous system
1729	uruguay is located along what body of water
1730	what drug does the mom use in requiem for a dream
1732	who donates a christmas tree to trafalgar square
1733	when was the original stephen king it movie made
1734	who plays ser davos in game of thrones
1735	when did the botswana currency first come into circulation
1736	where is the largest salt mine in the us
1738	when was the rock and roll hall of fame built in cleveland
1739	who is nebula on guardians of the galaxy
1740	what is the significance of the sahara desert
1741	who was the first coronated king of manipur at kangla
1742	who is the pastor of new birth missionary baptist church now
1743	where did saudi crown prince go to college
1744	what is the revolution period of venus in earth years
1745	what is the definition of ph in water
1746	when was the national flag of india adopted
1747	ajay devgan preity zinta and madhuri dixit movie
1748	when did virgin australia (formerly virgin blue) commence flying in australia
1749	who created separation of powers and checks and balances
1750	how many episodes of sabrina the teenage witch are there
1751	1. what was the precursor to the present day internet
1752	who was the first british team to win the european cup
1753	who inaugurated 'world teachers' day'
1754	how many house of representative do we have in nigeria
1755	which type of fire detector uses the effect of smoke on a light source and photo-electric cell
1756	how many votes to approve supreme court justice
1757	who do you meet at the gates of heaven
1758	iupac name of element with atomic number 107
1759	where is the setting for beauty and the beast
1760	when was the last time nebraska voted democrat
1761	winner of worst cooks in america season 5
1762	when does the movie jeepers creepers come out
1763	who got the first nobel prize in physics
1765	what is the longest river in the united states
1766	when was the japanese videogame company nintendo founded
1767	who plays the evil doctor in wonder woman
1770	when did indoor toilets become common in america
1772	only player to play for manchester united manchester city liverpool and everton
1773	when did france and belgium invade the ruhr
1774	who plays the first nfl game of the season
1775	who sings in walk hard the dewey cox story
1776	who won the american league pennant in 2017
1777	where are the san juan mountains in new mexico
1778	who won last year's grand national 2017
1779	who played daisy duke in the new dukes of hazzard
1781	what do mobile numbers start with in the uk
1782	where is the lost dutchman's mine supposed to be located
1783	when did hollywood become the centre of the film industry
1784	who is known as father of green revolution in india
1785	who brought the idea of castles to england
1786	when do willow and tara get back together
1787	what type of artwork was created in the safavid empire
1788	what is the current mac os operating system
1789	who won the fountain of youth stakes at gulfstream park
1790	who was the nfl first draft pick 2017
1792	what type of dog was laika the spacedog
1793	who signed the declaration of independence for maryland
1794	who expanded the territory of china during the qing dynasty
1795	who has scored more goals in the premier league
1797	where was the 2015 rugby union world cup held
1798	who won an oscar for schindler's list
1799	when did britain set up east indian trading company
1800	where was the movie jeremiah johnson filmed at
1801	where does a wrinkle in time take place
1802	where did the potter's wheel first develop
1804	who are the two teams in super bowl 2018
1807	what year did the golden state warriors win their first nba championship
1808	who sings i want to be a rockstar
1810	who won every men's biathlon event in the 2002 winter olympics
1811	who does dwyane wade play for right now
1813	what is the form of mozart symphony no 40
1814	who is the head of parliament in uk
1815	where does the sciatic nerve run in the foot
1816	who won the workd series of poker 2017
1817	the creation of human beings in the kumulipo happens during which wā or period of creation
1818	who wrote hit me baby one more time
1819	what is cost of first class mail stamp
1820	who wrote the book the origin of species
1821	what's in a beam me up scotty
1822	where does the red river start and end in louisiana
1823	what is the official symbol of the carnival of quebec
1824	what is the main mineral in lithium batteries
1825	who played the middle sister on full house
1826	who plays caesar planet of the apes 2014
1827	what type of car is a jeep considered
1828	how many us states currently use capital punishment
1829	when was the last time dallas cowboys won the super bowl
1830	where is salt mined in the united states
1831	when does the new episodes of supernatural start
1832	who played pink in pink floyd the wall
1833	when did goku first go super saiyan 4
1834	where are the giant redwoods located in california
1835	who was the first woman to win who wants to be a millionaire
1836	who sings for the beast in the new movie
1837	industrial city in germany on the rhine herne canal
1838	who declared war on the united states four days after pearl harbor
1839	premier league players to score 5 goals in one game
1840	an edge that is between a vertex and itself is a
1842	when was penicillin first introduced to the public
1843	what ethnic group celebrates its contribution to america in october
1844	when was the last time a hurricane hit massachusetts
1845	who heads the executive department of west virginia government
1846	who owned the colts when they left baltimore
1848	which president supported the creation of the environmental protection agency (epa)
1849	who played taylor on the bold and beautiful
1850	where are trigger points located in the body
1852	where did they get the tree for rockefeller center
1854	when did the song holiday road come out
1855	what was the purpose of the bantu education act
1856	who is the longest railway station in india
1857	who has played raoul in phantom of the opera
1859	who wrote the song be thankful for what you got
1860	where did iowa state football coach come from
1861	when did scotland last qualify for world cup
1862	who sang in the movie i walk the line
1863	what kind of food did the woolly mammoth eat
1864	what's the average lifespan of a basset hound
1865	when did the great plague of london start and end
1866	when was the movie the king and i made
1867	where did the first persian gulf war take place
1868	who is considered the father of modern behaviorism
1869	when did to kill a mockingbird become popular
1870	who played the first nfl thursday night football game
1871	what language is the olympic anthem sang in
1872	is jaffa cakes a biscuit or a cake
1873	what's the difference between salisbury steak and hamburger steak
1874	where did chocolate originate the americas spain asia
1875	who received the most (but not a majority of) electoral votes in 1824
1876	where does the papillary layer of the skin lie
1877	who is the original singer of you re going to love me
1878	what type of song is what a wonderful world
1879	suffix applied to the end of the name of enzymes
1880	what type of business is chamber of commerce
1881	who directed the best years of our lives
1883	when's the last time the philadelphia eagles played the new england patriots
1884	who was the first indian to be appointed as a judge in the international court of justice
1885	what type of tale is the pardoner's tale
1886	who is the all time leading scorer in ncaa tournament history
1887	how many times has lake placid hosted the winter olympics
1888	where do some of the natural air pollutants come from
1889	what is the name of the shape with 100 sides
1891	who is the robot in lost in space 2018
1892	who is recognized as the founder of islam
1894	where was robin hood prince of thieves made
1896	when does it's a wonderful life comes on
1897	who wrote the original little red riding hood story
1898	where is the inscription on the statue of liberty
1899	who was the captain of the mayflower when it took the pilgrims to the new world
1901	where is the oldest civilization known to man
1902	when does scully come back in season 2
1903	how many lines of symmetry are there in a equilateral triangle
1904	has been honoured with the wisden leading cricketer in the world award for 2016
1905	where was the witch of blackbird pond published
1906	what is the number of total presidential electoral votes
1907	what is the breakdown product formed when one phosphate group is removed from atp
1908	what tool is available from microsoft as an alternative to the usmt for smaller migrations
1910	when was the last time an american won the new york marathon
1911	who is the girl that died in eyes wide shut
1912	who is the prime minister of india full name
1913	who was the grandfather on the cosby show
1914	list of books written by abul kalam azad
1915	what are the 5 boroughs of new york city
1916	when did ohio state join the big 10
1917	when did the ouija board first come out
1918	distinctive characteristics of animals classified as vertebrates include
1919	where was the last world cup held and who won
1921	where does the optic nerve cross the midline ​
1922	who was it that described the structure of dna
1923	who sang the theme song from russia with love
1924	where does the song 10 green bottles come from
1925	what kind of national legislature did the constitution created
1926	vikram samvat calender is official in which country
1927	when did one child policy end in china
1928	what is the definition of the name thomas
1929	what was generally the preferred way for european powers to control colonial regions
1930	which is the only test playing nation that india has never beat in t20
1931	input that tells the computer which task to execute is
1932	who won season 2 of real chance of love
1933	who does the voice of nelson on simpsons
1934	who is the coach of university of kentucky basketball
1935	who won the gold for the men's figure skating
1937	the initial unification of upper and lower egypt took place during which period
1938	who plays voldemort in harry potter and the philosopher's stone
1939	when does the next star trek episode come out
1940	who is the present rajya sabha speaker of india
1941	who is the book of galatians written to
1942	panda is a national animal of which country
1944	what do the 3 dots mean in math
1945	when does star wars battlefront 2 com out
1946	where did the british army launch a successful invasion in 1776
1947	doric ionic and corinthian orders all refer to types of
1948	consist of the sum of the fixed and variable costs for any given level of production
1949	how old was sasuke when his clan died
1950	what was the religion in the virginia colony
1951	who wrote how do you do it by gerry and the pacemakers
1952	who devised the fingerprint classification still used today in europe and the us
1953	the first vice president of india who become the president letter was
1954	who led the soldiers in ending the raid on the harper's ferry arsenal
1955	where does the cell spend most of its time in the cell cycle
1956	who sang a whiter shade of pale first
1957	who was first governor general of british india
1958	surface area in many kinds of organs is important because the amount of surface determines
1959	who has majority in the house and senate
1960	who is the most losing team in nfl history
1961	what is the highest scoring letter in scrabble
1962	where did the book small steps take place
1963	when did bihar bifurcate from bengal and some parts of chota nagpur merged into bengal
1964	how many series of diary of a wimpy kid are there
1965	who created the very first adhesive postage stamp and what year
1966	who is the writer of a walk to remember
1968	who sings theme tune to orange is the new black
1969	what channel is abc on in phoenix arizona
1970	where does the brazos river start and stop
1971	what is the purpose of the bromophenol blue dye in the samples
1973	who dies in akame ga kill night raid
1976	who does the voice of marceline on adventure time
1977	who has the most green jackets from the masters
1978	where is the eagle creek fire located in oregon
1979	sending money home to the native country is an example of
1980	how many episodes is ash vs evil dead season 3
1981	what is the song in red dead redemption
1982	who is the head of the department of homeland security 2017
1984	what part of dc is howard university in
1985	who has the most olympic medals in figure skating
1986	who scored the most points in a single game in the nba
1987	when was the design period known as art deco
1988	disagreements involving slavery and states' rights were two of the main causes of
1989	what was the biggest tank in world war 2
1990	what does the c stand for chrysler 300c
1992	who was the first lady nominated member of the rajya sabha
1995	how many wins does tiger woods have on the pga tour
1996	who has the most subscribers in faze clan
1997	where was the movie a walk among the tombstones filmed
1998	where does the paraguay river start and end
1999	the nurses' health study is an example of what type of study
2000	the region that stretches between the black and caspian seas
2002	what was the name of the plant on little shop of horrors
2003	what nba player has scored the most 3 pointers
2004	wal-mart is a prime example of which type organization
2005	who won season 8 of america's next top model
2006	when did macbook pro 13 inch come out
2007	when was the mission san antonio de valero built
2008	what is the current rate of interest on ppf
2009	when did the lion king start on broadway
2010	who is john snow on game of thrones
2011	list of strict nature reserve in the philippines
2012	when was the last easter that fell on april 1st
2013	what was the city of beijing previously known as
2014	who is the book of acts written to
2015	the secret of crickley hall how many episodes
2016	who does the voice of the gorilla in the movie sing
2017	when did billy don't be a hero come out
2018	when does the regular season start in mlb
2020	where does the name loyola university come from
2021	where did the last name edwards come from
2022	where did the term spirits for alcohol come from
2023	when does south by southwest start in austin texas
2024	the joint between a coxal bone of the pelvis and the sacrum
2025	who wrote the phantom of the opera music
2026	when did starbucks become a publicly traded company
2027	when was nepal declared a secular state in bs
2028	what type of novel is goodbye mr chips
2029	who is next in line to inherit the british throne
2030	who has climbed mount everest the number of times
2031	when did toyota first come to the united states
2032	who plays the main character in hacksaw ridge
2034	where did you go to drink during prohibition
2035	what was the actual year that the movie regarding the titans took place
2037	who did dwight howard play for last year
2038	who made the first spanish landing on the mainland of north america
2039	who lives in the blue house in balamory
2040	when was the first season of when calls the heart
2041	who played lead guitar on 25 or 6 to 4
2042	who is credited with the discovery of the neutron
2044	who played the original steve mcgarrett on hawaii five-o
2045	what mlb teams did deion sanders play for
2046	when did the phantom of the opera open
2047	branch of science that deals with the structure of human body parts
2048	what's the medal count for canada in the olympics
2049	what is cain and abel software used for
2050	who has given the theory of unbalanced economic growth
2051	when were the first general elections held in independent india
2053	who conducted the opening concert at carnegie hall
2054	who is the most played artist on spotify
2055	vine with heart shaped leaves and white flowers
2056	who played the first phantom of the opera
2057	when is the new jurassic world game coming out
2058	what part of brain is responsible for complex thinking
2059	who is the owner of the mandalay bay in vegas
2061	where does the last name baca come from
2062	who voiced simba in the lion king 2
2063	who founded amazon where is the headquarters of amazon
2065	when does rick and morty play on tv
2067	how many nfl teams has st louis had
2070	who sang my bucket got a hole in it
2071	who were the major countries involved in the cold war
2073	who wrote catch 22 (both names)
2075	how many students attend university of texas at austin
2078	who played the king in the ten commandments
2081	legends of tomorrow season 3 finale air date
2082	who sings my anaconda don't want none
2083	what was the result of the revolt of 1857
2084	name three large lakes other than the great lakes in the united states
2085	who wrote i can feel at home in this world anymore
2086	what is the meaning of the word autumn
2087	who is the speaker in shooting an elephant
2088	the part of the cytoskeleton made from the protein actin is called
2089	when is dancing on ice on the tv
2090	who was the first executive president of guyana
2091	when did the us take over wake island
2092	where does the term the west come from
2093	who played john coffey in the movie the green mile
2094	two main types of research methods used in psychology
2097	when does god of war ghost of sparta take place
2098	who sings the song i want to go outside in the rain
2099	who sang one bad apple spoils the bunch
2102	what is the job of justice of the peace
2103	when did hollywood video go out of business
2104	what is the largest magnitude earthquake that has occurred in the pacific northwest
2105	who did michigan state play in the rose bowl
2106	when did the ncaa tournament became more important than the nit
2107	where does junior want to go to find hope
2108	when was the last time mount ruapehu erupted
2109	character in macbeth who is murdered and appears as a ghost
2111	whose new political ideas of natural rights influenced the declaration of independence
2112	who built the first temple for god in jerusalem
2113	who negotiated an agreement with japan concerning the future of korea
2115	who did the central powers defeat on the eastern front before concentrating back on france
2116	how many episodes are there in ordeal by innocence
2118	when was the lupus foundation of america founded
2119	where did the legend of the easter bunny come from
2120	when did the tv show the waltons first air
2121	when does the boy in the striped pajamas take place
2122	who sings gimme some lovin in days of thunder
2123	when was the statue of liberty in france built
2124	what is the largest man made lake in the us
2125	how many points are scored for a touchdown in american football
2126	when did the jurassic park movies come out
2127	when was child benefit paid for the first child
2128	what class of ship is the carnival glory
2130	who sang the theme song to that 70s show
2131	season 2 this is us number of episodes
2132	who led an attack that allowed for american victory at yorktown
2134	who developed a set of postulates to prove that specific microorganisms cause disease
2135	what's the name of the last mission impossible movie
2138	winner of the women's royal rumble match
2139	who played in the first fifty shades of grey
2140	what is the most popular religion in sweden
2142	where was the movie 500 days of summer filmed
2143	i want to be with you everywhere song
2145	who is playing the halftime show for the superbowl
2146	german word for pleasure from someone else's pain
2147	actress who plays penelope garcia on criminal minds
2148	when did cricket go to 6 ball overs
2149	when did the soviet union start and end
2150	when was the bridge over the hoover dam built
2151	who sings the theme song for the proud family
2152	who has the most votes for the all star game
2154	who was assassinated during a visit to sarajevo in bosnia
2157	who is the authority or governing body of mca
2160	all the gases in the earth's atmosphere
2161	who's playing in the world series and when is it
2162	which domain of life are humans members of
2163	who does the voice of the elephant in sing
2164	who propounded the idea of basic education in india
2166	how many champions league trophies does arsenal have
2167	when is the next deadpool movie being released
2168	who won the academy award for the deer hunter
2169	where was part of the classic surfing movie endless summer filmed
2170	what percentage of the earth's surface is water
2171	who killed missy in a bend in the road
2172	who became king of erebor after thorin dies
2173	what does the ghost of christmas present sprinkle from his torch
2174	who wrote the song fly me to the moon
2175	who wrote song what a friend we have in jesus
2178	who destroyed the first temple and exiled the two tribes of judah to babylon
2179	who played forrest gumps mother in the 1994 film
2180	where is iodine found in the periodic table
2181	what is the name of india pakistan border
2183	whats the difference between tomato paste and tomato puree
2184	when did chicano studies become major studies programs on college campuses
2185	who is the actress who plays baker on blue bloods
2186	who was the killer in the movie i know what you did last summer
2187	how many countries touches the land boundary of india
2189	when was the last easter fell on april 1
2190	how many world series wins does the dodgers have
2192	who wrote the guitar solo in beat it
2193	when did the anti smacking law come in nz
2194	where was the first sonic drive in located
2196	who does the voice of amy on futurama
2198	the names of the beaches on d day
2199	where was a hologram for the king filmed
2201	when was the first epistle of john written
2202	who made the movie fifty shades of grey
2203	which is the tallest building in the world 2018
2204	who has won the most superbowls as a player
2206	who sings the rap in baby by justin bieber
2209	when did stephen curry won the mvp award
2210	where did the cosbys live in new york
2211	who won the world cup in cricket 2017
2212	who invented the cornell method of note taking
2213	where does the water from the california aqueduct come from
2214	what was the name of the first continent
2215	phase change from gas to solid is called
2216	who sang the song should have been a cowboy
2217	when was the first mad max movie release
2218	a political leader during the roman empire was called
2219	where was uncle tom's cabin first published
2220	where does the last name roberts come from
2221	when is the world consumer right day celebrated
2222	royal society for the protection of birds number of members
2223	how many wing stops are there in the united states
2224	where do pineapples come from in the world
2226	what is the second book in the alchemyst series
2227	skin that covers the palms fingertips and soles of the feet
2229	what is the largest bill in american money
2230	how long is the bridge between new brunswick and prince edward island
2231	how many nfl games were played in london
2232	how many characters are present in icd-10 codes
2233	how many seasons of ray donovan has there been
2234	where do peaches come from in the us
2235	what was the name of atom bomb dropped by usa on hiroshima
2236	songs on 4 your eyez only j cole
2237	what happened to western rome after it fell
2238	who helped them recapture mycenae once they were old enough to fight
2239	who is the cast of the new tomb raider movie
2240	who came up with the term baby boomer
2241	where are the cardiac and vasomotor centers found
2242	who played anne in anne with an e
2243	number of employees in the department of health and human services
2244	who played big enos in smokey and the bandit
2247	where is the hero golf challenge being played
2248	what is the wave length of x rays
2249	who won the oscar for best picture in 1976
2250	who were the two mathematicians that invented calculus
2251	where does porter fly out of in toronto
2252	who sang the end of the world as we know it
2253	who challenged the aristotelian model of a geocentric universe
2254	delhi is on the banks of which river
2256	krypton-85 decays by emission of a beta particle. the product of this decay is
2257	who starred in the tv show even stevens
2258	what percent of the us population controls the wealth
2259	what is the oasis in ready player one
2261	what type of energy do satellites generally use to communicate with earth
2262	who has most followers on instagram in world
2263	when did the international space station go into space
2264	what was the first capital city of australia
2265	what are the toll roads called in mexico
2267	what was the name of the horse in steptoe and son
2268	what state does rick and morty take place in
2271	what is the approximate volume of blood in your body
2272	who's winning the election in virginia for governor
2273	what are three different types of hotel properties
2274	where does the phrase dressed to the nines
2275	when did harvard become an ivy league school
2276	who claimed land in south america for portugal
2277	who proposed that electrons behave like waves and particles
2278	when did the celebrities enter the big brother house
2279	what state courts can order a new trial
2280	when was the peak to peak gondola built
2281	what allows chyme to enter the small intestine
2282	where did they film the royal tv series
2283	where do they get the hair for a hair transplant
2284	how many co2 molecules are produced in aerobic respiration
2285	when did the red guards start and end
2286	who is the father of genetics and what did he study
2287	what is the meaning of the name mandy
2289	what material was used to build the roofs of houses in burzahom
2290	the inner sanctuary of the parthenon where the statue of athena is located in known as the
2292	who is the original singer of i write sins not tragedies
2293	why did jean valjean take care of cosette
2294	where does the lincoln highway begin and end
2295	what is the ultimate objective of financial management
2296	what year did the price is right first air
2298	when did colour tv come out in uk
2299	who are the characters in yo gabba gabba
2300	list of local government area in benue state
2301	panic at the disco la devotee video cast
2302	who played the villain in tiger zinda hai
2303	what types of cells go through binary fission
2305	who become ceo of wipro company in 2016
2306	who won the 2018 women's royal rumble match
2308	who played hyde in league of extraordinary gentlemen
2310	what is the name of the under butler in downton abbey
2311	who has hosted the most fifa world cups
2312	who was the top scorer in 2014 world cup
2313	when was the last time the carolina hurricanes made the playoffs
2314	the first permanent european settlement on future united states soil was located where
2315	what is the snow on mars made of
2316	where does the movie mothers day take place
2317	when did the first immigrants come to hawaii
2318	what is the main industry in the canadian shield
2319	when does monday night raw come on hulu
2320	what was the first light beer in the us
2321	what was the ancient chinese umbrella used for
2322	who played guitar on my guitar gently weeps
2324	what is the name of the protease which is released in the stomach
2325	where does fungi go on a food web
2326	where is wind power used most in the united states
2327	what are some elements that are similar to silver
2328	when did michigan last win a national championship
2329	which indian actor has won most national awards
2330	blood alcohol concentration means the parts of alcohol in the blood in relation to what
2331	what year did seven nation army come out
2332	role of malonyl coa in fatty acid synthesis
2333	who invented the glasses that give sight to the blind
2334	what is the average time in hospice care
2335	who plays the little girl in jurassic park
2336	who has participated in the most super bowls
2337	when was the last time michigan basketball won the championship
2339	when did las vegas become a gambling town
2340	who wins america's next top model cycle 20
2342	who wrote were going on a bear hunt
2344	who has the most restaurants in the world
2345	when did the eagles win the super bowl
2347	hart of dixie season 4 how many episodes
2348	green algae is an example of which type of reproduction
2349	when did avatar the last airbender first air
2350	where will the first round of march madness be played
2351	when was the abacus invented in ancient china
2354	who wrote the declaration of man and citizen
2355	what written material is included in the talmud
2356	the boards name on ed edd and eddy
2357	where do the blood vessels that supply the retinal cells lie
2358	who is responsible for introducing the principle of uniformitarianism
2360	who owns the delano hotel in las vegas
2361	who is the owner of the crowne plaza
2362	what is the location at the end of minority report
2363	who won the 2017 women's wimbledon final
2364	what part of maryland is close to washington dc
2365	who invented the chip in. debit cards
2366	who proposed evolution in 1859 as the basis of biological development
2367	who sang raindrops keep fallin on my head
2368	how many countries participated for the first time in the 2014 olympic winter games in sochi
2369	what is the name of a camel with 2 humps
2370	a 58-story skyscraper in san francisco is tilting and sinking
2371	when does the men's worlds curling start
2372	who were the three elves who got rings
2373	when did the movie breakfast club come out
2375	where did zendaya place in dancing with the stars
2376	when does sloan come into grey's anatomy
2377	how many countries are a part of opec
2378	when does buffy tell her friends she was in heaven
2379	when did the nba start playing zone defense
2380	how many plane surfaces does a cylinder have
2381	who plays max voice in a goofy movie
2382	when did ford change the f150 body style
2384	when was the miraculous journey of edward tulane published
2385	who is the current defence against the dark arts teacher
2386	what type of snake is kaa in jungle book
2387	when does ellen's new game show start
2388	who was the original host of jokers wild
2389	who has more super bowl wins nfc or afc
2390	name the tissue type of the inner most layer of cells
2391	what city was zeus the patron god of
2392	when does the implantation of the embryo occur
2393	who is the richest club in the championship
2394	when is the opening ceremonies of the olympics 2018
2395	who has said that caste is a closed class
2396	all time highest goal scorer in spain national team
2397	where is the snooker world open currently held
2398	where does iron ore come from in australia
2399	when did the first pokemon game come out
2401	what do you say when you win bingo
2402	who rebuilt the temple after the babylonian captivity
2403	who won the 10m air pistol gold medal at commonwealth shooting championship in brisbane australia
2404	philadelphia is known as the city of what
2405	who is the supreme court judge was a former chief justice of kerala high court
2406	who is the young man in hawthorne's my kinsman major molineux
2408	where does the red badge of courage take place
2409	what is the first step in the evolution of the eye
2410	who came up with the first working periodic table
2411	who used morse code in world war 2
2413	when did the broncos win the super bowl
2414	who are you in assassin's creed 4
2415	where do the events in the story take place geographically
2416	what is a dropped pin on google maps for
2417	who was the movie citizen kane based on
2418	who was the ottoman governor who led egypt in the years following the napoleonic wars
2420	who did the chiefs play in the playoffs
2421	what is the time setting of game of thrones
2422	who has access to the presidential daily briefing
2423	who played buffy the vampire slayer in the movie
2424	who is ranked 1 in women's tennis
2425	who won the mens curling in the olympics 2018
2427	who defeated the last remaining roman army in europe
2428	the temperature of gas is proportional to the
2429	who's flag is red white and green
2430	country with most olympic gold medals all time
2431	who proposed the virginia plan at the constitutional convention
2432	who plays yoda in revenge of the sith
2433	who was the bad guy in silence of the lambs
2434	who become the ceo of it wipro company in 2016
2436	who comes after the president if he dies
2437	who plays the protagonist peter rabbit in the 2018 motion picture release
2439	when did the granite mountain hotshots get certified
2440	when did brent barry won the dunk contest
2441	what is the purpose of a jake brake
2442	who sings in everybody dies in their nightmares
2443	who established the idea that microorganisms play a role in disease
2445	when was the first underwater cable laid beneath the english channel
2447	who plays the girl in wreck it ralph
2448	what was the purpose of a revival meeting during the second great awakening
2449	when did krakow become the capital of poland
2450	where do the neutrons come from in nuclear fission
2451	glycogen and amylopectin are long chains of which simple sugar(s)
2452	who is the actress that plays penny on the big bang theory
2453	what was one reason south carolina gave for its decision to secede from the union
2454	what is the main religion in british columbia
2455	where is wake forest located in north carolina
2456	what is a real world application of an atwood machine
2457	who started the tradition of coloring easter eggs
2458	who is the most selling music artist of all time
2459	who plays stacey's mum in gavin and stacey
2461	what is the term for circular movement around a central point
2462	who was the first to say i'm going to disney world
2463	who is considered as architect of india constitution
2464	who was the girl that played cindy lou who
2465	who is the winner of bigg boss kannada season
2466	where is the new stadium being built in las vegas
2467	where in the bible can i find the lord's prayer
2468	where did they live in sex and the city
2469	who are the artists in the traveling wilburys
2470	who played violet in a series of unfortunate events netflix
2472	what was the tower of london originally used for
2473	who dies in the beginning of deathly hallows part 1
2474	how many tornado planes does the uk have
2475	who designed the traffic circle in long beach ca
2477	when did computer become widespread in homes and schools
2478	when did the age of new media began
2480	where does the thames river begin and end
2481	where did the term 'robot' come from
2484	where is the ucla usc game being played
2486	when does planet of the apes come out 2017
2488	who starred in the movie summer of 42
2489	who plays the voice of johnny in sing
2491	who was the greatest pool player of all time
2492	what states were most affected by the dust bowl
2493	how many episodes are in season 7 of pretty little liars
2494	a type of basic rock popular in the 1980s
2496	itai-itai disease was a form of poisoning associated with ingestion of
2497	what was the code name of the us program to develop an atomic bomb
2498	what is the real name of our sun
2499	who sang the song oh what a lonely boy
2500	in the dynastic cycle what is the right to rule called
2501	when was the problem of cfc's discovered
2502	which president of the united states was a boy scout
2503	who won the 2017 sports personality of the year
2504	the first significant restriction on free immigration in u.s. history was the
2506	when was the last time mount etna exploded
2509	describe the various uses of forests to human beings
2512	an influential religion to enter china along the silk route during the han dynasty was
2513	where does the last name andersen originate from
2514	where will the next summer and winter olympics be held
2516	when did they stop making pull tabs on beer cans
2517	who sings i wanna rock'n'roll all night
2518	who scored fastest 10000 runs in test cricket
2519	who presides over the joint sessions of parliament
2521	who starred in the movie on golden pond
2522	what is the salary of us secretary of state
2523	latest series of keeping up with the kardashians
2524	avatar the last airbender season 3 episode 12
2525	the mughal garden of rashtrapati bhavan is modelled on which garden
2527	when was the cat and mouse act introduced
2528	who sang i dig rock and roll music
2529	who played skeletor in the movie masters of the universe
2530	who has been ranked no. 1 in the latest football rankings announced by fifa
2531	explorer who led an early voyage to the coast of newfoundland
2532	how many walker texas ranger seasons are there
2533	where is the light between two oceans filmed
2534	who played bubba in the heat of the night
2536	who played the beast in the movie beauty and the beast
2537	when did the us cut off trade with cuba
2538	who developed the first printing press in 1430s
2539	where does stevia in the raw come from
2540	how many jimmy johns are there in the us
2542	which layer of the meninges is connected to the brain
2543	who has the most ncaa basketball tournament appearances
2545	mainland greece is a body of land with water on three sides called
2546	what type of legal system is used in the uk
2547	who painted the world famous painting the last supper
2548	what was the original purpose of the kremlin
2549	what is the third season of total drama
2550	the probability of making a type i error when retaining ho at the .05 level of significance is
2551	what nfl coach has the most wins ever
2552	the rule of the three rightly guided caliphs was called
2553	ray charles hit the road jack album name
2554	who sings the wizards of waverly place theme song
2555	how many times has the saints won the super bowl
2556	where was the statue of liberty originally built
2557	the first political society started under british rule in india was
2558	where does the bob and tom show broadcast from
2559	what age do you have to be to buy cigarettes in california
2560	who did the whistling in the muppet movie
2561	where would a subcutaneous injection be made in the skin
2562	who sang the song with reba does he love you
2563	who wrote you must have been a beautiful baby
2564	what was the immediate catalyst to the civil war
2565	which player won the pga championship by the most shots
2566	when are you considered under the poverty line
2567	who was the author of the art of war
2568	what has been the origin of most classical dances of india
2569	when was the last time kentucky won ncaa
2570	what olympic athlete has won the most medals
2571	when did the movie peter pan come out
2573	where does new crust come from in sea floor spreading
2574	who cracked the enigma code in world war 2
2575	what were the two causes of the dust bowl
2576	what type of reaction occurs to form a dipeptide
2577	where does the un security council get troops for military actions
2578	who voices hiccup in how to train your dragon 2
2579	who does luke skywalker fall in love with
2580	if there is a line that lies parallel to the horizon it is said to be
2581	when was the last year the raiders won the superbowl
2582	how much energy does coal produce in the us
2583	what is the definition of the word hosanna
2585	who are the only 2 families that have had 3 generations of oscar winners
2586	what is the name of the chief justice of ghana
2587	who is considered the father of modern cosmology
2588	who discovered one of the first taxonomic classification schemes
2589	who plays on the tv show the resident
2590	when did are you smarter than a 5th grader first air
2592	what parts make up the peripheral nervous system
2594	who gets to race in the daytona clash
2595	in which sea pearl is found in india
2596	when did they stop making the nissan xterra
2597	what does ctrl+shift+t do
2598	who sang heard it thru the grapevine first
2599	who sang theme song for dukes of hazard
2600	where does the coral sea meet the pacific ocean
2601	when does the new season of are you the one come on
2602	where did the beer hall putsch take place
2603	where did the northernmost land action of the american civil war occur
2604	what is the meaning of molech in the bible
2605	what areas of africa were involved in colonization
2606	who took the first steps on the moon in 1969
2607	who played john connor in the original terminator
2608	what type of planet is neptune known as
2610	who was the drummer with the travelling wilburys
2611	what was the name of darth vader star destroyer
2612	by 1914 which of the following african countries were still independent
2613	what is best thing i never had song about
2615	who appoints the members of the board of governors of the federal reserve
2616	when was hitchhiker's guide to the galaxy made
2617	how many episodes are there in modern family
2618	where does the eurostar train arrives in london
2619	where does the karate kid 2010 take place
2620	who played adaline in the age of adaline
2621	what is the general structure of an url
2622	who said the poison is in the dose
2624	when did equus first appear in fossil record
2625	who plays poppy in the beat goes on
2626	when are the opening ceremonies for the 2018 olympic games
2627	how long do nhl players stay on waivers
2628	the removal of temperature in fire fighting method is known as
2629	lilo and stitch the series season 1 episode 1
2630	what are the main functions of the stem
2632	who sang from russia with love james bond
2633	what football player is called the honey badger
2634	which material is the heaviest in term of density
2636	who has the most conference championships in college basketball
2637	who played sandy's jock boyfriend in grease
2640	what type of bridge is the charles bridge
2641	who is pictured on the 5000 dollar bill
2642	where is the word leviathan mentioned in the bible
2643	who won the american league east in 2017
2644	a system of fortifications along france's border
2645	who was hope brady's mother on days of our lives
2647	which us ship was captured off the coast of massachusetts by the british
2648	when did congress passes legislation to fund the national cancer institute
2650	who won the 7 man elimination chamber match
2651	who wins the final fight in real steel
2652	published a treatise on perspective della pitture (or on painting) in 1435
2654	what network is showing the monday night football game
2656	who holds the record for most platinum albums
2657	which battle ended britain's support for the south
2660	who directed the iconic animated short educational film ek anek aur ekta
2662	who is the actor that plays saul on grace and frankie
2663	who holds the most home runs in mlb history
2664	who cooks for the president of the united states
2665	who hosted and won the inagural world cup
2666	how many cracker barrels in the united states
2667	striking the funny bone is actually compression of the
2668	who won the wwe championship elimination chamber 2018
2669	who won the most stanley cups in history
2670	who starred in the movie the day the earth stood still
2671	who won the battle of britain in ww2
2674	the concept of micro financing was developed by who in 1976
2675	who is the actor that plays ducky on ncis
2676	where was the first cell phone call made
2677	what breed of cat has spots and stripes
2678	what are the monomer building blocks of dna and rna
2679	what is the 3rd largest state in usa
2680	which mode is used for short wave broadcast service
2681	where does cerebrospinal fluid flow to when it exits the cerebral aqueduct
2682	how old is baby in dirty dancing movie
2683	when did lord howe island became a world heritage site
2684	which foreign currency option is the​ right but not the​ obligation to buy foreign​ currency
2685	how many episodes in great british bake off 2017
2686	who was the first baseball player to be featured on a postage stamp
2687	what type of car is a g wagon
2689	when's the last time scotland won the calcutta cup
2690	when is dragon ball super episode 131 releasing
2691	who sang i knew the bride when she used to rock and roll
2692	where did the term liberal arts come from
2694	the site of secretion of h+ and cl-
2695	who has the talismans in sailor moon s
2696	tv show theme song would you like to swing on a star
2697	where are haploid cells found in the human body
2698	when did the three little pigs come out
2699	where did the california gold rush take place
2700	how many strong verbs are there in german
2701	who invented the submarine during the civil war
2702	who has won more grand slam titles in tennis
2703	chandra and bhaga river meets at the place
2704	the recipient of first jnanpith award was an author which language
2705	who is the cast of despicable me 3
2706	what is the tigers name in life of pi
2707	who is the presiding officer of legislative council in india
2709	referring to the organs of reproduction is called
2710	in which country were the two battles of el alamein fought
2711	who invented the printing press and in what year
2712	who wrote the song always be humble and kind
2713	a drug that might be used in surgery for its amnesic properties is
2714	when was the last time the womens hockey team won gold
2715	region of antarctica where march of the penguins filmed
2716	which film won the oscar for best animated feature in 2007
2717	which episode does gideon die in criminal minds
2718	what is the first line of an http request to the server
2719	when are the next commonwealth games going to be held
2720	what is the multiplication sign on the computer
2721	which site of an enzyme is called allosteric site
2722	who has won the most world series in baseball
2723	towns on the border of texas and oklahoma
2724	who has the most rushing yards in a super bowl
2725	in photosynthesis the carbon in co2 is initially fixed to what molecule
2726	who said that religion is the opiate of the masses
2728	who sang once upon a dream at the end of maleficent
2730	where does the story the great gatsby take place
2732	who scored the most goals in premier league season
2734	who lived in jamestown before the arrival of the english
2735	what is the corporate tax rate in great britain
2736	who sings i want to rock and roll
2737	how many seasons of the smurfs are there
2738	who wrote the song city of new orleans
2740	who sings god is great beer is good
2741	when was night at the museum 3 filmed
2742	who added a press room to the white house
2743	when was the first documented case of tool mark identification
2744	who did the 49ers beat in the super bowls
2745	what kind of dog is charkie from curious george
2746	where are mucosal associated lymphoid tissues present in the human body and why
2747	what are the roles of international monetary fund
2749	where does the saskatchewan river start and end
2750	calpurnia son name in to kill a mockingbird
2751	what are the first and second major religions in france
2752	the plane of earth's orbit is called the
2753	what is a another name for the water cycle
2754	when does the champions league round of 16 start
2755	with a land area of 54 314 square miles where does wisconsin rank among the 50 states
2756	when did a wrinkle in time start filming
2758	who won the men's single title of australia open on 1 february 2015
2760	what is the white stork a symbol for in western culture
2762	who sings good night on the beatles white album
2764	where are the winter olympic games being held this year
2765	nitty gritty dirt band fishin in the dark album
2766	nickname given to railroad executives due to shady practices of their businesses
2767	what was the first star trek enterprise ship
2768	what is the full scientific name for the e. coli bacteria
2769	rain sleet or snow that contains a high concentration of acids is called
2770	who had won the first grammy award for the best new artist
2771	where did the christmas tree at rockefeller center come from
2772	when does the new season of lost in space come out
2773	where are the organ mountains in new mexico
2774	creating appropriation bills falls under which power of congress
2775	who played the hobbits in the lord of the rings
2776	when did the usa join world war one
2777	when did they start 3 pointers in basketball
2778	through what process has the colorado river created the grand canyon in the usa
2779	what is the rate limiting enzyme of kreb's cycle
2780	term limits for house of representatives and senate
2781	what information is displayed in clear text from the ftp header
2782	who has the most big ten championships in football
2783	what does ss stand for on naval ships
2784	which hormone is released from the ruptured follicle or corpus luteum
2785	where do the elves go on the boat in lord of the rings
2786	how many times has psg won champions league
2787	when did ga state get a football team
2788	who has won the mens singles title in the australian open tennis tournament
2789	what is the longest english word in the dictionary
2790	in which city are the wimbledon game held
2791	who won the oscar for best actor when titanic was nominated
2792	when did australia 2 win the america's cup
2794	where does sound travel fastest solid liquid or gas
2795	cat in the hat knows a lot about space movie
2796	who sang on the back in black album
2797	where did the race in grease take place
2798	what year did bennie and the jets come out
2800	who plays jack skellington in nightmare before christmas
2801	when was the last time the denver nuggets made the playoffs
2802	who was the winner of the first indianapolis 500
2804	where does the last name hidalgo come from
2805	where in the bible is the book of revelation
2807	who has become the new chairman of sebi
2808	who present the central budget in lok sabha
2810	when did world war one begin and end
2813	where did the peanut butter jelly time song come from
2814	who played the jewish man in coming to america
2815	who talks for belle in beauty and the beast
2816	who has a ring of power in lotr
2818	how many writes does a flash drive have
2819	what is the inner core of the earth made from
2820	how many episodes is season 4 of the flash
2821	who plays in the new mary poppins movie
2822	the old man and the sea page count
2825	when was looking for a sunset bird in winter written
2826	where are the winter olympic games being played
2827	why was the plague that struck athens so devastating
2828	baseball teams who have not won a world series
2830	what group of animals do octopus belong to
2831	where is the new football stadium in atlanta
2832	when was the last god of war made
2834	why the hole in the ozone layer over antarctica
2836	who wrote the music phantom of the opera
2837	when's the last time michigan won a national championship in basketball
2838	who won the icc under 19 world cup 2018
2839	in the honour of which god is anant chaturdashi celebrated
2840	when did the us stop trading with japan
2841	what territory is spain and the united kingdom in a dispute over
2842	when was you'll never walk alone first released
2843	atlantic ocean's shape is similar to which english alphabet
2844	where did the titanic sink at what ocean
2845	dogs name in the grinch who stole christmas
2846	how many gold medals won by india in 2018 commonwealth games
2849	who dies in transformers revenge of the fallen
2850	perth is the capital of which australian state
2851	who gets the golden boot if its a tie
2852	three movies made from agatha christie's novels
2853	when does a cell have condensed visible chromosomes also known as sister chromatids
2854	is greenland part of europe or north america
2856	what's the nba record for most points in a half
2857	where does the last name tavarez come from
2858	who owns and operates the panama canal today
2859	the vast interior rural area of australia is known as the
2860	who sings god gave rock and roll to you
2861	who shot first in the shot heard around the world
2862	who has won the 2017 mens singles mutua madrid open tennis
2865	created propaganda to support the war effort & encourage the sale of war bonds
2866	what us state forms the western boundary of montana
2867	where does the edinburgh fringe festival take place
2868	first dynasty to issue gold coins in india
2869	how many games does a football team have to win to be bowl eligible
2870	where does the journey start in the canterbury tales
2871	when was the first time lebron went to the finals
2872	who has made the most premier league appearances
2873	when was the last time it snowed in england on christmas day
2874	when was the first star wars film released
2876	who carried florida by 537 votes in 2000
2878	actor who played caesar in dawn of the planet of the apes
2880	where is the north pole on the world map
2882	who did puss in boots grew up with
2883	who commissioned the first christmas card in 1943
2884	who can be called a man of god
2885	what nfl player has the most nfl rings
2886	most passing yards by nfl qb in a game
2887	who sings jungle book i wanna be like you
2888	where was the new pete's dragon filmed
2891	when did the eagles last play in a superbowl
2892	when did south sudan join east african community
2893	when did the nfl start playing in london
2894	the world's tallest jain statue is located in which state of india
2895	who said beware of the ides of march
2896	where do the maple leafs play hockey in toronto
2897	what kind of dog is nana in snow dogs
2898	when did hyderabad became a part of india
2899	who made possible the first reproduction of the human voice on the phonograph
2901	who sang i dreamed a dream in les miserables
2902	what time is it in alaska time zone
2904	where is the nfl game in london played
2905	who is the quarterback for the green bay packers
2907	where did the battle of bonhomme richard take place
2908	when was the last time that the eagles were at the super bowl
2909	who is the original singer of fool if you think it's over
2910	who stars in kevin probably save the world
2911	what is in a pat o brien hurricane
2912	who did the us share the oregon country with
2914	who won la liga in the last 10 years
2915	who has played in the most masters tournaments
2916	when did beryl markham fly across the atlantic
2917	what are some special products made in mississippi
2918	how many numbers are in the euromillions draw
2919	where is the heart of palm on a palm tree
2920	who enforces the charter of rights and freedoms
2921	who was the buccaneers qb when they won the superbowl
2922	how many episodes in season 3 of good witch
2923	when was theme from a summer place released
2924	what are the two extracellular fluid compartments in the body
2925	in 1945 which party came into power in england
2926	who is the best director in bollywood 2017
2927	what is the population of keystone heights florida
2928	when did the term sustainability start to be used
2929	when did the cowboys start playing on thanksgiving day
2930	who played emma in h2o just add water
2931	what does fancy dress mean in the uk
2933	what are the 5 pillars of faith of islam
2934	when does i'm a celebrity get me out of here start in the uk
2935	who plays meredith quill in guardians of the galaxy 2
2936	how many terms can a mayor serve in texas
2937	when was the first time the internet was used
2938	who wrote hallelujah i just love her so
2939	who was the oldest man elected president of usa
2940	where will the cricket world cup 2019 be held
2941	who painted the ceiling of the florence cathedral
2942	author of the hymn great is thy faithfulness
2944	word that means separation of church and state
2945	actor who plays dr avery on grey's anatomy
2947	which animal on earth has the longest life span
2948	where was held the first session of muslim league
2949	who does the democratic republic of congo trade with
2950	what is the name of india 29 state
2951	when was the last time miss texas won miss america
2952	what new deal program limited production in industry
2953	who beat university of virginia in basketball this year
2954	two atoms of the same element that are covalently bonded
2955	what is don quixote's horse's name
2956	who played morticia in the addams family tv show
2957	when was pac man released in the us
2958	how much is the united states in debt to china
2959	which type of hematoma is a result of torn bridging meningeal veins
2961	what kind of sentence contains an independent clause and a dependent clause
2962	where did remember the titans camp take place
2964	what is the most fundamental unit of life according to the cell theory
2965	how many national parks are present in india
2966	where was the remake of wake in fright filmed
2967	the atomic number of indium which belongs to 5th period is
2968	bowler to take hattrick in both inning in test match
2969	where does the synthesis of new dna from existing dna occurs
2971	when did the ship hector arrived in pictou
2972	who plays the mom on the tv show mom
2973	when did the song the joker come out
2975	who wrote yakkity yak don't talk back
2976	who played doctor smith in lost in space
2977	who won the ncaa basketball championship in 1994
2978	where was the original flight of the phoenix filmed
2979	what nba team did derrick rose play for
2980	points outside the production possibilities curve represent combinations of products that are
2982	another name for a hairpin bend crossword clue
2983	who sang the theme song for laverne and shirley
2984	who are the dallas cowboys playing on thanksgiving
2985	a request to the supreme court that it review a case that was already decided is made via a(n)
2986	when did the last volcano erupt in iceland
2988	who did the united states fight in the war of 1812
2989	india's first arctic research station set up in 2008 what is the name
2990	name of black man in to kill a mockingbird
2991	why does cooling water run through the condenser
2992	what is the name of son of lord krishna
2993	what nfl team has the most expensive super bowl ring
2994	who sings i'm going to soak up the sun
2995	what does rt mean on a dodge car
2996	where does water come from in new york city
2997	who played mike stivic on all in the family
2998	who plays the grandmother in game of thrones
2999	what was the main characteristic of post-world war ii american society
3000	what is the name of the skin between your nostrils
3001	who was the leader of the zulu in south africa who led the fight against the british
3003	what are the importance of rigor mortis in meat processing
3004	right to property according to the constitution of india is a
3005	today gestalt psychology ideas are part of which branch of psychology
3006	cls bank deals with transactions arising out of
3007	is aluminium a ferrous or non ferrous metal
3008	how many grams of alcohol in one beer
3009	what does a yellow 35 mph sign mean
3011	where is the extensor pollicis longus tendon located
3012	when do you pray the chaplet of divine mercy
3013	where was the world chess tournament 2017 held
3015	who made the first to record with the electric guitar
3018	who sing say you won't let go
3019	who is credited with developing the geocentric view
3020	where was the first high level language operating system created
3021	a legislative act passed by congress is an example of
3023	who wants a heart in the wizard of oz
3024	who plays the voice of chucky in seed of chucky
3026	who won the battle of saratoga in 1777
3027	where does creatine come from in the body
3028	where is the battle of britain flight based
3029	who is the president of usa right now
3030	who sang the song suddenly with olivia newton john
3031	where does the movie proof of life take place
3032	who was involved in the mapp vs ohio case
3033	who was the sixteenth century physician who published
3034	what is the cross on a letter t called
3035	how many episodes of the killing on netflix
3037	what breed of dog is the teddy bear dog
3038	how many levels are there on the eiffel tower
3039	how many episodes in 1st season of the crown
3040	who was the first chief minister of west bengal
3041	when do the walking dead comics come out
3042	who is the originator of the plan-do-check-act model of performance improvement
3043	which supreme court judge has surved in international court of justice
3044	what are the main crops grown in the united states
3045	how many players in football hall of fame
3047	who wrote the song photograph by ringo starr
3048	who is the first prime minister of france
3049	who played truman capote in in cold blood
3050	where was the film the remains of the day filmed
3051	who eliminated costa rica in world cup 2014
3052	what is the name of the weapon the grim reaper carries
3053	when did the battle of bull run start
3054	what was the first kind of vertebrate to exist on earth
3056	who won the first season of america's got talent
3057	in the early 1800s california society was dominated by which group
3058	gestational sac and yolk sac but no baby at 7 weeks
3059	when is the last time the us lost the olympics
3060	where does this season's survivor take place
3062	why dry ether is used in woods reaction
3063	who plays lady talisa in game of thrones
3066	which body system differentiates a male from a female
3067	name the process of fusion of an egg with a sperm
3068	who were the first kings to issue coins bearing their names
3070	who are the stars in dancing with the stars
3072	when did red bull come to the united states
3073	how long has tom brady been the patriots quarterback
3074	how many casinos are in atlantic city new jersey
3075	when did the great fire of london end
3076	who is the singer of kal ho na ho
3077	when did the passion of the christ come out
3078	star wars the clone wars season 3 episode 1
3079	is the united states a country or nation
3080	who has the most podium finishes in australia
3081	when did john steinbeck write of mice and me
3084	how many seasons of prison break are on netflix
3085	when does the turn of the screw take place
3086	who is the longest serving member of the house in history
3087	when did first fast and furious come out
3088	when does the second half of vikings season 5 air
3089	what kind of fish live in the salton sea
3090	who sang the song you got a friend in me
3091	what is the strongest earthquake in the united states
3093	where is the white castle that harold and kumar go to
3094	who headed the 7th central pay commission of india
3095	where is season 3 of the detour filmed
3096	who plays the voice of sulley in monsters inc
3097	largest state in the us by land mass
3100	when does congress declare war for the first time
3101	what is the longest panic at the disco song title
3104	when did marley die in a christmas carol
3105	where does a girl wear an engagement ring
3106	the art and science of making objects from clay is called
3108	communities of similar organisms found in a particular environment are called
3109	what happened to the west wing of the white house during a christmas party in 1929
3110	who played tom hagon in the godfather series
3113	the general term for software that is designed to damage disable or steal data is
3114	what kind of plate boundary is nepal on
3115	chemicals produced in one part of a plant that affect the growth and response of other parts
3116	the basic steps of rational decision making include defining goals and
3118	who won the medals in men's figure skating 2018
3119	who ruled the ottoman empire in the 1500s
3120	who appoints the chief election commissioner of india
3121	song have i told you lately i love you
3122	when did the legal drinking age changed to 21
3123	eukaryotes have how many origins of dna replication
3124	who performed the halftime show at super bowl 51
3125	when did world war 2 officially start and end
3126	when does the new death of superman come out
3127	who win road march in trinidad and tobago
3128	who was elected president of the united states in 1928
3129	who wrote the theme song to law and order
3130	when did the angel of the north get built
3131	who plays lois's dad on family guy
3132	who plays david in alvin and the chipmunks
3133	where is the tennessee titans football stadium located
3134	what is the salary of the ceo of microsoft
3135	who is directly elected according to the constitution
3136	where is the suez canal located on a map
3137	baga beach is in north or south goa
3138	what disney cartoon character's middle name is fauntleroy
3139	when did the romanticism period start and end
3140	three act puccini opera first performed in 1900
3141	which is the largest great lake in north america
3142	who wrote the song what child is this
3143	who is credited with creating the gothic art movement
3144	when did they stop using aluminum wiring in ontario
3145	where is nuclear energy used most in the world
3146	who carried the us flag in the 2014 olympics
3149	who created the borders of africa's countries
3150	where did the british empire control an entire continent
3151	who won best boy band i heart radio music awards
3152	when did it become law to stand for the national anthem
3153	who is the character of santa claus based on
3154	who created the convention on the rights of the child
3155	who wrote the song the glory of love
3156	who spoke the words ich bin ein berliner
3157	who sang the american national anthem at the super bowl
3158	capital of georgia the former soviet republic 7 letters
3159	who owns the four seasons hotel in las vegas
3160	who was allowed to vote in the roman republic
3161	form from material that has accumulated on the earths surface
3162	the sport psychology sub-field of performance enhancement deals primarily with
3163	when did the prr first begin its passenger service between pittsburgh and philadelphia
3165	who is mowgli's main enemy in the jungle book
3168	who plays dorian tyrell when he puts on the mask
3170	where did an independence movement occur because of the congress of vienna
3171	where was it happened at the world fair filmed
3172	who wrote the song to make you feel my love
3174	what is the membrane on the surface of the stomach called
3175	who won the men's ice skating 2018
3176	who sings i'll sleep when i'm dead
3177	when did they stop putting lead in paint
3179	who has won the cma entertainer of the year the most
3180	who won season 2 of great british baking show
3181	where is this years army navy game played
3182	who sings somebody's watching me with michael jackson
3183	who were the first settlers in san antonio
3184	who played cory's older brother on boy meets world
3185	who has the most receiving yards in the nfl history
3186	where are red blood cells made in adults
3187	who is playing halftime show super bowl 2018
3188	how many episodes in game if thrones season 7
3189	when was the last time unc did not make the ncaa tournament
3191	where does the name de la rosa come from
3192	what does sip stand for in the ngn / ims context
3193	who makes the important government decisions in an autocracy
3194	what is the meaning of the name habib
3195	who won the most gold metals in olympics
3196	who came first second and third on the grand national
3197	when did the book thief movie come out
3198	who played the princess in kingsman secret service
3199	who was the editor of the journal jugantor published in the time of swadeshi movement
3200	who sang the theme song for the man with the golden gun
3201	where does the movie road to perdition take place
3202	where are the hormones of the anterior pituitary created
3203	who voiced mewtwo in pokemon the first movie
3204	who proposed the first accurate model of dna
3205	who said i will not go quietly into the night
3206	what are the joyful mysteries of the holy rosary
3208	what is a coherent set of values and beliefs about public policy called
3210	who does brant daugherty play in pretty little liars
3213	who missed the plane the day the music died
3215	new movie of ajay devgan and sonakshi sinha
3216	when did ireland gain its independence from england
3217	who played the girl in silence of the lambs
3218	tallest building in the world of all time
3220	who was the successful commanding general of the northern forces in the civil war
3221	where does the red wolf live in the world
3222	what does v sign in front of mouth mean
3223	who dies at the end of den of thieves
3224	the xix of the social security act of 1965 established
3225	the winner of the best actor award in the 64th national film festival 2017
3226	how many times have real madrid won the european cup.in paris
3227	what is the limit of resolution of the human eye in micrometers
3228	who laid the foundation of school of possibilism
3229	what was the purpose of the mall of america
3230	when did television come out in the us
3231	what is small business tax rate in canada
3232	who is the present president of assam sahitya sabha
3233	when does closure of the ductus arteriosus occur
3234	love is not love that alters when it alteration finds meaning
3235	most runs ever scored in a mlb inning
3236	where is south pole located on a map
3237	who is considered to be the greatest english composer of the baroque period
3238	what is the setting of a dolls house
3239	when did the tradition of self government began in america
3240	what is the meaning of shalom in english
3241	where does the spinal cord become cauda equina
3242	which country has the smallest population in europe
3243	who has the biggest airport in the us
3244	who does the voice of mrs. wolowitz on the big bang theory
3246	who wrote the song after you've gone
3250	who has the most gold gloves at shortstop
3253	how many hospitals are there in the united states
3254	university of michigan school of public health ranking
3255	african countries that begin with the letter a
3256	when was the immigration act passed in canada
3257	where did the indian myna bird come from
3258	who is the guy on keeping up with the kardashians
3259	when was catch me if you can made
3260	who used the word physiology for the first time
3261	how many dominoes do you need for mexican train
3262	what is the filename extension used for all java source files
3263	when was the taj mahal built and completed
3264	who is the premier of northern cape 2018
3265	when was the last time ny rangers won stanley cup
3266	cast of the movie pride of the marines
3267	when did cybermen first appear in doctor who
3268	when is the last time the new york giants won the super bowl
3269	who has scored the most half centuries in test cricket
3270	which way does the earth orbit the sun
3271	what awards did the curious case of benjamin button win
3272	who had the longest tenure as moderator on meet the press
3273	who sings it's my party and i cry if i want to
3274	what is the minimum size of a udp datagram
3275	who represents the insured in the investigation of a claim
3276	how long do former presidents get secret service protection
3277	billy ocean when the going gets tough movie
3278	when did united states enter world war i
3279	most home runs by 2 teammates in a season
3280	all of the states in the northeast region
3281	make it or break it who goes to the olympics
3282	when was the r10+20 summit in rio de janeiro held
3283	who sold out jesus for 30 pieces of silver
3284	who has the most 70 point games in nba history
3285	where can tight junctions be found in the body
3286	who plays jimmy's mom in 8 mile
3287	who plays the dad in malcom in the middle
3288	who won the ladies ice skating in the olympics
3289	the length and direction of a straight line between two locations or positions
3290	converting stereo signal to mono signal is called
3291	what is the system of government in japan
3292	what dynasty completed the great wall of china
3293	where is union station in washington dc located
3294	who sings song at the end of beauty and the beast
3298	in which year was led zepplin refused entry into singapore because the band members had long hair
3299	where does the term pop music come from
3300	who discovered gold in the sierra nevada of california
3301	list the seven gifts of the holy spirit
3302	who won season 5 of hell's kitchen
3304	when was the last time the crows were in the grand final
3305	who plays scrooge mcduck in the new ducktales
3306	state the process that divides one nucleus into two genetically identical nuclei
3307	who did kenny rogers sing mary did you know with
3308	when did the movie karate kid come out
3309	what is the process to become a santero
3310	which layer of the osi model handles physical addressing
3311	jawaharlal nehru centre for advanced scientific research jakkur campus
3312	where is the second largest mall in america
3313	when did they stop making jello pudding pops
3314	where did the tea come from in the boston tea party
3315	what are the five compulsory prayers in islam
3316	who determines the rules of the us house and us senate
3317	known as the punk poet who used poetry in their music
3319	who sang last night on saturday night live
3320	who has scored the most points for wales v france
3321	who sings oh what a night late december back in 63
3323	who wrote i want to dance with somebody by whitney houston
3324	when did they start adding zinc to pennies
3326	when was the last year thanksgiving was on the 23rd
3327	what does the air gap do on a dishwasher
3328	who kidnapped ben in the deep end of the ocean
3329	star cast of ab tumhare hawale watan sathiyon
3332	what was the religion in persia before islam
3333	who is often associated with printing the first book using moveable type in germany
3334	which is the world's largest company in terms of revenue
3335	who was one of the first to chart the course of forgetting over time
3336	what is the job of the whip in congress
3337	who sang the original scooby doo theme song
3338	who started the guinness book of world records
3339	where do red ear slider turtles lay eggs
3341	who is darrell brother in the walking dead
3342	which mirror is used in vehicles for rear view
3343	who did cora marry in once upon a time
3344	who sings tie a yellow ribbon around the old oak tree
3345	where did the crown of thorns starfish come from
3346	where was the diary of a wimpy kid filmed
3347	where does the electron transport chain pumps protons
3348	where is the world cup being held 2018
3349	what features of muscle contraction can be determined from an emg (electromyogram)
3350	what is the minimum dollar amount for federal court
3351	french film pioneer who introduced newsreel in 1910
3352	the victim was asking for it is an example of a
3353	where are antibodies made and by what type of lymphocyte
3354	where does kevins family go in home alone 2
3355	list all the planet of the ape movies
3356	who designed the first toy released by nintendo
3357	who won entertainer of the year country music awards
3358	who wore number 7 for the green bay packers
3359	what are bulls used for on a farm
3360	when do mr schuester and emma get together
3361	who is playing halftime show super bowl 50
3362	when will the la sagrada familia be finished
3363	who wrote from now on from the greatest showman
3364	where is final four being held this year
3365	when was the last time arsenal win premier league
3366	who coined the phrase let them eat cake
3367	who pays medical bills in great britain where does the money come from to pay these bills
3368	when did russia join the world economic forum
3369	how can you remove the defect of vision presbyopia
3370	who sang i put a spell on you in hocus pocus
3371	who was executed for being an american spy during the revolutionary war
3372	what is the rank of india in economic growth
3373	which body part(s) occupy the greatest portion of the primary motor cortex
3374	how many nuclear power plants in washington state
3375	what time can you legally buy alcohol in michigan
3376	who was the book of philippians written to
3377	when does the 14th season of grey's anatomy come out
3378	where does the great outdoors movie take place
3379	what is the shannara chronicles season 2 based on
3380	where do they grow hops in the us
3381	who acts as the chairman of the election commission
3382	when was the seat moved to the capitol
3385	how long did the menendez brothers get in prison for killing their parents
3386	cast of a nightmare on elm street 1984
3388	where was the louisiana purchase signed in 1803
3389	who is the chief economic advisor of india
3390	when did jelly beans became associated with easter
3391	where do the astros play for spring training
3392	who does the music for shimmer and shine
3393	who starred in the film far from the madding crowd
3394	how do you spell padawan from star wars
3395	who won the mens figure skating in 2018 olympics
3397	which river separates the bronx in new york city from manhattan island
3398	do you cut cards to the left or right
3399	when was the dome of the rock completed
3400	how did long john silver lose his leg in treasure island
3401	what is the spelling of lakh in english
3402	what level is a city and guilds qualification
3403	when is the last time the dolphins went to the superbowl
3404	how many seasons has greys anatomy been on tv
3405	who is the ceo of crate and barrel
3406	where did the tradition of the pinata come from
3407	who is the head a in pretty little liars
3409	who starred in the movie romancing the stone
3410	what is the name of the dragon in eragon
3411	who has the most trophies in la liga
3412	when did we decide to leave the eu
3413	who issued ashwamedha coins after performing ashvamedha sacrifice
3414	where do characters live in this is us
3415	in which regions are most of africa petroleum and natural gas found
3417	who does betty end up with on riverdale
3418	what is the most common cause of right ventricular heart failure
3420	what is money as a medium of exchange
3421	what is the main character's name in layer cake
3423	when did cristiano ronaldo go to manchester united
3424	who sang you'll be a woman soon in pulp fiction
3425	when was the cleveland browns last winning game
3426	factories that assemble parts made in other countries
3428	the gulf stream the world's fastest ocean current flows along the western side of this water body
3429	when is the last time the jaguars won a playoff game
3430	what is the minimum number of parties required to enter into a deed
3431	who played cruella de vil in 101 dalmatians
3432	what genre is the magic tree house books
3433	where did students for a democratic society start
3434	who was the first black person to register to vote
3435	who plays sheila carter on the bold and the beautiful
3436	where does sex and the city take place
3437	what are the band members names of the rolling stones
3438	who explored waters of cuba the bahamas and hispaniola
3439	who sang it my party and i'll cry if i want to in the 80
3440	who plays lefou in beauty and the beast 1991
3441	los angeles stadium at hollywood park opening date
3442	who played raquel in only fools and horses
3443	who does the voice of the beast in the new movie
3444	when was the first horrid henry book written
3445	what year did return of the mack come out
3446	who says that which we call a rose
3447	what type of plate boundary is associated with iceland and its volcanic eruptions
3448	days of our lives cast doug and julie
3450	who is stephanie's mom on the bold and the beautiful
3451	who was the first signatory of the israeli declaration of independence
3452	where does arsenic and old lace take place
3453	where can you find convergent boundaries on earth
3454	when did fortnite save the world first come out
3455	what kind of beast is the beast from beauty and the beast
3456	when did somewhere over the rainbow come out
3457	when was the chain first used for f1
3458	when was the death penalty reinstated in oregon
3459	who told the story of the prodigal son
3461	who stepped out of the dithyrambic chorus to become the first actor
3463	what is the longest pier in the uk
3464	where is the tablet of the ten commandments
3465	do you need a permit or license to own a gun in florida
3466	where does cleavage of the peptide bond by chymotrypsin occur
3469	where are most nutrients absorbed in the human digestive tract
3470	who was the leader of the soviet union when the berlin wall was built
3471	when was the term prime minister first used
3472	when was the time the eagles won the superbowl
3473	who named all the animals in the world
3474	the most stable mineral at the earth's surface
3475	who played caesar in planet of the apes war
3476	who abandoned traditional harmony and created the twelve-tone system for composition
3477	who are the nbc olympic ice skating commentators
3478	where does the band imagine dragons come from
3480	when does elena turn into a vampire in the tv series
3481	who wrote the country song i can only imagine
3482	where does the water come from to fill lake eyre
3484	latest season on keeping up with the kardashians
3485	who won nfl football coach of the year
3486	who played the virgin in conan the destroyer
3487	when did the black death end in england
3488	paul walkers cars in fast and furious list
3489	when boy meets girl waiting for a star to fall
3490	christmas though a christian holiday began as a celebration of
3491	who caused to build qutub minar in delhi
3492	who changed the role of the first lady
3493	who sings two pints of lager and a packet of crisps
3494	when was the last time a hurricane hit the uk
3495	who was the declaration of independence written for
3497	where are they building the new raiders stadium
3498	who was the voice of templeton in charlotte's web
3499	who has the most rings in the nba right now 2017
3500	the actual name of the confederate force at gettysburg was
3501	when was the last wolf pack killed in yellowstone
3502	new anime from the creators of attack on titan
3503	who lives at the end of king lear
3504	deep water fishing boat with many baited hooks
3506	when was the defensive 3 second rule implemented
3507	who represents the arizona 9th district in the house
3508	this type of nuclear decay effectively turns a proton into a neutron
3509	who drove the number 18 car in nascar
3510	who sang buddy can you spare a dime
3511	what is the first covenant in the old testament
3512	who validated the civil rights movement by proclaiming we shall overcome
3513	when was fingerprinting first used by the police
3514	where does aarp fall on the political spectrum
3515	when did the united states acquired puerto rico
3516	who's the original singer of help me make it through the night
3517	nodding your head no is an example of
3518	who was running as vice president in 1984
3520	what kind of book is where's waldo
3521	when is beyblade burst super z coming out
3522	who is the leader of the ontario pc party
3524	who is covering the winter olympics in canada
3525	most polluted city in the world according to world health organization
3526	public companies are part of what economic sector
3527	how many episodes in season 2 of fargo
3528	south african tree with thorns on the trunk
3529	when was the jury system abolished in india
3530	when was the us department of homeland security created
3531	when did god save the queen became the national anthem
3532	who plays the coach in old spice commercial
3533	where can i get a state issued id
3535	who sang on great gig in the sky
3536	who said some are born great in twelfth night
3538	who sang the national anthem at the 2002 super bowl
3539	where does the last name waters come from
3540	who played sonny in lemony snicket's a series of unfortunate events
3541	when did the dust bowl end in oklahoma
3544	what are the value of style guides and style sheet
3545	where are unipolar neurons found in spinal cord
3547	who signed the largest on the declaration of independence
3549	tujhe dekha toh yeh jana sanam movie name
3551	new mexico was admitted to the union as the . . . state
3553	the vascular layer of the eye is the
3554	who was the actor who played crocodile dundee
3555	a bond that the issuer has the right to pay off before its maturity date
3556	who makes the decisions about what to produce in a market economy
3557	who did the dominican republic gain its independence from
3558	who played little ricky on i love lucy show
3559	who sang with eternal on i wanna be the only one
3560	where is most of the worlds gold held
3562	who was elected governor of tennessee in 1865
3563	band who had a hit with heart and soul crossword
3564	when was the last time tug-of-war was an official olympic sport
3565	when does the sa node begin electrical signaling
3566	who was the first elected president of pakistan
3567	who is the founder of el pollo loco
3568	who plays dawn on nicky ricky dicky and dawn
3569	what is the central idea of the poem the rime of ancient mariner
3571	who plays the judge in drop dead diva
3572	why is the indian ocean the warmest in the world
3573	when did michael jordan get his last ring
3576	when was the last time there was a school shooting in canada
3577	when was the last time.michigan beat ohio state
3578	when does the stock market open in hong kong
3580	what type of fuel goes in a zippo
3581	ben 10 ultimate alien episode 2 season 1
3582	where does florida natural orange juice come from
3584	what type of rock dominates the earth's surface
3586	when did the first pair of yeezys come out
3587	when was the tower of london finished being built
3588	who decides the number of judges in the high court
3589	the radiographic term used to describe the dense bone of the socket and septal crest is
3590	who is the secretary of state for northern ireland
3591	who was selected for the 2018 football hall of fame
3592	what is the third book in the lunar chronicles
3593	who plays the mother of howard on big bang theory
3594	what makes a mini bike a mini bike
3595	which british city is farthest from the sea
3596	what mall did they use in back to the future
3597	turkey stuffed with a duck stuffed with a chicken
3598	who came up with the initial concept of protons and neutrons
3599	when was the last summer olympics in the usa
3600	oklahoma's 10 geographic regions are defined by surface features called
3601	who won the 2017 ncaa mens basketball tournament
3602	where did immigrants enter the us on the west coast
3603	isdn uses b & d channels. what is d channel use for
3604	natural resources can be divided into what two categories
3605	what is the value of the currency in paraguay
3606	what college does everyone in gossip girl go to
3607	who will take the throne after the queen dies
3608	what domain has more individuals than all other domains combined do
3609	what is the meaning of the name comanche
