5	What was the theme of Super Bowl 50?
6	What day was the game played on?
8	What was the theme of Super Bowl 50?
20	What month, day and year did Super Bowl 50 take place?
40	What was the win/loss ratio in 2015 for the Carolina Panthers during their regular season?
42	What were the win/loss game stats for the Denver Bronco's regular season in 2015?
49	Who was the Most Valuable Player for the 2015 NFL season?
55	Who was the Super Bowl 50 MVP?
56	How many fumbles did Von Miller force in Super Bowl 50?
57	Which team held the scoring lead throughout the entire game?
58	Which Denver linebacker was named Super Bowl MVP?
59	How many solo tackles did Von Miller make at Super Bowl 50?
60	Who was limited by Denver's defense?
62	Who won the Super Bowl MVP?
63	How many turnovers did Cam Newton have?
67	What was the number of solo tackles that Von Miller had in Super Bowl 50?
68	How many forced fumbles did Von Miller have during the Super Bowl 50 game?
69	Who won the MVP for the Super Bowl?
70	How many tackles did Von Miller get during the game?
73	Which Newton turnover resulted in seven points for Denver?
75	What position does Von Miller play?
77	How many times did the Broncos cause turnovers in the game?
78	What Denver player caused two fumbles for the Panthers?
79	How many tackles did Von Miller accomlish by himself in the game?
83	Which performers joined the headliner during the Super Bowl 50 halftime show?
93	What ranking does the Super Bowl 50 halftime show have on the list of most watched TV broadcasts?
95	How much money did a 1/2 minute commercial cost?
100	Who were special guests for the Super Bowl halftime show?
102	What was the cost for a half minute ad?
104	What other two famous performers were part of the Super Bowl 50 halftime?
110	When did he make the quoted remarks about Super Bowl 50?
114	In early 2012, Goodell said that Super Bowl 50 would be what?
116	What year did Roger Goodell announce that Super Bowl 50 would be "important"?
121	What site is located in the San Francisco Bay Area?
125	What three stadiums did the NFL decide between for the game?
126	How many sites did the NFL narrow down Super Bowl 50's location to?
134	When were the two finalists for hosting Super Bowl 50 announced?
139	What was the other finalist besides Levi's Stadium?
140	When were the finalists announced?
142	On what date did the Florida legislature decide against the plan to renovate the Miami stadium?
146	In 2012, how many stadiums were named as finalists for hosting Super Bowl 50 before the final stadium was chosen?
147	What was the entity that stepped in and caused Miami's Sun Life Stadium to no longer be in the running to host Super Bowl 50?
150	What date were the top two stadium choices for Super Bowl 50 announced?
154	Who decided not to approve paying for renovations at Sun Life Stadium that the league wanted for them to do to host Super Bowl 50?
155	When was Levi's Stadium awarded the right to host Super Bowl 50?
161	On what date was Super Bowl 50 given to Levi's Stadium?
165	What year did Levi's Stadium become fully approved to host Super Bowl 50?
170	When was San Francisco voted to be the location for Super Bowl 50?
173	Where was the meeting held when the NFL owners voted on the location for Super Bowl 50?
174	When was Levi's Stadium picked for Super bowl 50?
179	How many NFL teams have finished the regular season with one loss?
180	How many NFL teams have gone 15-1 in one season?
184	What was the number of times the Denver Broncos played in a Super Bowl by the time they reached Super Bowl 50?
185	How many NFL teams have had only one loss by the end of a regular season?
193	How many games did the Panthers lose in the regular season before Super Bowl 50?
198	How many teams have won 15 regular season games since the 16-game schedule was adopted?
201	How many Panthers went to the Pro Bowl?
205	What year did the the Saints hit a 13-0 record?
207	What injury did the Carolina Panthers lose Kelvin Benjamin to during their preseason?
211	How many Panthers players were selected to the Pro Bowl?
212	Which team had the best regular season in their history?
215	How many Panthers players were chosen for the 2015 season's Pro Bowl?
216	How many Pro Bowlers were on the Panthers offense?
218	How many interceptions did Cam Newton throw?
219	How many punts did Ted Ginn Jr. return?
220	Who started at tight end for the Panthers?
221	What is the record number of touchdowns Cam Newton has had?
222	What is the best QB ranking that Cam Newton holds?
223	What are the most passes that Greg Olsen has had?
224	What position does Jerricho Cotchery play?
226	How many Offensive players from the Panthers were selected to play in the Pro Bowl?
228	How many yards did Newton throw for in 2015?
229	How many touchdowns did Newton have in 2015?
230	How many touchdowns did Jonathan Stewart have in 13 games?
231	How many points did Carolina lead the NFL in scoring for offensive plays?
232	how many yards did Newton get for passes in the 2015 season?
234	What was Newton's quarterback rating for 2015?
235	How many receptions did Cotchery  get for the 2015 season?
236	How many points did the Panthers defense surrender?
237	How many career sacks did Jared Allen have?
238	How many tackles did Luke Kuechly register?
239	How many balls did Josh Norman intercept?
240	Who registered the most sacks on the team this season?
241	How many interceptions are the Panthers defense credited with in 2015?
242	Who led the Panthers in sacks?
243	How many Panthers defense players were selected for the Pro Bowl?
244	How many forced fumbles did Thomas Davis have?
245	Which player had the most interceptions for the season?
246	How many 2015 season interceptions did the Panthers' defense get?
248	Who was the Panthers' tackle leader for 2015?
249	How many interceptions did Josh Norman score touchdowns with in 2015?
251	Who played quarterback for the Broncos after Peyton Manning was benched?
255	How many years was John Fox the head coach of the Denver Broncos?
258	How old was Peyton Manning in 2015?
262	What injury did Manning suffer the summer before the season started?
263	How old was Manning at the beginning of the 2015 season?
264	How many games did the Broncos lose during their regular 2015 season?
267	Who was the Denver head coach for Super Bowl 50?
270	What was Peyton Manning's passer rating for the season?
273	Who had the most rushing yards on the Broncos?
274	How many touchdowns did Brock Osweiler throw in the season?
275	What was the passer rating for Peyton Manning that he finished out with for the season?
276	How may yards did Peyton Manning throw?
277	What was the number of 17 interceptions that Peyton Manning had by end of the year?
278	Who had the most receptions out of all players for the year?
280	What was Manning's passer rating at the end of the season?
281	How many times was Manning intercepted during the 2015 season?
283	How many touchdowns did Ronnie Hillman make?
284	What was Manning's passer rating for the 2015 season?
285	How many interceptions did manning have in 2015?
286	What Denver player caught the ball 76 times in the 2015 season?
287	Who was the Broncos' leading rusher for the 2015 season?
288	What was Ronnie Hillman's average yards per carry in 2015?
289	How many yards did the Broncos' defense give up?
290	How many sacks did Derek Wolfe register?
291	Who was first on the team in total tackles?
292	How many picks did Aqib Talib have?
295	What is the position Derek Wolfe plays currently?
299	How many interceptions did Aqib Talib have for the regular season?
300	Who forced four fumbles for the Broncos in the 2015 season?
301	What Denver player had 109 tackels for the 2015 season?
302	What two Denver players ranked at 5 percent for sacks?
305	How many total yards did the Panthers have in the NFC Championship?
307	What was the final score of the game between the Panthers and the Seahawks?
309	What was the score of the last game the Carolina Panthers played prior to the NFC Championship?
310	How many yards did the Carolina Panthers gain in the 487 in the NFC Championship Game?
313	How many turnovers did the Panthers force during the NFC Championship game?
315	What was the score for the 2015 NFC championship game?
317	How many yards did the Panthers get for the division championshipt game?
319	How many points did the Broncos score in the last three minutes of the game versus Pittsburgh?
321	What was the final score of the AFC Championship Game?
322	How much time remained on the clock when the Broncos made the interception that clinched the AFC Championship Game?
326	How many seconds were left in the game when the Broncos intercepted the pass that won the game?
327	During the Bronco's playoff games, who did not throw at all?
329	How many points did the Broncos score in the final three minutes of the Pittsburgh game?
337	How many years has Thomas Davis played in the NFL?
338	What injury did Thomas Davis suffer from repeatedly, for a total of three times, during his career?
340	How many years has Thomas Davis played in the NFL?
341	What game did Thomas Davis say he would play in, despite breaking a bone earlier on?
343	What injury did Thomas Davis suffer during the playoff games?
344	How many years had Thomas Davis played in the league when he broke his arm during the NFC Championship game?
345	Who suffered a broken arm in the NFC Championship Game?
346	How old was Peyton Manning when he played in Super Bowl 50?
349	What role does John Elway currently have in the Broncos franchise?
361	How old was Manning when he played Super Bowl 50?
365	How old was Newton during Super Bowl 50?
370	How old was Newton during Super Bowl 50?
375	What year did Newton hold the number one draft pick position?
376	How old was Newton in Super Bowl 50?
377	What was the age difference between Newton and Manning in Super Bowl 50?
381	Who was replaced by Kubiak in Super Bowl XXIV?
383	What position did Rivera play in Super Bowl XX?
388	What is the name of the turf used in Levi's Stadium for the Super Bowl?
389	Who is the field director of the NFL?
392	Which player did the turf collapse under during a game in the Levi's Stadium?
393	What position does Tucker play for with the Ravens?
394	What was used to sod the Levi's Stadium for Super Bowl 50?
396	What did the NFL do to the playing field at Levi's Stadium before the Super Bowl?
397	What covered the new field at Levi's Stadium?
398	What did a lot of players need to change during Super Bowl 50 because of the condition of the field?
413	What was the color of the jerseys in Super Bowl XXXII when Elway was quarterback?
415	Since Denver chose white, what colors did Carolina wear in Super Bowl 50?
416	At what university's facility did the Panthers practice?
419	In what city's Marriott did the Broncos stay?
420	What hotel did the Panthers stay in during Super Bowl 50?
421	What was the name of the hotel the Panthers chose to stay in during Super Bowl 50?
422	Where did the Panthers practice at for Super Bowl 50?
423	Where did the Broncos practice at for Super Bowl 50?
424	Where did the Panthers practice for the Super Bowl?
425	Which hotel did the Panthers stay at for the Super Bowl?
426	Where did the Broncos practice for the Super Bowl?
427	Which hotel did the Broncos use for Super Bowl 50?
428	Where was the practice place the Panthers used for the Super Bowl?
429	Where hotel did the Panthers stay at?
430	Where did the Broncos practice for the Super Bowl?
431	Where did the Broncos stay at for Super Bowl 50?
435	What was the first Super Bowl to use the standardized logo template?
449	When did sideline jackets and hats start to feature gold-trimmed logos?
454	What was given to high schools where former students went on to play or coach in a Super Bowl?
457	In what venue did the NFL Experience take place?
466	Where was the NFL Experience held for the 2015 season?
467	What opened on January 30th at the Justin Herman plaza?
469	What football associated thing started at Justin Herman Plaza in January?
470	How many people are likely to visit Justin Herman Plaza during the week of the Super Bowl?
472	How much did San Francisco get for providing services for the Super Bowl?
473	What did the Moscone Center host?
475	How much money is being spent on other Super Bowl-related events?
477	How much money was spent on other festivities in the Bay area to help celebrate the coming Super Bowl 50?
479	Which government entity helped to pay for the festivities, beyond businesses and individuals?
480	Where was a beer, wine and food festival held at prior to the Super Bowl?
481	Who helped find sponsors and donors to help with the cost?
482	Who set aside seed funding for the week-long event leading up to the Super Bowl?
483	What was the cost of the other Super Bowl events in the San Francisco area?
485	On what day was Super Bowl Opening Night held?
486	On what day does the Super Bowl media day traditionally take place?
487	What venue hosted Super Bowl Opening Night?
490	As a norm, what day of the week is the traditional Media Day held prior to a Super Bowl?
491	What day of the week was Media Day held on for Super Bowl 50?
492	What was the name of the Media Day event for Super Bowl 50?
493	What is the name of the property where the media event was held for Super Bowl 50?
494	What city was the media event held for Super Bowl 50?
495	When is the game's media day usually held?
496	What new name was given to the media day?
497	Where was media day for Super Bowl 50 held?
498	What replica was used for player introductions?
499	What day was Super Bowl 50 media day switched to?
500	What was media day called for Super Bowl 50?
501	Where was the new media day event for Super Bowl 50 held?
503	What date was Super Bowl Opening Night held?
504	What is the name of the program that provides contracting work to local companies?
505	How much money has been raised by the host committee?
506	What health company was a Super Bowl sponsor?
507	What clothing company was a Super Bowl sponsor?
508	What petroleum company was a Super Bowl sponsor?
509	Which committee made an effort to invite companies owned by people, who are transgender or gay, to take part in contract business associated with Super Bowl 50.
510	How much money did the committee raise?
512	What is the Super Bowl program called that gives local companies business opportunities for the Super Bowl?
513	What is the name of the service that gets local businesses contract chances with the Super Bowl?
514	According to the text, how much money did the Host Committee raise?
516	What is the name of the Host Committee's charitable initiative?
518	What was the name of the fund setup to help with investing in the community?
519	The Super Bowl 50 Host Committee said it would be the most what ever?
521	What is the name of the fund that focuses on youth, community and sustainable environments?
523	What was the name of the work to give grants for youth development and other things?
527	Who designed the "50"?
528	Who designed the Vince Lombardi Trophy?
530	What will the number "50" be plated with?
531	Who is the designer of the "50?"
533	Who designs both the "50" as well as the Trophy?
536	Who shared sideline duties with Evan Washburn?
540	Where was Tracy Wolfson announcing from during the Super Bowl 50 game?
543	Where was Evan Washburn located while announcing during the game?
547	Who were the announcers of Super Bowl 50?
548	Who were the Super Bowl 50 sideline announcers?
549	What resolution were the Eyevision cameras changed to?
552	Who reported on the sideline for ESPN Deportes?
553	Who provided Spanish-language commentary alongside Raul Allegre?
554	On what date did ESPN Deportes announce their deal with CBS and the NFL?
558	Who was the sideline reporter for ESPN Deportes?
560	Who were the ESPN Deportes commentators for Super Bowl 50?
561	Who was the ESPN Deportes sideline commentator for Super Bowl 50?
562	What service did Verizon customers need to use to stream the game on their smartphones?
567	What was the domain name of the site that streamed the Super Bowl 50 game?
569	Which smartphone customers were the only people who could stream the game on their phones?
570	What app did viewers use to watch the game on their smartphones?
572	Which mobile service were Verizon customers able to watch Super Bowl 50 on their phones?
573	What did CBS provide of the Super Bowl 50 broadcast for its website, some apps and media players?
575	Where was the ESPN Deportes Spanish version of Super Bowl 50 available?
578	Which late night comedy host show played immediately after Super Bowl 50 ended?
579	What other CBS talk show played, after the main one that began immediately after Super Bowl 50?
580	What CBS show followed the Super Bowl?
581	What followed The Late Show with Stephen Colbert?
582	What followed the late local programming after Super Bowl 50?
583	What was the base rate for a 30-second ad during Super Bowl 50?
584	What beverage company signed a contract allowing them to broadcast ads at a discount?
587	What was the starting cost for a TV commercial lasting 30 seconds and airing during Super Bowl 50?
588	Which company was given permission to air TV commercials during Super Bowl 50 at a discounted price?
590	Which video gaming company debuted their ad for the first time during Super Bowl 50?
591	Who made their Super Bowl commercial debut with Nintendo?
592	Which company has been able to air multiple ads at a steep discount?
594	What company was in its last year for getting Super Bowl commercials at a big discount?
597	What was the name of the contest sponsored by QuickBooks?
598	What company won a free advertisement due to the QuickBooks contest?
599	How long was the Death Wish Coffee commercial?
600	Besides Death Wish Coffee, how many other competitors participated in the contest?
601	Which company won a contest to have their ad shown for free during Super Bowl 50?
603	Which company sponsored a contest called "Small Business Big Game"?
604	Which company had a commercial aired for free as a result of the Quickbooks contest?
605	How many companies were part of the Quickbooks contest?
606	What company had a contest to win a free Super Bowl commercial?
607	Who won the competition to get a free Super Bowl commercial aired?
608	What Universal trailer debuted during the Super Bowl?
609	What Lionsgate trailer was shown during the Super Bowl?
610	Along with 10 Cloverfield Lane, what Paramount trailer appeared during the Super Bowl?
611	What was the subtitle of the Independence Day movie that had a trailer during the Super Bowl?
612	What film did Lionsgate pay to have the trailer aired during the Super Bowl?
613	Paramount paid fo, 10 Cloverfield Lane and which other film trailer to be aired during the game?
614	Universal Paid for The Secret Life of Pets and which other film trailer?
616	What famous July Fourth holiday movie did Fox pay to advertise a sequel of during the Super Bowl?
617	What movie company paid to have the next Jason Bourne movie ad shown during the Super Bowl?
618	What company paid for a Super Bowl 50 ad to show a trailer of X-Men: Apocalypse?
620	Who did play-by-play on Westwood One?
621	Who handled pre-game coverage on Westwood One?
622	Along with Dan Fouts, who served as a color analyst for the radio broadcast?
623	Who shared sideline reporting duties with Mark Malone?
624	How many color analysts were involved with Super Bowl 50?
625	Who announced the game play-by-play for Super Bowl 50?
626	Who will carry the game throughout all of North America?
628	Who covered the halftime coverage?
629	Who was the announcer for Westwood One's Super Bowl 50 coverage?
630	Who were the Westwood one color analysts?
631	Who were the Westwood One sideline announcers?
632	What did Jim Gray cover?
634	What radio station is located at 103.5FM on the dial in Denver?
635	Who handled play-by-play for the Denver radio market?
636	What is the frequency of the radio station WBT in North Carolina?
638	Who did play-by-play for the WBT broadcast?
639	Who handled the play-by-play for the Denver radio stations?
640	Who handled the color commentary for Denver's radio stations?
642	Who handled the play-by-play for WBT?
643	What two radio stations in Denver carried Super Bowl 50?
644	What radio station in South Carolina carried the Super Bowl 50 game?
647	Who makes up the BBC commentary team with Greg Brady and Rocky Boiman?
649	British commentators include, Darren Fletcher, Rocky Boiman and who else?
655	How many of the prior Super Bowl MVPs appeared together at the pregame show?
657	Which MVP died in 2001?
658	How many players have been awarded the Most Valuable Player distinction for the Super Bowl?
662	Which MVP honoree died in 2001?
668	Who sang the national anthem?
673	How many Grammy Award's does the text say Lady Gaga has won?
675	On what date did the NFL announce that Coldplay would headline the halftime show?
688	Who was at the receiving end of a 22-yard pass from Peyton Manning?
689	Who lost 3 yards on a tackle by Shaq Thompson?
690	Who kicked a field goal for Denver?
691	Who ran the ball twice for 20 yards on this drive?
692	How many yards was the pass on the first drive?
693	Who tackled Ronnie Hillman for a loss of yardage?
694	Who kicked the field goal for Denver on the first drive of Super Bowl 50?
695	This was the first time that the Carolina team faced what in the post season?
697	Who did Peyton Manning complete an 18 yard pass to on the opening drive?
698	Which Denver player took the ball to the Panthers 14 yard line?
699	Who scored the first points for Denver?
700	What did Carolina face in the opening drive that they had not faced the entire postseason?
701	Which former referee served as an analyst for CBS?
702	Whose pass to Jerricho Cotchery was ruled incomplete?
703	Who stripped the ball from Cam Newton while sacking him on this drive?
706	Who received the pass that was ruled incomplete and confirmed after a challenge?
707	What analyst did not agree with the ruling of the incomplete pass?
708	Who, according to the text, caused Cam Newton to lose the ball during a tackle?
709	Who received the ball that cam Newton lost during a tackle to make it a Denver touchdown?
711	Which retired ref disagreed with the outcome of the challenge of a incomplete pass?
712	Who sacked Newton a few plays after the challenge?
713	Who recovered the fumble and ran the ball in for a touchdown?
716	Who punted the ball for Carolina?
717	How many yards did Brad Nortman's punt travel?
719	How many yards was the McManus field goal?
720	How many passing yards did Cam Newton get for his 4 of 4 passes?
722	How much time was left in the quarter when Stewart got the touchdown?
723	Who got a 61-yard return when players thought he called for a fair catch but did not?
729	Which Panther tipped a Manning pass to himself and picked it off?
730	Who was sacked as the first half clock expired?
731	Who sacked Cam Newton at the end of the half?
733	Who tipped Peyton's pass for an interception?
734	How many yards did the interception gain when the ball was tipped away from Manning?
739	How did the drive end for the Panthers?
740	Who sacked Newton with 11 seconds left in the first half?
741	Who was on the receiving end of a 45-yard pass from Cam Newton?
744	What kicker was successful on a 33-yard field goal?
745	Who picked off Cam Newton and subsequently fumbled the ball?
746	Who did Newton complete a 45 yard pass to on the opening drive of the second half?
747	What did Gano hit on his 44-yard field goal attempt?
748	Which Broncos player intercepted Newton on the Panthers' next set of downs?
750	Who did Newton get a pass to in the Panther starting plays of Super Bowl 50?
751	What yard line did the Broncos stop the Panthers on in their first offensive drive of Super Bowl 50?
753	Who caught two passes from Manning after the failed Carolina field goal attempt?
754	Who recovered a Manning fumble?
755	Graham Gano kicked a field goal of how many yards?
756	Who caught a 16-yard pass on this drive?
757	Who had a 12-yard rush on this drive?
759	Who knocked the ball out of Manning's hands on the next play?
761	What did the next three drives result in?
762	What is the last name of the player who bumped the ball away from Manning in the fourth quarter of Super Bowl 50?
765	How many of the following three fourth quarter drives after the field goal makng the score 16-10 ended in punts?
766	On what yard line did Carolina begin with 4:51 left in the game?
767	Who fumbled the ball on 3rd-and-9?
769	What player punched the ball in from the 2?
770	Who was the receiver on the successful 2-point conversion?
771	Who stripped the ball from Newton on a 3rd and nine?
772	Who recovered the strip ball?
773	Which player was criticized for not jumping into the pile to recover the ball?
774	Which Panthers player got a penalty, which gave the Broncos a new set of downs?
775	How much time was left in the game when Denver took the score to 24-10?
776	What was the time on the clock when Carolina got the ball to their 24-yard line in the fourth quarter?
777	What was the last name of the player who took the ball away from Newton late in the fourth quarter?
778	What is the last name of the player who finally recovered the ball Newton lost in the fourth quarter?
779	How many plays was Denver kept out of the end zone after getting the ball from Newton?
781	How many solo sacks did Von Miller have in the game?
782	How many touchdowns did Manning throw in the game?
783	How many field goals did McManus kick in the game?
785	How many picks did Cam Newton throw?
787	How many touchdowns did Manning have at the end of the game?
788	Who was the game's leading rusher?
789	Who was the game's top receiver?
790	Which player played even though he broke his arm two weeks prior to the Super Bowl?
793	How many of the four field goal attempts did McManus succeed at during SUper Bowl 50?
794	How many intercpetions did Newton have in Super Bowl 50?
795	How many total tackles did Charles Johnson have in Super Bowl 50?
796	How many total yards did Denver gain?
797	How many first downs did Denver have?
799	Who returned a punt for 61 yards, setting a new Super Bowl record?
801	How many yards did Denver have for Super Bowl 50?
803	Who did the Broncos tie with the most sacks in a Super Bowl?
805	How many first downs did the Panthers have in Super Bowl 50?
807	What team had the lowest downs and yards ever in the Super Bowl as of Super Bowl 50?
808	What team di the Broncos tie a Super Bowl record for in sacks?
815	Over how many species of trees can be found in the Saxon Garden?
817	What garden was formally only for royalty?
819	What park covers an area of 76 ha.?
824	Why are the small lakes in the parks emptied before winter?
826	How many of Warsaw's inhabitants spoke Polish in 1933?
827	What percentage of the population of Warsaw was Jewish in 1897?
831	How many professors does the Warsaw University of Technology employ?
834	What is one of the largest music schools in Europe?
836	How many items is the University Library home to?
839	How much area does the University Library garden cover?
843	Warsaw's sidewalks and sanitation facilities are some examples of things which have what?
844	Where are some of the best medical facilities in East-Central Europe located?
845	What is the highest reference hospital in all of Poland?
846	What is one of the largest and most modern oncological institutions in Europe?
851	Where is the Congress Hall located?
855	Where was the Summer Theatre located?
856	How long was the Summer Theatre in operation?
861	When is the Wianki festival held?
864	What does the world's first Museum of Posters have one of the largest collections of in the world?
865	How many museums are in Warsaw?
868	What does the Museum of the Polish Army portray the history of?
870	What museum preserves the memory of the crime?
872	Where in Warsaw are patriotic and political objects connected with Poland's struggles for Independence found?
879	Who won the Ekstraklasa Championship in 2000?
881	How many times has Polonia won the cup?
883	Why was Polonia relegated from the country's top flight in 2013?
888	What does the sea monster with a female upper body hold in its claws?
890	Where did two of Triton's daughters set out on a journey through?
891	Where did one of Triton's daughters decide she wanted to hang out and stay?
901	What is Warsaw's economy characterized by?
908	Why did Warsaw gain the title of the "Phoenix City"?
913	What is a quarter of Warsaw filled with?
915	What does Warszawa mean in Polish?
920	Who was Boleslaw II of Masovia?
934	How long was Warsaw occupied by Germany?
935	What did Article 12 of the Allied Armistice terms require Germany to withdraw from?
948	What is the estimated death toll for Polish civilians?
949	What campaign did the Communist regime initiate after WWII?
951	What were the structures built by the Soviets typical of?
955	What did John Paul II's visits in 1979 and 1983 encourage?
958	What did the Polish citizens understand the subtext of John Paul II's words to be?
960	How many miles east of Berlin is Warsaw?
969	What plateau has groups of clay pits?
971	What does the currently flooded terrace still have visible?
972	Where can Aeolian sand with a number of dunes be found?
977	What building from the 19th century was destroyed between the 1950s and 1960s?
978	What style were the mass constructed residential blocks designed in?
981	What is St. John's Cathedral an example of, stylistically?
983	What is the Royal Castle the most interesting example of?
985	When did building activity occur on St. Kazimierz Church?
988	When was the Palace on the Water rebuilt?
990	Why aren't the examples of bouregois architecture visible today?
992	What building is the most interesting of the late 19th-century architecture?
1000	Where is a palm house with subtropic plants from all over the world on display?
1001	Where was the first horse racetrack located?
1002	What park is close to John Lennon street?
1010	What had the number of people living in Warsaw declined to by 1945?
1012	What conviction did many Poles have regarding how the Varsovians thought of themselves?
1013	What are there no longer limitations on since 1990?
1015	What was Warsaw's population in 1901?
1016	Of Warsaw's inhabitants in 1901, what percentage was Catholic?
1017	What percentage of Warsaw's population was Protestant in 1901?
1020	What is the second level of territorial division in Poland?
1021	In what districts are the registration numbers for cars all of the same type?
1022	Who in Warsaw has the power of legislative action?
1036	What was the total nominal GDP of Warsaw in 2010?
1040	How many companies were listed on the WSE on August 2009?
1045	Who bought the factory in 2005?
1046	What did the license to build this type of car expire in 2011?
1050	How many people live in the greater metropolitan area?
1055	How many residents does the greater metropolitan area have?
1059	From which countries did the Norse originate?
1066	When was the Latin version of the word Norman first recorded?
1073	What was one of the Norman's major exports?
1081	Where was William Iron Arm's castle located?
1082	What is another name for the Tabula Rogeriana?
1084	What kind of bureaucracy did the Normans institute?
1086	When did Herve serve as a Byzantine general?
1087	When did Robert Crispin go up against the Turks?
1089	What was the name of the Norman castle?
1090	Who was the leader when the Franks entered the Euphrates valley?
1092	What were the origins of the Raouliii family?
1097	Who was Robert's son?
1100	What was the naval base called?
1117	Who was Margaret's brother?
1118	Who was Margaret's husband?
1120	Who was the hostage?
1121	Who did Alexander I marry?
1124	Who was Ralph in charge of being at war with?
1132	How long did Western Europe control Cyprus?
1141	What was the wedding date?
1142	What kind of coronation happened?
1147	Who bought the rights?
1148	Who sold the rights?
1156	When did the church reform begin?
1165	Where did the monks flee to?
1167	Who patronized the monks in Italy?
1192	Where was his unfinished project called?
1201	Other than his scientific achievements what was Tesla famous for?
1216	What happened to Dane?
1217	Where did the family move in 1862?
1236	How long was he in bed from cholera?
1241	What did Tesla explore in Tominaj?
1249	What school did he enroll in during 1875?
1259	Why did Tesla sever ties with his family?
1264	What secret did he sever family ties to keep hidden?
1268	Why was Tesla returned to Gospic?
1273	Why did the police bring Tesla back to Gospic?
1278	Why was he unable to enroll at the university?
1284	Who gave Tesla money to go to Prague?
1314	What was produced at tesla's company?
1317	What was the name of the company the businessmen financed?
1320	What did Tesla's investors do to him?
1322	what did he do for $2 a day?
1326	What else did Tesla do for work at this time?
1327	Who was Alfred S brown?
1329	Where would profits go in this new company?
1332	What was Brown's job?
1339	What did his design avoid in not having a commutator?
1342	Why was AC electricity gaining popularity?
1350	Who edited Electrical World magazine?
1369	Who was the War of Currents waged between?
1370	What did the war first start out as being between?
1371	What did Edison Machine Works persue in 1890?
1376	What caused the delay during the development of the AC motor.
1382	What was it called when Tesla lit a wireless gas-discharge lamp using a high-frequency, high-voltage alternating current?
1392	Who was the head of the company?
1393	When did Richard Dean Adams make his inquiry?
1395	What was the advantage of the two-phased system
1415	How long did Tesla hold this position?
1417	Why did Tesla begin investigating invisible energy?
1438	where do plasma waves occur?
1443	Which engineer made the induction motor more efficient?
1456	What was the boat called?
1457	Where was the boat demonstration given?
1458	What was the occasion for the boat demonstration?
1459	What type of animal did onlookers claim was piloting the boat?
1466	Where did he claim he would transport energy to?
1468	What was the recorded length of the first spark?
1471	What was Tesla's idea regarding Earth?
1473	How big were his artificial bolts?
1475	What happened to nearby light bulbs?
1476	What was notable about the butterflies?
1478	What happened to the dynamos in the power station?
1479	What caused the dynamos to be burnt out?
1484	What is another possible explanation for the source of the signals?
1485	When did Marconi transmit similar signals to those Tesla received?
1491	What happened to his lab?
1492	When was his lab destroyed?
1493	What happened to the things inside the lab after it was torn down?
1499	How did Morgan react to the request?
1502	What happened in 1901?
1503	How tall was the tower's ultimate height?
1505	At what speed did the turbine operate?
1507	What was the horsepower put out by the turbines in Waterside Power Station
1513	What did Tesla think could improve the brain's intelligence?
1515	Who approved of this plan?
1516	What was Maxwell's job?
1523	How would the operator of observe the reflected signal?
1525	Who played a part in the development of radar in France?
1527	Who actually won the prize?
1536	What was Tesla's belief as to the selling price of the biplane?
1540	For how long did Tesla receive this compensation?
1545	What did he hope to locate underground?
1550	When did he first get out of bed following the accident?
1551	When did the accident occur?
1555	What was another use for the weapon?
1558	What was the occasion when he claimed he'd made the death ray?
1561	How much time did he claim had to pass before he gave the ray to the world?
1563	Where can the Treatise be found?
1568	Where did he claim the blueprint was stored?
1572	Who first discovered his body?
1573	What had been left hanging on the door to Tesla's room?
1574	What was given as the cause of death?
1575	What happened to Tesla's belongings?
1577	What did he find that could constitute a hazard?
1578	To where were the belongings taken?
1580	Who wrote the eulogy?
1582	How many people attended the funeral?
1583	Where was the funeral held?
1587	Where were the ashes sent?
1588	When are the ashes now?
1592	Where were missing patents later found?
1596	Who served his dinner?
1597	What was the daily distance walked by Tesla?
1598	Why did he walk?
1599	What did he do to his feet at night?
1602	What was Brisbane's job?
1603	Down to how many laws did Tesla believe the fundamental laws could be reduced?
1606	What was wrong with the pigeon?
1608	To what place did he bring the injured pigeons to take care of them?
1609	How much did Tesla weigh?
1611	In what time frame did Tesla weigh almost exactly the same amount?
1612	Where did he live while he was looking good?
1619	What amount of time was the longest that Tesla spent working without stopping to rest?
1625	When did Tesla admit to a reporter that maybe he'd sacrificed too much by not having a relationship?
1629	With what word was Tesla's sociability described?
1634	Who was Tesla prejudiced against?
1635	Who did he fire?
1636	Why did he fire the secretary?
1637	What did he make the employee do when he didn't like her outfit?
1638	What subatomic particle did Tesla deny the existence of?
1639	What did he think was everywhere in the universe?
1640	What did he believe the ether did?
1643	What was Tesla's attitude toward the idea that matter could be turned into energy?
1650	What was his belief as to what nature was supposed to be?
1652	When did he talk about his beliefs in an interview?
1654	When did he talk about his thoughts on gender?
1655	What term did he use for what he believed would be humanity's future rulers?
1657	What were the "great Forces" mentioned in the article's title?
1658	When was the article published?
1659	What entity did Tesla believe would not be able to solve the problems of the time?
1663	What article was published in 1937?
1665	In the article's title, what did the machine hope to end?
1673	What kind of media can references to Tesla be found in
1674	How many types of science fiction have been impacted by Tesla?
1676	For what occasion was he put on the cover?
1678	What famous person congratulated him?
1679	How many other important people sent letters?
1685	What are two basic primary resources used to guage complexity?
1686	What unit is measured to determine circuit complexity?
1687	What practical role does defining the complexity of problems play in everyday computing?
1695	What is another name for any given measure of input associated with a problem?
1697	By how many kilometers does the traveling salesman problem seek to classify a route between the 15 largest cities in Germany?
1698	What is one example of an instance that the quantitative answer to the traveling salesman problem fails to answer?
1702	What is another term for the string of a problem instance?
1704	What is one way in which graphs can be encoded?
1707	What are the two integer responses to a decision problem?
1711	What is the term for the set of all connected graphs related to this decision problem?
1712	What encoding decision needs to be made in order to determine an exact definition of the formal language?
1713	A function problem is an example of what?
1716	In addition to the traveling salesman problem, what is another example of a function problem?
1718	How can function problems typically be restated?
1719	If two integers are multiplied and output a value, what is this expression set called?
1721	What is one variable on which the running time may be contingent?
1722	How is the time needed to obtain the solution to a problem calculated?
1724	Complexity theory seeks to define the relationship between the scale of algorithms with respect to what other variable?
1727	What term corresponds to the maximum measurement of time across all functions of n?
1732	What is the most commonplace model utilized in complexity theory?
1738	What is the term given to algorithms that utilize random bits?
1741	In the determination of complexity classes, what are two examples of types of Turing machines?
1744	What two resources commonly consumed by alternate models are typically known to vary?
1745	What commonality do alternate machine models, such as random access machines, share with Turing machines?
1747	What often affects or facilitates ease of analysis in computational problems?
1750	The time required to output an answer on a deterministic Turing machine is expressed as what?
1751	Complexity theory classifies problems based on what primary attribute?
1755	A complexity resource can also be described as what other type of resource?
1756	What is typically used to broadly define complexity measures?
1759	What are the three primary expressions used to represent case complexity?
1762	Case complexities provide three likelihoods of what differing variable that remains the same size?
1770	What is the colloquial phrase used to convey the continuum of algorithms with unlimited availability irrespective of time?
1771	What expression is generally used to convey upper or lower bounds?
1772	What does a big O notation hide?
1774	Big O notation provides autonomy to upper and lower bounds with relationship to what?
1775	What has complicated definitions that prevent classification into a framework?
1776	Complexity classes are generally classified into what?
1777	Difficulty in establishing a framework for complexity classes can be caused by what variable?
1778	Concrete bounding of computation time frequently produces complexity classes contingent upon what?
1779	A multi-tape Turing machine requires what type of time for a solution?
1780	A language solved in quadratic time implies the use of what type of Turing machine?
1784	What function is used by algorithms to define measurements like time or space?
1786	What are three examples of complexity classes associated with definitions established by probabilistic Turing machines?
1791	What is an example of a measurement within a complexity class that would create a bigger set of problems if the bounds were relaxed?
1792	In what expression can one expect to find DTIME(n)
1793	What theorems are responsible for determining questions of time and space requirements?
1796	What is the foundation for separation results within complexity classes?
1797	What is responsible for constraining P according to the time hierarchy theorem?
1798	Within what variable is L constrained according to the space hierarchy theorem?
1799	What concept is frequently used to define complexity classes?
1800	Reduction essentially takes one problem and converts into what?
1802	What are two examples of different types of reduction?
1804	What is the most frequently employed type of reduction?
1805	What equates to a squared integer according to polynomial time reduction?
1807	What would need to remain constant in a multiplication algorithm to produce the same outcome whether multiplying or squaring two integers?
1809	The complexity of problems often depends on what?
1810	What would create a conflict between a problem X and problem C within the context of reduction?
1811	An algorithm for X which reduces to C would us to do what?
1818	What hypothesis is associated with the complexity class of P viewed as a mathematical abstraction with efficient algorithmic functionality?
1821	In what theoretical machine is it confirmed that a problem in P belies membership in the NP class?
1822	If P is ultimately proven to be equal tot NP, what effect would this have on the efficiency of problems?
1834	The integer factorization problem essentially seeks to determine if the value of of an input is less than what variable?
1838	What is an expression that can be used to illustrate the suspected inequality of complexity classes?
1839	Where can the complexity classes RP, BPP, PP, BQP, MA, and PH be located?
1840	What evidence between and among complexity classes would signify a theoretical watershed for complexity theory?
1845	What variable is associated with all problems solved within logarithmic space?
1846	Though unkown, what are the most commonly ascribed attributes of L in relation to P
1847	What lies between L and P that prevents a definitive determination of the relationship between L and P?
1848	What are two complexity classes between L and P?
1849	What is unknown about the complexity classes between L and P that further prevents determining the value relationship between L and P?
1854	Despite the Presburger problem, and in view of intractability, what has been done to establish solutions in reasonable periods of time?
1855	What is an example of a problem to which effective algorithms have provided a solution in spite of the intractability associated with the breadth of sizes?
1856	How quickly can an algorithm solve an NP-complete knapsack problem?
1857	What is the example of another problem characterized by large instances that is routinely solved by SAT handlers employing efficient algorithms?
1858	What tactic did researchers employ to offset the former deficit of work surrounding the complexity of algorithmic problems?
1863	What paper is commonly considered the bellwether ushering in systematic studies computational complexity?
1864	What individuals were responsible for authoring "On the Computational Complexity of Algorithms"?
1869	In what year did Raymond Sullivan publish a study of rudimentary sets?
1870	In 1962, who was responsible for the authorship of a paper published on real time-computations?
1871	What is the concrete choice typically assumed by most complexity-theoretic theorems?
1874	What theorem was implicated by Manuel Blum's axioms?
1884	What is similar to vocational training?
1887	If someone is being taught at their place of residence, what is it called?
1890	What would a community member need to teach informally?
1894	Who would generally teach from a work like the Quran, Torah or Bible?
1896	Who is most likely to be doing formal teaching?
1902	What would type of studying would require a teacher to take on a supervisor role?
1905	Why would a teacher's college exist?
1910	What could someone be investigated for?
1911	A teacher must be a member in good standing with what entity in many situations?
1912	Who might take disciplinary action against a teacher?
1915	What is the name for a teacher of just one person?
1916	Where is another indoor location for a teacher other than a school?
1917	What is the role of teachers in education?
1920	What is a typical name for learning that is not inside of the classroom?
1921	What has started to change the way teachers teach in the classroom, generally?
1923	What objective would be labeled as practical?
1929	In what areas does most of the learning take place?
1931	What would a teacher do for someone who is cocky?
1933	What's the biggest difference in the teaching relationship for primary and secondary school?
1939	What type of system takes students from one specialist to another for each subject?
1943	What is a new trend in teaching?
1946	How do co-teachers work with each other to fulfill the needs of students?
1947	What type of support does co-teaching provide?
1949	What was the teacher's role while the child was with them?
1950	What types of discipline did the teacher have access to?
1952	When could a teacher act in the role of a parent?
1961	What tool is used in corporal punishment?
1965	Where can you find more information on a country's practices?
1972	What is the balance for positive reinforcement?
1974	What is not considered appropriate disclipine?
1976	Who wants a more confrontational type of discipline?
1977	What countries are used as an example of harsher discipline with successful education?
1978	What do critics think the cause of problems with modern schooling is?
1979	What type of discipline do critics want to see?
1984	What class sizes can make keeping order difficult?
1986	Who may teachers focus on, in order to prioritize attention?
1987	Who may teachers ignore, in order to prioritize attention?
1988	Who ends up getting more of the teacher's resources in this scenario?
1989	What type of authority do Sudbury schools prefer?
1993	What must be passed using democratic means by the entire school community?
1996	What do these teachers NOT do?
2000	What is dramatic gesturing an example of?
2001	What type of studies explored student motivation?
2005	What is the term for catching the motivation expressed by the teacher?
2007	What is student motivation about school linked to?
2009	What does a student's academic goals include?
2010	What should a teacher guide a student in?
2011	What is strongly linked to good student-teacher relationships?
2012	Students show more interest in classes taught by what type of teachers?
2013	Students build stronger relationships with what type of teachers?
2014	What do supportive teachers spend more time doing?
2018	A teacher's spark may create a spark where?
2024	What is the time period of this statistic?
2025	Who conducted this survey?
2027	What was the definition of professionals, for this study?
2028	How many people were involved in the study?
2031	What has been the result of this publicity?
2032	Why have some men avoided becoming teachers?
2034	A statement made by Chris Keates caused issues with whom?
2037	What can hurt a teacher's mental and physical health?
2039	What is something that teacher's are at a high risk for?
2043	Where was the 2000 study conducted?
2044	How much higher was the 42% occupation stress figure, compared to other jobs?
2046	The 2012 study showed teachers experienced more stress than whom?
2049	What is stress-management training considered to be?
2050	What might offering bonuses help reduce?
2052	Where are nearly all teachers taught?
2054	What certificate is often earned after graduating high school?
2055	What might also be required of a teacher to pass, in addition to certification?
2060	What is tertiary education?
2062	What is the minimum required if you want to teach in Canada?
2063	What may also be required of teachers, in some areas?
2066	Where are teachers recruited from?
2067	What is the name of Elementary Schools?
2068	What is used to decide a teacher's salary?
2070	What does teaching on an island result in?
2071	What is the basic pay for a teacher, in Euros?
2072	What can a teacher with 25 years of experience make, in Euros?
2073	What can a principal make, if he/she works for a big school?
2075	What part of the Teaching Council Act requires registration?
2077	What funds cannot be used if a teacher is not registered?
2078	When was vetting introduced?
2079	Who is subject to vetting?
2080	How are existing teachers and non-teachers vetted?
2081	Who cannot be employed by a school in any manner?
2082	In 2007, what was the high end of the salary range?
2083	What can cause salaries to go higher than the range?
2084	What would a Preschool teacher make, salary-wise?
2086	When was the salary range listed valid for (month and year)?
2087	What do counties sometimes offer to get more teachers?
2090	What type of opportunities would be expected from these counties?
2091	What types of teachers are retiring the most?
2092	With whom must someone who wants to teach register?
2095	What does someone who completes the Initial Teacher Education (ITE) program get?
2096	How long until the Provisional Registration is upgraded, if requirements are met?
2097	What is the start of the salary year?
2098	How much does a Probationer earn, initially?
2099	How much does a Probationer earn, after 6 years of service?
2100	What would a Probationer need to do to earn more money, after 6 years?
2101	What group can teachers register with?
2107	What group can teachers in Wales register with?
2108	What is happening to the average age of teachers in Wales?
2109	When were attacks on teachers the highest?
2113	What is the longest time that a teaching certificate is good for?
2117	In general, what were teachers paid in the past?
2118	What has been getting much better in the most recent years?
2119	What two factors can generally increase a teacher's salary?
2124	Is the Pope's confessor a Bishop?
2125	What are the three major traditions present in Christianity?
2128	What type of mentorship does the LDS Church focus on?
2130	Who do Priesthood representatives defer to, at times?
2137	What is the name of a Bodhisattva vow?
2139	What helped the Lama determine to be reborn?
2140	Who teaches the proper way of living in Islam?
2143	What is another name for exoteric?
2144	What is the term for the highest living saint?
2167	How early did Luther say he had to awaken every day?
2168	How did Luther describe his learning at the university?
2171	What did Luther think the study of law meant?
2176	When did the lightening event happen?
2177	Where did Luther go on 17 July 1505?
2181	How did Luther describe his time in the order?
2182	What did Luther feel he made of Christ?
2192	What position did Luther have in Wittenberg?
2196	Why was Tetzel seeking money in Germany?
2203	Who contends that Luther did not intend to oppose the church?
2211	What did giving money to the church absolve the giver from?
2212	What did Luther call these donations?
2215	What did this statement of Tetzel's show about him?
2218	What story has little foundation in truth?
2219	What story of little truth is a pillar of history?
2220	On whose comments is the posting on the door based?
2222	What do scholars agree on about the posting on the door story?
2224	What device was one of the first to aid a controversy?
2234	What sections of Church dogma did Luther come to view in another way?
2244	What became the foundation of the Reformation?
2253	What did Pope Leo X launch against Luther?
2256	What were the papal legate's orders from the Pope?
2263	What did Luther need to do to avoid excommunication?
2265	Who attempted to arrange a compromise?
2270	Who presided over the assembly?
2276	How did Luther respond after being asked if the books were his?
2277	What did Luther do at the end of his speech?
2279	Who considers Luther's speech a world classic?
2280	What did Michael Mullet call Luther's speech?
2283	Why is the statement doubtful in the eyes of scholars?
2284	What manner of words does Mullet think Luther would choose?
2295	What did Luther call good works that existed solely to attract God's favor?
2297	When did Luther write to Melanchhon about God's grace?
2305	How did Luther broaden the Reformation in terms of prophecy?
2307	At this time where was Luther's focus centered?
2312	What did the reforms cause?
2315	When did Luther return to Wittenberg?
2316	What did Luther think was required to stop the violence?
2319	How did Luther want people to bring about change?
2325	What did Luther seek to restore?
2329	Besides the radicals who else did Luther have to deal with?
2334	Who did the peasants think Luther would support an attack on?
2338	How did Luther express the destruction?
2341	What were the protesters doing with Christ's counsel?
2348	What event followed the battle?
2356	At what point in the day was the couple married?
2357	Besides the walk to the church, what else was left out of the day's celebration?
2358	When was the wedding banquet celebrated?
2359	Who married the wedding couple?
2361	What kind of marriage was this ?
2366	What was the Black Cloister?
2371	What did Luther form in 1525 to 1529?
2372	What did Luther establish as a worship service in his church?
2373	What did Luther write as an outline of the new faith?
2377	What role did Luther play in other areas' churches?
2379	What unintended development did the relationship with the elector have on church government?
2382	For whom was this new mass intended?
2384	What did the new mass allow as regards ceremony?
2386	What began in 1527 when Luther introdued the new order of worship?
2387	What type of education was assessed during this time?
2389	What were many pastors unable to do?
2396	What effort was Luther not particularly in favor of?
2401	What work is useful for pastors?
2403	How did Luther show the Trinity in his catechisms?
2404	Where does Luther place Salvation?
2407	What did he work on refining until the end of his life?
2410	Where was the language Luther used in his translations spoken?
2411	Which Germans could understand the language Luther used?
2412	What group did Luther want to understand his works?
2413	Why did he want to make the language accessible to people?
2414	To promote accessibility of the works, what did Luther remove?
2415	At the time of Martin Luther what was in demand?
2428	Who is the English translator of this hymn?
2431	What did this hymn presage?
2432	Where is the Apostles located?
2434	Why have modern Lutherans stopped using the hymn?
2437	What was the hymn meant to examine students on?
2438	What does the original manuscript show?
2439	What do later versions of the Lord's Prayer hymn still use?
2441	What is the basis of the hymn?
2446	What was the hymn based on?
2454	Where was the baptismal hymn used to introduce the Reformation?
2463	In what years did Bach use more of Luther's hymns in his compositions?
2464	When was the last use by Bach of Luther's work?
2469	Where did Luther describe the resting place of the saints?
2472	Who else observed that Luther view of souls was different form later views?
2477	Who pointed out that the passage under dispute actually refers to a living man?
2480	Who was Philip I?
2484	What point did the theologians differ on concerning the Last Supper?
2487	What did Luther's opponents think that it meant about God's presence?
2492	Which group did not agree to sign these agreements?
2493	What ruler, besides John of Saxony and Philip of Hesse, formed the Schmalkaldic League?
2500	What did Luther gradually see as hopeless in the Reformation?
2505	What was the purpose of the Turks in Luther's mind?
2509	What book did Luther read in 1542?
2510	What type of writings did the reading of the Qur'an bring out in Luther?
2513	What purpose would Luther have in not wanting to ban the Qur'an?
2516	What did Agricola apparently believe about who should be in control  law?
2520	What is the use of the law by the Holy Spirit?
2521	What is Luther's opinion of what the law covers??
2522	What does refusing to preach the Ten Commandments not do?
2527	What did Luther consider Christ's life?
2531	What does the Ten Commandments ask of the Christians?
2532	What did Philip I wish to do around 1539?
2534	Who did Philip I want to marry?
2536	What did this affair cause to Luther's reputation?
2544	How near to his death was the work published?
2551	When did riots cause the expulsion of Jews from several German states?
2552	Who was the most widely read writer of his generation?
2560	Who agreed with the burning of synagogues?
2564	What did this agitation provide later generations material for?
2573	What about Luther declined as his antisemitism increased?
2574	What kind of affect did Luther often use in his discourses?
2575	Who else did Luther use violent rhetoric towards?
2576	What is the title of Edwards book about Luther?
2580	When were the elections that produced a higher vote by Protestant Nazi sympathizers than by Catholics?
2583	What did Luther begin to experience in 1536?
2584	What other health issues did Luther have?
2587	What other aspect of Luther's life was affected by his health?
2592	When was Luther's last sermon?
2599	When was a third visit to Mnafeld scheduled?
2601	When were the negotiations finished in Mansfeld?
2603	Luther went to bed quoting what scripture?
2604	What is Psalm 31:5?
2606	What event took away his ability of speech?
2608	On what date did Luther die?
2610	Who performed the funeral for Martin Luther?
2611	What was later discovered written by Luther?
2612	In what language was most of the statement written?
2614	What kind of images of Luther were used to advertise Protestantism?
2615	In contrast how were Catholic saints portrayed?
2616	How was Luther presented as an image to spread Protestantism?
2617	What was the image of Luther a contrast to the life of?
2618	When were images being used to promote the spread of Lutheranism?
2623	How is Luther commemorated on the Lutheran, Episcopal, and  Church of England  calendars?
2627	What are the ties that best described what the "eight counties" are based on?
2628	The reasons for the las two counties to be added are based on what?
2637	Which of the three heavily populated areas has the least number of inhabitants?
2639	What is the name of the water body that is found to the east?
2646	What is the eighth most populous city in the nation?
2651	What is the lowest ranking one of the counties could have in terms of most populous counties in the United States?
2660	What famous snowbaorder lives in southern California?
2666	Other than for its resort feel, what is Palm Springs popular for?
2678	What was the name given to the regions in which the pro - slavery southerners lived?
2683	In which year did the newspaper define southern California?
2685	What was the newer county added to the list?
2687	Which organizations most commonly divide and promote the state?
2690	Which mountain range influenced the split of the regions?
2696	What kind of region can be found inside the urban area of southern California?
2697	What is the main gap to continued urbanization?
2703	Other than many sunny days, what characteristic is typical for the climate in souther California?
2704	What is the low end of the temperature range in summer?
2723	Outside of national recognition, what other kind of recognition do some of the cities get?
2726	What does southern California have a reputation for?
2727	What is the state average growth rate?
2728	What kind of economy did northern California start to grow in the 2000s?
2729	Which region began to grow and assert itself in the 2000s?
2737	How many cities in southern California have over 200,000 residents?
2738	There are 34 cities in southern California that have a population exceeding what number?
2742	The region was a leader in what event between 2001 - 2007?
2744	What was the effect of the housing crash on the region?
2751	What does CBD stand for?
2752	What is the only district in the CBD to not have "downtown" in it's name?
2761	Where are international corporations headquartered?
2770	What is the metric they use to determine how busy airports are?
2781	What is the moniker that is being used to describe the region's diversified technology?
2782	What kind of universities is the region famous for?
2783	What kind of university is the California Institute of Technology?
2796	What other kind of sport is popular in southern California?
2801	What is a growing sport in southern California?
2803	What is rugby rapidly becoming with high schools?
2811	Who purhcased the remaining 4 pacakages available to broadcasters?
2812	How much did Sky bid to win the 4 broadcast pacakges they bought?
2816	What channel replaced Sky Travel?
2817	What was Sky Travel later rebranded as?
2819	When did Sky launch a TV advertising campaign target towards women?
2820	WHat allows customers to get Sky+ functions if they do not subscribe to BSkyB's channels?
2821	When did BSkyB discontinue the Sky+ Box?
2825	Who is the parent company of NDS?
2828	What channels were removed from the network in March of 2007?
2830	What did Virgin Media claim BSkyB did that resulted Virgin not carrying the channels anymore?
2831	What additional srevice did BSkyB offer besides HD channels that they claimed offered "substantially more value"?
2832	What additional srevice did BSkyB offer besides Video on Demand that they claimed offered "substantially more value"?
2833	when did the English High court find Microsoft's use of the term "SkyDrive" infringed on Sky's right?
2834	What year did BSkyB and Microsoft announce their settlement?
2835	What did Microsoft announce that it would rename Sky Drive to?
2836	What did Microsoft announce that it would rename Sky Drive Pro to?
2838	Who was the chief executive officer when the service began?
2842	How many households had BSkyB service in 1994?
2848	What are the Sky Q mini set top boxes able to connect to?
2849	What does connecting different Sky Q boxes enable them to do?
2851	When are the new Sky Q products going to be available?
2853	Sky Movies and Sky Box office also include what optional soundtracks?
2855	What is the proprietary system that Sky+HD uses?
2859	What satellite enabled Sky Digital to launch an all new digital service?
2862	When did BSkyB launch it's HDTV service?
2866	What was the total number of homes Sky announced that had Sky+HD in March of 2012?
2871	What does BSkyB's sport portfolio include?
2874	What does a receiver have to be equipped with to view encrypted content?
2878	Who were the current rights holders for the Primer League?
2883	what is the fee range for accessing BSkyB's EPG?
2884	Can BSkyB veto the presence of channels on their EPG?
2891	Within the 30 days how many digiboxes had been sold?
2898	How large was the audience BSkyB said they could reach?
2901	What was happening to subscriber numbers in other areas of europe?
2902	What did Alec Shelbrooke propose payments of benefits to be made on?
2904	what did the UK parliment hear that a subscription to BSkyB was?
2905	What was the UK governments benefits agenchy checking in 2012?
2906	What did the benefits agency think sports channels on a TV bill meant?
2907	What were the annual carriage fees for the channels?
2910	What company agreed to terminate high court proceedings with Virgin Media?
2911	What were high court proceedings being held about?
2914	At what rank does GPS per capita set Victoria?
2917	Where is the Asian influence strongest in Victoria?
2920	How many miners died in the typhoid outbreak of 1854?
2922	What kind of representational system does the Victorian Legislative Council have?
2933	How many Victorians are Catholic?
2935	How many Victorians are Buddhist?
2936	How many Victorians are non-religious?
2947	How much Victorian farmland is farmed in grains?
2948	What percentage of farmland grows wheat?
2949	How much of Victoria's farmland grows hay?
2955	What are the exceptions in the constitution  that require special considerations to amend?
2957	What is the weather type of Mallee and upper Wimmera?
2960	What is Victoria's highest monthly temperature?
2975	What type of topological systems are found in numbers in Victoria?
2980	What is the temperature in the highest portion of the mountain range in winter?
2981	What is the lowest recorded temperature in Victoria?
2984	What entity owns V/Line?
2997	By August 2010 how many public schools did Victoria have?
2998	How many Catholic schools were in Victoria?
3000	How many full time teachers does Victoria have?
3004	What percentage of Australia's dairy cattle are found in Victoria?
3017	What armed group stopped the uprising at Ballarat?
3020	The passage of what act gave Victoria its own government?
3021	What does the Premier of Victoria need to lead in the Legislative Assembly?
3023	Who can be in the Victorian cabinet?
3026	How much did the gross agricultural product increase from 2003-04?
3028	How many farms are there in Victoria?
3029	How much land do farms use in Victoria?
3030	How much percentage of Victoria's land is taken up by farms?
3040	What did this agreement do?
3043	The term may be related to what politician from Switzerland?
3045	When did this attempt take place?
3046	What helped spread Protestantism in France?
3047	When did the first French language bible appear?
3048	Who translated this version of the scriptures?
3049	An illustrated, paraphrased version of this appeared when?
3052	What was the most important of these cities or towns?
3055	When was this proclamation issued?
3071	Who was Louis XIV's main rival?
3083	How did the Huguenots defend themselves?
3085	When did these rebellions take place?
3086	Where did these uprisings take place?
3089	What were the civil wars caused by the Huguenots called?
3098	What is located within this district?
3106	By what other name was the Gate known?
3107	Who allegedly haunted the gate?
3108	By what name were the "supposedly reformed" known?
3124	When did the British defeat New France?
3125	What was Henry IV known as before taking the throne?
3132	How many Huguenots emigrated to North America as colonists?
3152	When did Mechlin lace develop?
3156	What years did this occupation take place?
3162	French troops put down the Camisard uprisings between what years?
3167	When was the colony destroyed?
3177	When were these settlers naturalized as English colonists?
3180	What Dutch document condemned the Spanish Inquisition?
3184	When was this naturalization act passed?
3194	Which Count did the Prince strike an arrangement with?
3195	What industry did the nobleman establish with this settlement?
3197	In what year was the agreement to allow the Saarland settlement reached?
3202	What made emigration to these colonies attractive?
3205	Who is one prominent advocate of this theory?
3207	Other theories of the word's origin can be generally classed as what?
3208	Who was one French pro-reform Roman Catholic of the 15th century?
3212	What other European Protestant leader was educated at the University of Paris?
3213	When was the St. Bartholomew's Day Massacre?
3216	When was amnesty granted to those responsible for the massacre?
3217	Reports document that how many Parisien Protestants were killed by September 17?
3219	How did the new king react to the Huguenots?
3220	What was the king's first approach to the Huguenots?
3221	What did the king do to regarding Huguenot education?
3234	Where did he begin teaching?
3236	These books became a foundational text for what library?
3239	When was the charter for this church signed?
3240	What is the present-day location of this church?
3242	When was the Old Truman Brewery founded?
3258	What was the first true engine that was commercially successful?
3262	Who conceptualized the piston?
3264	On what date did the first railway trip in the world occur?
3265	Where did the world's first railway journey terminate?
3268	What device is used to recycle the boiler water in most steam engines?
3269	What types of pumps are typically used in industrial boilers?
3280	How is lap provided by overlapping the admission side port?
3281	What are sometimes present in the boiler's firebox crown?
3283	What happens after the lead melts?
3284	After the operators are warned by the escape of the steam, what may they then do?
3288	How many horsepower was Watt's engine?
3289	As of what year were 10000 horsepower engines available?
3296	What type of engines became widespread around the end of the 19th century?
3311	What year saw the earliest recorded use of the steam engine indicator?
3330	What happens to the working fluid in a closed loop system?
3343	What did the use of steam engines in farming lead to?
3353	What percentage of electricity was made by steam turbine in the 1990s?
3359	What happens to waste heat in the Rankine cycle?
3363	How was the efficiency of a steam engine typically evaluated?
3387	What do power station steam turbines use as a cold sink in the absence of CHP?
3389	In what sort of places are dry cooling towers used?
3391	About how many cubic meters of make-up water is used by a 700-megawatt coal-fired power plant for evaporative cooling hourly?
3396	What was the centrifugal governor incapable of doing?
3398	Compounding was not popular in the construction of what machines?
3402	What is another term for shortening the admission event?
3403	What is another term for excessive compression?
3411	What is another term for rotors?
3412	In a steam turbine, what are rotors mounted on?
3413	What is another way of referring to stators?
3414	What are stators attached to?
3415	In the United States, what is a usual turbine speed with 60 Hertz of power?
3419	What is the name of the movement that seeks renewed use of steam power in the modern era?
3431	What type of valve is used by recent safety valves?
3434	What was the ultimate development of the horizontal engine?
3449	In addition to recirculating water, what do condensers do?
3455	What was an example of a type of warship that required high speed?
3473	How much of the earth's atmosphere is diatomic oxygen?
3476	Are atmospheric oxygen levels going up, down, or staying the same?
3515	What was the title of Philo's work?
3520	Peroxides, nitrates and dichromates are examples of what type of compounds?
3522	What is a spark or heat to the progress of a fire?
3524	What can concentrated oxygen produce?
3526	What other sources of high oxidative potential can add to a fire?
3529	To ensure safety of future space missions Oxygen was used at _____ of the normal pressure.
3552	What characteristic due most items display after burning?
3555	What is a descriptive term for a low-to-high energy bond?
3557	Of what does the covalent double bond result from ?
3560	What gave Priestley the claim to being the first discovered of oxygen?
3563	What is the term for the arrangement of two unpaired electrons in dioxygen?
3576	What function does ozone perform for the planet?
3578	What is the most common form of oxygen on the planet?
3581	What characteristic of oxygen makes it necessary to life?
3589	How much oxygen is found is a liter of fresh water under normal conditions?
3590	In what type of water does oxygen dissolve more slowly?
3591	How much more oxygen dissolves at 0 degrees C than at 20 degrees C?
3594	How much of the sun is made up of oxygen?
3603	What molecule does the Sun have in higher proportion than Earth?
3605	What type of process was involved the the depletion of the Sun's oxygen 16?
3606	Before the formation of which planet, did Sol lose oxygen 16?
3607	What is the name for a form of oxygen in which electrons are paired?
3610	By what process is singlet oxygen made in the tropophere?
3612	What group of scientists seek to measure the amounts of oxygen in marine animals?
3614	How much heavier is oxygen 18 than oxygen 16?
3615	What form of oxygen do marine animals acquire in greater amounts during cooler climatic conditions?
3616	During what type of climate is oxygen 18 in seawater at higher levels?
3623	In experiments, a bridge of what element can be built between poles of a magnet?
3628	For what purpose do organisms make peroxide and superoxide?
3632	At what temperature will oxygen condense?
3637	Where on Earth is free oxygen found?
3639	Why do polar water bodies support a higher amount of life?
3646	When did oxygen begin to move from the oceans to the atmosphere?
3652	What mechanism can be used to make oxygen?
3653	What percentage of oxygen will a zeolite sieve produce?
3660	What is the source of oxygen production through electrocatalytic means?
3661	What other catalysts can be used to produce oxygen?
3665	What is the most likely effect of breathing oxygen?
3686	By what means is bulk oxygen shipped?
3688	In what form is oxygen transported in smaller containers?
3692	What function do compounds like phenol and acetone serve in the manufacture of many other substances?
3705	Why is breathing oxygen in space craft not dangerous to health?
3707	How much of normal is the oxygen breathed in space suits?
3709	What si the comparison to sea level with the oxygen level in space suits?
3711	At what point does oxygen toxicity begin to happen?
3712	To what is 50 kilopascals equal?
3713	What medical appliance can be a concern for oxygen toxicity?
3714	What percentage of oxygen is usually supplied by a medical mask?
3721	How did the Nixon administration negotiate with the uncooperative countries?
3725	What does it mean when currencies are left to "float?"
3726	Why was there a depreciation of the industrialized nations dollars?
3727	When did oil start getting priced in the terms of gold?
3728	Why did oil start getting priced in terms of gold?
3735	How many times more did the other nations have to pay for oil after the surprise attack?
3737	Why did the Shah of Iran gave an interview?
3743	How much did Saudi Arabia spend on spreading Wahhabism?
3744	Which group benefited from the funds distributed by the religious charity, al-Haramain Foundation?
3746	What is one of the reason that underdeveloped nations received aid from the oil income?
3748	What is one of the reason that US production has been held responsible for recessions and lower economic growth?
3751	Interest groups and government agencies that were concerned with energy were no match for who?
3752	What has a negative influence over the US economy?
3756	How long does it take for new areas to have significant oil production?
3761	Who wanted Israel to withdraw from its border?
3762	Which country is not badly hit by the embargo?
3763	What caused UK to have an oil crisis in its own country?
3764	When did the series of strikes happen?
3765	Name one country that banned boating, driving and flying on Sundays.
3769	Why was old oil withdrawn from the market?
3771	Who is the first administrator of the Federal Energy Office?
3773	Why was this short termed organization created?
3774	According to the AAA, what is the percentage of the gas stations that ran out of gasoline?
3781	There is criticism that the energy policies are expensive quick fixes that ignore which facts?
3782	Who backed policies that have solutions that sound good but have poor prospects?
3784	Which country was worried that the US would invade the Middle East?
3785	How long would the invasion of the Middle East have to last in order to develop renewable resources?
3789	To force Japan to be more involved in the crisis, what did Saudi and Kuwaiti government do?
3793	Which countries became dependent on US's security assurance to threats?
3799	What type of engines does the American car typically have?
3806	What did Mitsubishi rename its Forte to?
3809	Why did GM, Ford and Chrysler introduced fuel-efficient and small cars to the US market?
3810	How many passengers can the Ford Fiesta accommodate?
3813	Which full-sized model cars were not popular?
3816	Which car shows the DOT's revision of categories?
3819	Why did Saudi Arabia try to increase production, and reduce profits for high cost producers?
3826	How long did Project Apollo run?
3832	What forced the cancellations of three future landings?
3833	How many of the remaining launches were successful?
3846	How many study contracts were awarded on October 25th?
3855	How many days after Gagarin's flight did the US House Committee on Science and Astronautics meet?
3856	What did President Kennedy do in response to the Soviet flight in regards of America's program?
3859	How long did it take Johnson to respond to Kennedy?
3860	What was the general consensus Johnson came to regarding America's progress on going to space and reaching a position of leadership?
3867	Who conducted the construction of the new center?
3873	How big was the Vertical Assembly Building?
3874	Who did Webb recruit for better project management?
3878	What did Mueller have experience with prior to joining the space program?
3881	How long did Phillips manage the Apollo missions?
3908	The outside of the CM was covered in what kind of material?
3910	How much did the CM weigh in kgs?
3915	What was carried on extended lunar missions?
3938	What did the second stage in the Saturn V end up doing?
3944	How many astronauts visited space on missions and were rewarded for their efforts?
3948	From what mission and onward were the DSMs awarded?
3953	How many people were on the test flight of the AS-206?
3954	What were the astronauts wearing during the dual mission AS-278?
3964	In what month and year was the AS-258 scheduled to launch?
3965	What was the dual mission AS-258 a combination of?
3973	What was a plugs-out test done to simulate on the LC-34?
3986	The door on the Block II design was eventually replaced with what kind of model?
3987	What eventually happened to the Block I program after the incident?
3988	Crew members were required to wear what type of space suit during testing after the incident?
3989	What type of missions were approved by Mueller after the incident?
3991	Since NASA didn't know how many attempts each test would end up requiring, what did they use instead of numbers for the trials?
4003	On what day were images of the moon's surface transmitted to Earth via television images?
4005	What did the Soviets intend to use in spacecraft after the success of Zond 5?
4008	What did the astronauts on the moon send back to Earth live via signals?
4016	What was redesigned to allow better maneuverability in the LRV?
4022	What happened to the Apollo program in for the rest of 1970 after the incident regarding Apollo 13?
4026	What happened to NASA's budget after the first successful moon landing?
4033	As the moon has no atmosphere, what is prevalant in many moon rock samples brought back from Apollo missions?
4034	What do a great majority of rocks sampled from the moon show?
4035	What is impact melt that some samples of moon rocks show?
4036	How much was NASA's procured spending on the Apollo project estimated to be at in 2005 after inflation?
4039	What did NASA name the series seeking up to 30 more flights to Earth's orbit?
4048	Do the U.S. flags on the moon still have their original coloring or were they faded due to the Sun?
4051	How much of the population of Earth ended up seeing the images of the Earth and the Moon?
4055	What happened to prompt NASA to record over archived magnetic tapes?
4056	What did NASA record over the older archived tapes?
4059	Were the tapes able to be restored and processed without destroying historical legitimacy or did some aspects of the tapes lose legitimacy?
4066	What are the secondary sources of primary law?
4073	What are the main sources of primary law?
4085	By whom is European Law applied by?
4098	When do treaties apply?
4100	What are some examples of territories where a member state is responsible for external relations?
4101	When do the stated Treaties apply?
4102	Who is suited to interpret the Treaties?
4114	What two country's referendums curtailed a constitution for Europe?
4117	Is the Lisbon Treaty one that would alter existing treaties or replace them?
4118	What reform was attempted following the Nice Treaty?
4119	What was an additional projected effect of the attempted reform?
4120	Which caused the reform to never come into force?
4123	Who is the sole governing authority capable of initiating legislative proposals?
4124	Which authority figure is designated to schedule and set the work of the EU?
4128	Who sets the agenda for the EU's work?
4129	How are decisions made on behave of the EU made?
4134	Who found that there was a developed culture of Commissioner's who lacked responsibility?
4140	The corruption found by the Committee of Independent Experts resulted to the creation of what office?
4142	Which two governing bodies have legislative veto power?
4143	What can't Parliament do that causes equality and democracy to be deficient?
4146	What two bodies must the Parliament go through first to pass legislation?
4147	Which entity has a monopoly on initiating legislation?
4148	Which entities have powers of amendment and veto during the legislative process?
4154	How are the votes weighted to ensure that smaller states aren't dominated by larger ones?
4155	What are the total number of votes to be counted during the voting process?
4158	How often does the European Council meet?
4159	How many votes in total does the Council have?
4160	What is defined as the majority vote?
4164	What articles state that unless conferred, powers remain with member states?
4167	What can block a legislation?
4168	Which articles state that powers stay with member states unless they've been conferred?
4169	What entity is created if the three different institutions cannot come to a consensus at any stage?
4174	What is the CJEU's duty?
4175	How is the judicial branch of the EU an important factor in the development of EU law?
4177	What entity deals with EU staff issues?
4179	What is the CJEU's duty?
4183	Which entities have had to develop principles dedicated to conflict resolution between laws of different systems?
4185	Which court argued that the Treaty of Rome did not prevent energy nationalism?
4187	What issues do member states say the Court of Justice does not have the final say on?
4189	What does the EU's legitimacy rest on?
4198	What are EU Regulations essentially the same as in the case mentioned?
4199	What generally does not allow citizens to sue other citizens?
4203	What happens first if a Directive's deadline for implementation is not met?
4204	What happens secondly if a Directive's deadline is not met?
4206	Which company did Mrs Foster work for?
4207	At what age did British Gas plc force their workers to retire?
4216	Which measure must be adopted when there is a choice between several?
4218	Which laws mentioned predate EU law?
4232	The Social Chapter is a chapter of what treaty?
4234	When was the basis for the Social Chapter developed?
4241	What lead to the UK to subscribe to the agreement on Social Policy?
4243	Which directive mentioned was created in 1994?
4245	What did the Works Council Directive require?
4255	When was the concept of a social market economy introduced into EU law?
4259	What entity has taken the view that the goals of free trade are underpinned by the aims to improve people's well being?
4263	In which case were French vigilantes sabotaging shipments of Spanish Strawberries?
4274	What have the Treaties sought to enable since its foundation?
4275	Which entity focused upon the free movement of workers?
4281	What language did the Court of Justice accept to be required to teach in a Dublin college in Groner v Minister for Education?
4283	In the case Geven v Land Nordrhein-Westfalen, how many hours was the Dutch woman in question working in Germany?
4285	What has having an EU Citizenship increased?
4286	In which case did the Court state that Austria was not allowed to hold places in Austrian schools exclusively for Austrian students?
4294	At the time, countries such as Spain didn't have a crime against what?
4303	How much capital did Danish law require to start a company?
4326	What may have caused rainforests to grow across South America?
4337	In which direction did the water on the eastern side flow?
4338	What is the name of the basin that was created from a enclosed lake?
4345	What basin was formed when the Andes Mountains rose?
4350	What is the lake known as which was created by the rise of the Andes Mountains?
4352	What did the analysis from the sediment deposits indicate?
4353	What are some of scientists arguments?
4354	How has this debate been proven?
4355	How are the explanations supported?
4358	What has been analyzed to compare Amazon rainfall in the past and present?
4383	Which findings suggested that the region was densely populated?
4393	In the 1980s what was the population of the amazon region?
4396	What was believed to be the cause of devastation to the civilization?
4398	What time period did the geoglyphs date back to?
4406	What did the development of this fertile soil provide in hostile environment?
4408	Who discovered this and where did they come from?
4410	The development of Terra Preta allowed for what to happen in the Amazon Forest?
4411	In lands attributed to what tribe are found remains of large settlements?
4413	Evidence for what types of structures were found in 2003?
4414	How many species of insects are known in the region?
4427	What is the average plant biosmass?
4428	What is the number of plant species in economics and social interest?
4432	What is the average weight of the biomass per hectare in the Amazon?
4443	What is notable about the Amazon forest when it is seen from space?
4450	What did creating highways in the Amazon rainforest lead to?
4455	The loss of biodiversity may be the result of what, according to environmentalists?
4458	How many metric tons of carbon are believed to be stored in the Amazon forest?
4463	What are the main threats facing the Amazon rainforest in the current century?
4466	Indigenous territories are largely being destroyed in what two ways?
4468	There is growing interest in what indigenous group in the Amazon?
4469	What kind of sending technology is being used to protect tribal lands in the Amazon?
4471	Tribal members living in the rainforests of what region are using Google Earth?
4472	What do tribes use Google Earth and GPS for?
4473	Why do some tribes use remote sensing technology?
4474	Classifying the stages of what is important to mapping aspects of the Amazon?
4488	How many tons of carbon are absorbed the Amazon in a typical year?
4509	What does coastal beriods use as teeth?
4512	What do Beriods use as teeth?
4514	How many different species of ctenohore are there?
4517	Are juiveniles capable of reproduction?
4518	What is unique about  a hermaphrodite?
4519	What can a simultaneous hermaphrodite do?
4521	Which species eggs are fertilized and kept inside the parents body until hatched?
4523	What is a hermaphrodite?
4525	What is a trait of sequential hermaphrodites?
4526	Which group keep the eggs are fertilized and kept inside the parent's body until they hatch?
4530	What promoted the growrth of Mnemiposis in the Black Sea?
4536	What are phytoplankton?
4542	How old are the fossils found that represent ctenophhores ?
4543	What were the fossils that were found to represent ctenphores missing that current ctenphora have?
4546	Cypiddids are not what?
4556	Which two groups have cells bound by inter-cell connections and membranes, muscles, a nervous system and sensory organs?
4568	Why are coastal species tough?
4573	What does the internal cavity contain?
4576	Combs are called what?
4579	Cilia can g ow up too what length?
4586	What protects the statocyst?
4593	Where is the mouth located on the pleuobrachia located?
4598	What does the euplokamis use the three types of movement for?
4604	What are auricles?
4606	What do the auricles do?
4613	What group has no feeding appendages?
4621	Which species moves by a darting motion?
4624	What do all but one platycenida species lack?
4625	Where do platycenida live?
4626	How are eggs and sperm released?
4628	What genus has self-fertilization been seen?
4629	Where are the gonads located?
4633	When do juvenile develop into adults?
4638	What are the secretions commonly called?
4642	What happens to the jellyfish nematocysts when they are eaten by the haeckelia?
4658	How many species were found in the Burgess Shale?
4659	What did the  fossils found in the Burgess Shale lack?
4660	How old were the fossils found in China?
4661	What type of fossils were found in China?
4675	How do you pronounce Fresno?
4684	What was the Pinedale Assembly Center?
4688	What did the BankAmericard allow customers do to that they couldn't do with previous financial instruments?
4693	In what town did Bill Aiken grow up?
4694	On what show did Bill Aiken make is television debut?
4695	Who was Bill Aiken's adopted mother?
4700	Which park hosts the largest Civil War reenactment on the west coast?
4703	What former building is currently known as Grand 1401?
4708	After reopening, where will the art pieces be located after restoration?
4711	What are the two major thoroughfares of Sunnyside?
4712	When was most of Sunnside developed?
4714	Who designed the golf course located at the Sunnyside Country Club?
4720	During what period did the Tower Theatre re-open?
4721	After its re-opening, which types of movies did the Tower Theatre show?
4724	Which two leading roles did Audra McDonald perform when she was in high school?
4726	How far apart are some of the neighborhood's features?
4727	What area has become attractive for restaurants?
4734	Which boulevard can you find many majestic homes in the area?
4735	Who mapped the Alta Vista Tract?
4738	Which company provided streetcar connections between downtown and the hospital?
4740	In which direction does the west side of Fresno neighborhood lie to the 99 freeway?
4748	What area of Brookhaven is still known for its high levels of crime?
4749	When were the public housing developments built in the neighborhood?
4750	On which corner is the shopping center located?
4751	What are the two processing facilities in the neighborhood?
4754	Who founded Woodward Park?
4760	Who created the nation's first aviation community?
4761	What is the name of the first aviation community built?
4762	The transportation law allows personal aircraft to share the roadways with what?
4769	What is the hottest temperature record for Fresno?
4771	In what year did Fresno experience the most rainfall?
4777	What was the percentage of Non-Hispanic Whites in 2010?
4779	How many households has kids under the age of 18 living in them?
4780	What was the percentage of a female householder with no husband present?
4781	How many same-sex married couples or partnerships were there?
4782	What was the average family size?
4783	What was the average household size?
4785	How many housing units were there in 2000?
4788	What was the population density in 2000?
4789	Why does Fresno only have UHF television stations?
4797	State Route 180 comes from which direction via Mendota?
4801	What are the factors that are contributing to the desire to have SR 99 improved to be of interstate standards?
4803	Where is the Santa Fe Railroad Depot located?
4809	What did this concept contradict
4810	What is Donald Davies credited with
4812	What was the goal of the system
4813	Who is credited with the modern name for this system
4815	What is circuit switching characterized by
4816	How is packet switching charecterized
4819	How is circuit switching charecterized
4822	How are packets normally forwarded
4823	In cases of shared physical medium how are they delivered
4825	How are packets normally forwarded
4826	In cases with shared medium how is it delivered
4828	What was developed for the Air Force
4829	What 3 things does the Air Force work key on
4830	How are Air force messages delivered
4831	What was report P-2626
4832	What delivery message was used
4834	What  things did the network concentrate on
4835	What did Donald Davies Develop
4836	What did Davies call his system
4837	What did Davies want to build
4838	What use was suggested for the system
4840	What did Davies call the System
4841	What was suggested at the Symposium in 1967
4844	What is included with each packet label
4847	Why is the node requiered to look up
4848	What is a connection identifier
4853	What is a typical configuration
4855	2 differences betwen X.25 and ARPNET CITA technologies
4856	WHat does UserDatagram Protocol gaurentee
4858	What was Apple Talk
4859	WHat were features of Apple Talk
4861	This type of system is known as
4863	What was a first for this network
4864	How was this possible
4865	This network influenced  later models of
4871	The 4 sales and service centers are viewed as
4872	Were the centers profitable
4875	What completed the triad
4877	What was telenet
4878	Who founded Telnet
4879	Purpose of Telnet
4880	Telnet Used what  Interface technology
4881	Telnet was sold to
4885	The business allowed for private companies to do what
4886	Gateways allowed private companies to do what
4893	What was DATANET 1
4895	Who else did DATNET 1 refer to
4896	Was the Use of the DATANET 1 name correct
4900	what is Internet2
4904	ableine was retired and the new platform is called
4911	By 199 how many universities were connected
4912	What did the network install in 1999
4915	How much of the European population did the black death kill?
4918	What does it mean for a disease to be enzootic?
4919	How old are the gravestones that reference the plague?
4921	When did the Chinese famine begin?
4924	Who did the army siege belong to?
4929	Which country was the last to receive the disease?
4930	What types of European groups were able to avoid the plague?
4935	How did the plague infiltrate Alexandria?
4938	What is the Latin name for Black Death?
4939	Who allegedly coined the name Black Death?
4940	When did the name black death officially take root in England?
4943	Who was the medical report written for?
4957	How high do plague fevers run?
4959	What is the mortality rate of pneumonic plague?
4960	What skin-related symptom appears from the pneumonic plague?
4961	When did the Plos Pathogens paper come out?
4962	What was the Plos Pathogens paper about?
4963	How did scientists assess the DNA/RNA of yersinia pestis?
4965	What does the plos pathogen paper claim?
4966	What are clades?
4968	What do the strains of y. pestis suggest abut the plague?
4971	What is the current status of the Haensch study?
4972	Where was the burial site used for testing located?
4977	What was Shrewsbury's conclusion?
4978	What did Graham Twigg publish in 1984?
4979	Who discussed Twigg's study in 2002?
4980	What is as important as identifying plague symptoms?
4981	Why are researchers struggling to identify the history of the plague?
4983	Where can population estimates be extrapolated from?
4984	During which years was no census taken?
4985	Why might rats not be responsible for the plague?
4986	How significant was the transfer of disease through fleas?
4987	Why  might the temperature affect the theory of plague spreading?
4991	What was Norman Cantor's theory about the plague?
4993	What is septicemia?
4999	Which areas were least vulnerable to disease?
5003	What did historians do in the absence of census figures?
5015	Who fought in the great Northern war?
5027	Which parts of the Earth are included in the lithosphere?
5041	Why is the second timeline needed?
5047	Finding what helps to determine if a fault is a normal fault or a thrust fault?
5063	When dating rocks, what is the absolute isotopic date applied to?
5067	How can you find the absolute age of sedimentary rock units which do not contain radioactive isotopes?
5079	Where do dikes form?
5081	What activity maintains topographic gradients?
5082	What events are often associated with volcanism and igneous activity?
5083	The Hawaiian Islands are made up almost entirely of what?
5086	The rocks at the Grand Canyon have been in place since when?
5094	Stable and radioactive isotope studies provide insight into what?
5098	How else can petrologists understand the temperature at which different mineral phases appear?
5099	Data from physical experiments can be extrapolated to the field to understand what processes?
5104	Zones in which mountains are built along convergent tectonic plate boundaries are called what?
5107	What does critically tapered mean?
5122	What prompted Shen Kuo to believe the land was formed by erosion of the mountains?
5126	What was the main idea of James Hutton's paper?
5146	What globally popular half marathon began in 1981?
5178	What are chares?
5181	What is the House of Tides?
5182	What has recently undergone extensive restoration?
5189	What is said to be the largest travelling funfair in Europe?
5191	What honorary title does Bob Geldof hold?
5192	What has replaced the former shipping premises?
5195	Why have Newcastle and Gateshead linked together under a common banner?
5196	How many days did the River Tyne have the Bambuco Bridge?
5199	How high are many of the buildings with turrets?
5212	What is one of the largest city center shopping complexes in the UK?
5213	What department store is thought to be the first in the world?
5214	How did Brainbridge's official ledgers report revenue?
5221	What was the dominant housing template when industrial centres were growing the fastest?
5223	Where is this housing style being developed recently?
5225	What can be achieved without building high or getting rid of common areas?
5226	What proportion did detached homes rise in 2010?
5227	Where does the proportion of shared and converted houses in 2011 put this dwelling type in the color-coded brackets?
5228	What type of markets is the dwelling type below?
5229	Harrogate market is in the local what?
5238	What type of surnames is their a strong presence of?
5242	Who conquered much of England after the end of Roman imperial rule?
5247	Where are some words from the Geordia dialect used?
5253	What's the average decibel level of noise in Newcastle?
5256	What is referred to as the Diamond Strip?
5257	What is "The Gate"?
5260	What does the Pink Triangle have a range of?
5263	What did Stephen Kemble guide the Theatre Royal through?
5267	What first opened in 1837?
5272	How many CDs does Newcastle's library have?
5278	How often is the AV Festival held?
5279	What is the festival of food and drink known as?
5282	When does the largest traveling fair in Europe take place?
5284	What type of festival is The Northern Rock Cyclone?
5287	Where will the 2009 International Arts Fair be held?
5289	What cultural festival is the SAMA festival?
5291	What genre of music is Lindisfarne classified as?
5296	Between what dates was the building on Pilgrim Street refurbished?
5297	Where was a cinema relocated while repairs were underway?
5300	Where is the Tyneside Bar located?
5301	Where is the Science Village located?
5302	What does the Discovery Museum draw attention to?
5306	What is the earliest known movie featuring scenes filmed outdoors in Newcastle?
5309	Who directed Stormy Monday?
5316	How far is Newcastle's airport from the center of town?
5317	How is Newport's airport connected to the city?
5318	How long does it take to get to the middle of Newcastle from its outskirts when riding the rails?
5319	How many passengers per year does Newcastle's airport handle?
5320	How many destinations are available worldwide from Newcastle's airport?
5321	What was enhanced in 2014?
5325	What mainline station is to the east of the city center?
5328	Where do all trains going to Scotland stop at?
5335	How many passengers a year does the rail network in Newcastle carry?
5336	What is the name of the current refurbishment the system is undergoing?
5337	What does the replacement of the ticket machines and introduction of ticket gates herald the transition to?
5338	What is being overhauled as part of the improvement works?
5345	What was increased in November 2011?
5346	How many bus companies provide service to the city of Newcastle?
5349	What is Nexus?
5354	What streets are contraflows to be implemented on in Newcastle?
5358	What did DFDS cite as the reasons it terminated operations?
5359	When did DFDS terminate its services to Norway?
5361	How many LEA-funded 11 to 18 schools are there in Newcastle?
5367	Which university has its origins in a school dealing with medicine and surgery?
5369	What happened in 1992 in a UK-wide process?
5370	What university won the award for Most IT enabled organisation?
5378	What was added to the the church of St. Andrew in 1726?
5379	What surrounds the church of St. Andrew?
5380	What received a battering during the Siege of Newcastle?
5381	Where was ITV Tyne Tees based for over 40 years?
5382	Where did ITV Tyne Tees move in 2005?
5383	What gave its name to the 1980s music television program "The Tube"?
5384	Why is the building on Spital Tongues known as the Pink Palace?
5385	What local radio station is broadcast by the Corporation from the Pink Palace?
5390	Where does the Newcastle Student Radio station broadcast from during terms?
5396	What school did both Hank Marvin and Bruce Welch attend?
5397	What is Michael Carrick and Alan Shearer's profession?
5399	What did John Dunn invent?
5402	how many permanent objects are located there?
5404	Who is the museum named for?
5410	How many acres does the V&A cover?
5411	How many galleries does the V&A have?
5416	Who was the V&A's first director?
5417	What was the museum originally called?
5421	What is the exact date of the V&A's official opening?
5423	The use of gas lighting made what possible the year after the museum officially opened?
5424	In which year did the Royal College of Art gained full independence from the V&A?
5425	When was the Britain Can Make It exhibition held?
5426	How many visitors did the Britain Can Make It exhibition attract?
5430	What did the V&A present in July 1973 as part of its youth outreach programme?
5431	Which musical group did the V&A present in July 1973 as part of its youth outreach programme?
5432	The V&A's youth outreach programme was a hallmark of whose directorship?
5433	Which musical genre did the progressive folk-rock band Gryphon presented at a concert/lecture at the V&A?
5435	What is the estimated cost of the V&A branded gallery?
5436	Where in Dundee will the gallery be located?
5437	What will V&A Dundee focus on?
5438	When could V&A Dundee?
5439	What was the building that formerly occupied the V&A's present site called?
5440	What was the first building erected that still forms part of the museum?
5441	Who designed the Turner and Vernon galleries that were built in 1858-9?
5442	In which year were the North and South Courts opened?
5443	What does the Secretariat Wing house?
5444	Who was the designer of the Oriental Courts?
5449	Who were responsible for the interior decorations of the Green Dining Room?
5453	Who was responsible for the decorations of the Grill Room?
5455	What was the Henry Cole Wing previously called?
5456	What stone was used for the staircase designed by J.W. Wild?
5460	Who designed the wrought iron gates that was used to embellish the east side of the building?
5461	Where on the side are the two Cast Courts located?
5462	Where is the sculpture gallery now located?
5463	Who designed the plaster work in the Art Library?
5465	What building materials were used to build the main façade?
5466	How long does the main façade stretch along Cromwell Gardens?
5467	What late Gothic architectural sculptural feature is found on the tower above the main entrance?
5468	Statues of British artists adorn which part of the tower above the main entrance?
5471	Who designed the Entrance Hall and Rotunda?
5473	Which British monarch appears above the frame around the arches and entrance?
5474	Which part of the museum received the first major post-war work?
5477	Who designed the iron gates that decorate the new entrance building?
5478	What was intended for the site of the former boiler house?
5484	Who redesigned the central garden?
5485	The redesigned central garden opened in 2005 with what new moniker?
5487	The steps around the water feature can be drained for what uses?
5488	Which tree species is planted in the two corners by the north facade?
5501	When is Sir Pindar's house dated?
5514	Approximately how many works of art are included in the Far Eastern collections?
5515	Which countries are represented in the Far Eastern collections?
5516	What is the name of the gallery devoted to Chinese art?
5522	Most of the objects in the Japanese art collection is dated to which time period?
5530	What are the three parchment-bound manuscripts of the Codex Forster called?
5536	The V&A library's collection of illuminated manuscripts are dated to which centuries?
5540	What cataloging system was used by the National Art Library from the 1980s to the 1990s?
5542	What type of item is the mostly likely to show in the V&A computer system?
5543	What is the search feature on the V&A website called?
5545	What was the digitization project called?
5547	Approximately how many images were digitized during the first year of the digitization project?
5548	What is the second phase of the digitization project?
5555	What British cultural trend during the Georgian is linked to design during the same period?
5562	The Cast Courts display plaster casts of what objects?
5565	Who designed the  Möllendorff Dinner Service?
5566	In which year was Möllendorff Dinner Service designed?
5570	From which countries were the V&A's collection of Delftware produced?
5578	The Art Noveau style of glassware is represented by which two artists?
5585	Approximately how many old masters works are included in the V&A collection?
5591	Why is the collection dominated by fashionable clothes made for special occasions?
5592	In which year did the V&A received the Talbot Hughes collection?
5593	The Talbot Hughes collection was a gift from which company?
5594	When did the V&A acquired the Costiff collection?
5600	When was the Soulages collection acquired?
5605	To whom has the Antwerp City Hall doors in the V&A collection been attributed?
5606	To which year has the Rococo Augustus Rex Bureau Cabinet been dated?
5609	Approximately how many items comprise the jewelry collection of the V&A?
5613	Who funded the new jewelry gallery that opened in 2008?
5614	The silver and gold collection of the V&A is divided into which categories?
5615	To which year is the earliest known piece of English silver with a dated hallmark is dated?
5618	Approximately how many silver and gold objects does the V&A have it its collection?
5619	To which year is the Gloucester Candlestick dated?
5622	To which year is the Becket Casket dated?
5625	Which Member of Parliament explained how the museum would preserve the collection and keep it available to the public?
5629	Approximately how many British oil paintings does the museum have?
5633	Who painted the retable of St. George that is in the V&A collection?
5635	How many paintings did John Sheeshanks give to the museum?
5646	What do the Animal Locomotion photographs capture?
5668	How are the galleries overlooking the garden arranged?
5670	Which museum was among those that loaned more modern works for the new sculpture galleries?
5673	What is the time period represented in the museum's textiles collection?
5674	Which region is represented the most in the textiles collection?
5679	What do the Devonshire Hunting Tapestries depict?
5681	When is the Sicilian Tristan Quilt dated?
5684	The Art Deco period of textiles works is represented by which American artist?
5692	What two environmental conditions are controlled in the museum?
5694	Besides the V&A's, whose collections are under the responsibility of conservators at the V&A?
5716	What company filed a complaint with the FCC in 1934 concerning problems establishing new stations?
5736	How much did Disney sell it's stake in Eurosport for in 2000?
5738	When was ABC1 discontinued because of low viewership?
5739	What developmental network was discontinued after the shutdown of ABC1?
5742	What ended the need for ABC to maintain interests in other countries?
5743	Where were ABC's international networks mainly situated in the 1970s?
5744	Why was ABC forced to sell its interests in international networks in the 70s?
5746	What country did ABC expand in to in the mid-1960s?
5747	What Japanese network did ABC purchase a stake in in 1951?
5748	Why was NBC unable to broadcast the coronation of Queen Elizabeth II?
5749	Why was CBS unable to broadcast the coronation of Queen Elizabeth II?
5751	Which awards show has its rights rotated among the four major networks on a yearly basis?
5763	What are ABC's current daytime talk shows?
5765	ABC carries weekend events for what extreme sports competition?
5769	During summers, for what tournaments does ABC air highlight programs?
5802	In 2000, ABC started an internet based campaign focused on what?
5803	Who was hired to produce ABC's 2001-02 identity?
5804	What colors was the 2001 ABC logo?
5805	What is the nickname for ABC's logo from the 2000 campaign?
5806	Who designed ABC's 1998 new graphic design?
5807	In what year did ABC stop using it's four-note jingle for promotion?
5808	What image campaign was the new four-note jingle for ABC based around?
5809	Where is the ABC four-note jingle still in use?
5812	In what year was the 40th anniversary of ABC's founding?
5813	What slogan accompanied the 40th anniversary logo for ABC?
5814	In what year did the first ABC identification card have a 3D appearance?
5815	What color was the background for ABC's 1977 ID sequence?
5816	In what color was the dot represented in ABC's 1977 ID sequence?
5824	In what year did ABC's viewership end in 4th place behind the other major networks?
5828	When was the new two-year affiliate agreement approved?
5833	Who did the FCC rule in favor of in the April 2000 dispute between Time Warner Cable and ABC?
5834	Which major network was the most watched for the 2000-01 season?
5842	Who originally hosted the syndicated version of Who Wants to Be a Millionaire?
5862	What program for ABC was a remake of the film The Boy from Oklahoma?
5871	What was the name for the new radio concept designed by Allen Shaw?
5903	Who produced the comedy-drama The Love Boat?
5904	How many seasons did The Love Boat run for?
5910	When was 7 Lincoln Square completed?
5911	When was the newsmagazine 20/20 first created?
5912	Who was first appointed at the anchor of 20/20?
5920	What game show debuted on ABC in 2007 as a replacement for striking programs?
5926	What year marked the lowest ratings for the drama Lost?
5927	In what year did Lost first debut?
5928	Ugly Betty's ratings fell dramatically after the series movie to what night?
5932	ABC created what company as a production company in response to fin-syn rules?
5933	What company did Worldvision sell a portion of it's catalogue to in 1990?
5934	What ABC division handles domestic television distribution?
5937	What library contains the Selmur Productions catalogue?
5938	What were the first two stations to carry ABC's programming?
5940	How many stations did ABC have affiliation agreements with in 2015?
5941	What percentage of American households did ABC reach in March 2015?
5944	When did ABC adopt it's iconic circle logo?
5945	In what year was Supernanny canceled?
5948	What was the program in the first Children's program block to be broadcast in HD?
5951	How many affiliates carry the ABC network feed in 480i standard definition?
5955	What network did ABC beat out for third place in television ratings in 2010-11?
5956	What drama program was canceled by ABC after a bad midseason run in 2010-11?
5959	On what service were All My Children and One Life to Live revived on for one season?
5960	What talk show replaced One Life to Live?
5962	In 2013-14, NBC finished in first place in the 18-49 demographic for the first time since when?
5966	What two comedies were featured on ABC's new Wednesday comedy lineup?
5968	What day of the week did Shark Tank debut on?
5974	How many seasons did NYPD Blue last?
5990	At what address did Goldenson secure a new headquarters for ABC?
5998	What was the resulting channel of the ARTS merger called?
5999	Who succeeded Thomas Murphy as president in 1990?
6005	What two talk shows are currently featured during daytime programming on ABC?
6008	What are the only states where ABC doesn't have a licensed affiliate?
6017	What programs are broadcast from the Times Square Studios for ABC?
6020	What is ABC's traditional VOD service currently named?
6022	When did Hulu begin offering ABC's programs for streaming?
6025	Disney-ABC Television group implemented restrictions for Hulu and WATCH ABC that made episodes available only after how many days after initial broadcast?
6027	When did Disney-ABC Television group implement restrictions on Hulu and WATCH ABC to encourage live viewing?
6030	What new typeface was created for ABC for use in advertising?
6031	What network uses a red version of the new ABC logo?
6032	How many primary affiliates did ABC have in 1954?
6065	Which network regained the ratings lead in America in 1984?
6069	What does "TGIF" stand for?
6073	What was the first picture released by ABC Pictures?
6074	Who was the film Charly produced by?
6075	When was the ABC Pictures division eventually dissolved?
6076	Where was ABC Marine World opened?
6084	What magazine criticized ABC's programming strategy in May 1961?
6085	What kind of shows were used as counterprogramming by ABC in the Fall of 1959?
6086	What service did ABC launch in May 2013?
6087	What were the first local stations to offer streams of their programming on WATCH ABC?
6091	What is the biggest ABC subchannel affiliate by the size of markets?
6093	How many affiliates does Sinclair Broadcast Group service or own?
6094	How many ABC affiliates does the E. W. Scripps Company own?
6098	Blue ribbons in the logo were used to represent which division of ABC?
6099	What are the two ABC affiliates for Tampa, Florida?
6100	What are the two ABC affiliates for Kansas City, Missouri?
6101	What are the two ABC affiliates for Grand Rapids Michigan?
6102	What was Tampa's primary ABC affiliate prior to 1994?
6105	In which regions in particular did Genghis Khan's armies massacre civilians?
6107	Which other empires or dynasties did Genghis Khan conquer?
6133	Which foreign forces often meddled in the Mongolian political scene?
6145	What is an anda?
6249	Which's of Genghis Khan's successors could not be successor because of his age?
6272	What two other rulers had their graves hidden under a river?
6278	Who is an example of the diversity of leadership in the Mongol Empire?
6282	What are examples of the various religions of Mongol tribes?
6299	How were enemy prisoners used tactically by Mongol armies?
6318	What is the Mongolian name of the first Mongolian laws codified in writing?
6341	Jenggis is the adjectival form of what word?
6352	What else was used by pharmas?
6355	What type of treatment are pharmacists important for?
6357	What types of preparation do pharmacists have?
6360	What is a main duty of the GPhC?
6362	What types of responsibilities might a pharmacy technician have?
6363	What is Pedanius Dioscorides known for?
6368	How were the men who did tasks like those of today's pharmacists viewed in Japan in the Asuka and Nara periods?
6370	What put a hierarchical structure in place?
6374	Who was influential in promoting the use of chemical compounds as medicines?
6376	Who wrote about the distillation of drinking water from sea water?
6383	What is the dispensary subject to in a majority of countries?
6387	What does pharmacy legislation mandate?
6388	Where do pharmacists acquire more preparation following pharmacy school?
6390	What is one issue that adds to the complexity of a pharmacist's job?
6393	In what form are most hospital medications?
6395	What is one factor that increases the importance of the pharmacy performing at a high level?
6396	What are some advantages of hospital pharmacies?
6397	What do the services given by pharmacists provide?
6403	What is involved in a review of prescribed medications?
6404	What are the components of drug therapy?
6410	What entities are included in the federal health care system?
6411	What is consultant pharmacy mainly concerned with?
6415	What do some community pharmacies do?
6425	What do most online pharmacies do?
6427	What conditions must be met for a prescription for a controlled substance to be valid?
6429	What conditions must be met to prescribe a controlled substance?
6430	What is the obligation of a pharmacy filling a prescription?
6431	Who defines what constitutes a patient-doctor relationship?
6433	What is a reason for the movement to legalize importing medicines from other countries?
6435	Who are FDA laws against importing medications aimed at?
6436	Has there ever been anyone charged with importing drugs from Canada for personal medicinal use?
6437	What is there a push for in the U.S. to reduce consumer drug costs?
6444	How many drugs approved by the FDA in 2013 were specialty drugs?
6449	Who do most jurisdictions say can give scheduled drugs to the public?
6451	What is the estimate of how many physicians give out drugs on their own?
6452	What are pharmacists forbidden to do?
6454	Where are some physicians permitted to prescribe and give out medications within their practices?
6457	Why is majority rule used?
6458	Why might a physician diagnose a large number of conditions?
6459	What do rules about conflict of interest involving doctors diagnosing patients resemble?
6460	How else might a physician take advantage of self-interest?
6461	Where might the doctor's self-interest be at odds with the patient's self-interest?
6463	What responsibilities are pharmacists believed to be taking on more in the future?
6464	What is included in Medication Therapy Management?
6466	What are outcomes expected with Medication Therapy Management?
6473	What symbol was employed until early in the 20th century?
6477	What is the immune system?
6479	What are two of its subsystems?
6481	What is the immune system?
6483	What are two of its subsystems?
6490	What are the two different types of immunity?
6492	How do pathogens avoid detection?
6501	When does immunodeficiency occur?
6509	What even is the earliest known reference to immunity?
6516	When was the first known historical reference to immunity?
6538	What are the anitmicrobial peptides secreted by the skin called?
6543	What serves as a biological barrier by competing for space and food in the GI tract?
6548	What causes the symptoms of inflammation?
6556	Phagocytosis first evolved as means of doing what?
6559	What percentage of leukocytes do neutrophils represent?
6565	What are three kinds of phagocytes?
6585	What toxin induces apoptosis in the target cell?
6592	Gamma delta T cells share the characteristics of what other types of T cells?
6594	What type of T cells help with both innnate and adaptive immunity?
6595	Gamma delta T cells rearrange TCR genes to produce what?
6596	What kind of human T cells respond to common molecules produced by microbes?
6608	Hormones can alter the sensitivity of the immune system, so they can be referred to as what?
6612	What is a protein that is closely intertwined with circadian rhythms?
6615	What is partially responsible for weakened immune response in older individuals?
6633	In what two age groups is the strength of the immune system reduced?
6635	What are some causes of reduced immune function in developed countries?
6643	In a type III secretion system, proteins are transported to the host cell in order to do what?
6644	The success of pathogens is predicated on their ability to do what?
6650	Low doses of anti-inflammatories are sometimes used with what classes of drugs?
6653	What are examples of differentiated effector cells that peak during wake periods?
6659	What is the nature of the relationship between T-cells and vitamin D?
6674	What were the two main theories of immunity at the end of the 19th century?
6702	At what size and larger can drugs elicit a neutralizing immune response?
6707	Drop in the blood levels of cortisol and epinephrine results in increase levels of what hormones?
6729	What is Creon trying to stop Antigone from doing in the play?
6733	What was the protest in Antigone about?
6736	His poem is considered the first kind of what type of protest?
6742	What was the principle shown in The Mark of Anarchy?
6751	How has civil disobedience evolved in current times?
6752	Who gave a negative connotation to civil disobedience in recent history?
6753	What issue has been plaguing the civil disobedience movement.
6756	Le grand asks for a variance of what three terms?
6758	Le grand concludes that an author's words offer only what they intended for them to imply regarding this type of terminology?
6761	What issue plagues the literature about civil disobedience?
6767	When would a person be considered to be excising a constitutional impasse?
6768	Constitutional impasse is distinct from what key term?
6789	What reason is given that you should also protest public companies?
6792	If law breaking is not done in a public manor it is not considered what term?
6798	What is necessary to disobey?
6804	What other terminology is considered much more destructive?
6811	What is it called when there is an active attempt to overthrow a government or belief system?
6815	What other topics can Civil disobedience pertain to?
6822	What did the Jewish people do so pagan items wouldn't be in the temple of Jerusalem?
6825	When was Thoreau's essay published?
6835	What was the outcome of living in the California Redwood tree?
6838	Such protests are usually considered to be what type?
6839	What type of goals are usually done skirting the law?
6842	What did Joseph Haas say in his email?
6846	What is one criminal behavior that is hard to stop by authorities?
6847	What is one way to use pure speech to reach as much people as possible to protest?
6852	Name the other way that the Plowshares organization temporarily closed?
6856	What side effect of these type of protests is unfortunate?
6857	What goal do many of these protests have?
6860	What is a way you can show police officers civil disobedience ?
6861	What should be avoided when talking to authorities?
6862	What reasons cause failure of the disobedience with authorities?
6865	Why is the need for acceptance of punishment needed?
6868	Anarchists do not want to accept punishment for what reason?
6874	Where in Las Vegas did a famous protest take place?
6881	What is the most important item for civil disobedience to follow through?
6882	Why should one not go to jail?
6887	Which famous Indian took a plea and put himself at the mercy of the courts?
6888	What way do some people perform civil disobedience in a constructive way?
6889	Why would one want to give a speech?
6891	Why would one want to give more punishment?
6895	What would someone who is civilly disobedient do in court?
6901	Why should someone not commit a crime when they are protesting?
6902	For what reason would someone avoid crimes while protesting?
6904	When the law is a direct target of the protest, what is this called?
6907	Why are people who distribute leaflets inside courthouses not been arrested?
6909	What should be the main goal of not using punishment in a just system?
6910	Who decides the fate of protesters most of the time?
6911	What should the punishment rely on instead in a just society?
6914	What percentile of gross domestic product is construction comprised of?
6915	What three things are needed for construction to take place?
6916	Construction takes place on location for who?
6918	Who normally supervises a construction job?
6921	Zoning requirements, environmental impact, budgeting, and logistics are things who should consider?
6924	Infrastructure is often called what?
6927	What is Engineering News-Record?
6931	What are the three construction subsectors?
6932	There are other categories for what?
6934	What are construction managers?
6936	The majority of building construction jobs are what?
6938	What are some examples of undesirable end results of a project?
6939	What do those in the field do to ensure a positive outcome?
6941	What generally dictates the construction materials used?
6948	A formal design team may be assembled to do what?
6949	Construction involves the translation of what?
6952	The owner typically awards a contract to who?
6953	The modern trend in design is toward integration of what?
6959	Many construction companies are now placing more emphasis on what?
6960	What can construction projects suffer from?
6961	What is an underbid?
6962	When do cash flow problems exist?
6965	The presence of who is highly likely even in small projects?
6967	Cost overruns with government projects have occurred when the contractor did what?
6968	Who applies expertise to relate the work and materials involved to a proper valuation?
6969	What must a project adhere to?
6971	What is malum in se considerations?
6972	What are malum prohibitum considerations?
6976	What does the time element in construction mean?
6978	What leads to confusion and collapse?
6979	A growing number of new forms of procurement involves what?
6980	What is PPP?
6981	What is a PPP also known as?
6985	There are direct contractual links between who?
6987	The procedure continues until what?
6989	Who presents different ideas about how to accomplish goals?
6991	Who is usually working together?
6992	What happens as they build phase 1?
6995	What are some existing facilities?
6998	What is the annual construction industry revenue in 2014?
6999	How much revenue is private?
7000	How many firms were existing in 2005?
7001	The average contractor hired how many employees?
7004	What is the average construction salary in the UK?
7005	Where have some workers made more than $100,000?
7008	What are other major fatality causes?
7013	What right do private schools have that public schools don't?
7014	What is the yearly cost of some notable prep schools in New England?
7019	What is another term used for year 13?
7037	In 1992, what percentage of East German students attended private schools?
7052	What is the purpose of the ASER?
7055	How do private schools in Ireland differ from most?
7064	What is a term for schools that receive government assistance?
7065	How are 'un-aided' schools different from 'aided' schools?
7066	Where is Galaxy Public School located?
7082	In what month and year was the revised Manual of Regulations for Private Schools released?
7085	What stipend do students enrolled in priority courses receive?
7086	What aid is available to underprivileged students seeking to attend a private university?
7087	What South African law recognized two types of schools?
7102	What percentage of British children are educated at GSCE level in fee-paying schools?
7119	About how much did a New York City day school cost annually in 2012?
7120	What would a parent have to pay to send their child to a boarding school in 2012?
7123	What individual is the school named after?
7125	What was the name of the leader through the Great Depression and World War II?
7129	How many individual libraries make up the main school library?
7130	How many volumes are contained in the library?
7139	What organization arranged to founding of school?
7144	After what higher learning model was the school designed?
7154	From whom were the movement that Eliot followed derived?
7155	Who lead the school back to leading research institution in 2oth century?
7156	How was the school able to bring aboard the best talented students?
7157	In what year of 20th century, did Harvard release an important document about education in America?
7158	What was the ratio of men to women at Harvard/Radcliffe?
7162	How many residential dorms house upper class, sophomore, Jr, and Sr students?
7163	Along what geographic feature are nine residential houses located?
7166	What is the name of the bridge that joins parts of the campus of the Charles River?
7169	What are some proposals to connect campuses?
7170	What additional benefits are there to surrounding community of expansion?
7171	What is the total number of professors, instructors, and lecturers at Harvard?
7178	What project did Harvard halt due to the financial crisis?
7179	What are Harvard's Pell grant reserves?
7184	What is the applicant admission rate for class of 2019?
7186	Why did Harvard end its early admission program?
7189	Post 2008 undergraduate students are required to complete how many general education classes towards degree?
7190	What criticism in NY times article that impacts the quality of Education at Harvard?
7191	What is the duration of Harvard Academic year?
7195	What is tuition for 2012 - 13 year at Harvard?
7196	What is the total cost of attendance in 2012-13?
7202	Where are America's oldest collection of maps, gazettes, and atlases housed?
7210	How many intercollegiate sports does Harvard compete in NCAA division I
7225	What Columbia President went to Harvard?
7228	What tv host and writer went to Harvard?
7248	What are those from Jacksonville sometimes called?
7251	What civilization did the pottery belong to?
7252	What is the 16th century known as the start of?
7260	Soon after gaining Florida, what did the English do?
7265	What was the name of the battle that marked the first Confederate win in Florida?
7272	What drew would-be Jacksonville tourists to other Florida destinations?
7276	In the wake of the Jacksonville fire, what did the Florida Governor do?
7278	Who was drawn to Jacksonville in the 1910s?
7287	What was the cause for the issues with city funding?
7288	In what part of the city did residents suffer from a lack of city services?
7291	How were most city officials elected in the 1960s?
7293	What political group began to gain support following the corruption scandal?
7294	What spurred increased support for government reform?
7295	What was the result of the 1967 referendum?
7298	What was the name of the approved measure that helped cover the cost of major city projects?
7299	How did the Better Jacksonville Plan generate money?
7305	What distinction does the Bank of America Tower hold?
7306	The Bank of America Tower was previously known as what?
7307	How tall is the Bank of America Tower?
7309	What makes the Wells Fargo Center stand out?
7311	When does rain typically fall in Jacksonville?
7314	What is Jacksonville's hottest recorded temperature?
7333	In order to be considered in the top percentile, a person would need to amass how much money each year?
7334	What has caused Oxfam's findings to be questioned?
7338	How much was the combined wealth of the "10 Million dollar millionaires" in 2008?
7340	Why are there more poor people in the United States and Europe than China?
7347	What may explain why some Americans who've become rich may have had a head start?
7350	What philosophy of thought  addresses wealth inequality?
7351	What is income inequality attributed to?
7352	What impacts distribution of wealth when evaluating labor?
7353	What is the term that describes the difference between what higher paid and lower paid professionals earn?
7354	How is income determined in a market with variously skilled workers?
7355	What did Neoclassical economics view the inequality in the distribution of income as being from?
7356	What is distribution of income from labor due to the differences of?
7357	What does the marginal value added by an economic actor determine?
7358	What are examples of economic actors?
7359	In a market economy, what is inequality a reflection of?
7360	What pushes businesses to increase pressures on workers?
7361	What impact does workers working harder have on productivity of a business?
7363	What impact does higher worker productivity and leveled pay have on higher earners?
7365	Why do firms substitute equipment for workers?
7366	What trend increases the organic composition of capital over the long term?
7371	What happens when business underpays their workers?
7372	How do competing businesses attract workers?
7378	What type of outcomes can even stable markets lead to?
7380	When there are many workers competing for a few jobs its considered as what?
7382	What can lead to higher wages for members of labor organizations?
7383	Who works to get workers higher compensation?
7389	What increases with the increase of income inequality?
7390	Survivial is at the heart of what concept for workers?
7392	What type of motivators are achievement and self determination considered?
7396	Survival needs such as income for food and shelter motivates what type of entrepreneurship?
7397	What motivation is opportunity-based entrepreneurship driven by?
7401	What can work to even the distribution of wealth?
7415	What does lack of education lead directly to?
7417	What did Standard & Poor recommend to speed economy recovery?
7418	How much potential economic growth could the United States amass if everyone went through more schooling?
7419	What is the United States at risk for because of the recession of 2008?
7422	When the recovery between the widening gap between the richest citizens and rest of the nation slow?
7423	What did S&P recommend to somewhat remedy the wealth gap?
7424	If the average U.S. worker were to complete an additional year of school, what amount of growth would be generated over 5 years?
7426	When did the high school education movement occur?
7427	What impact did the high school education movement have on the presence of skilled workers?
7430	What contributed to the decreased inequality between trained and untrained workers?
7431	When was the mass high school education movement?
7432	What did the increase in skilled workers lead to?
7433	How did the education during the high school education movement differ from the subsequent high school education?
7435	What can result in creating a poverty trap?
7437	Which set of countries have higher economic mobility than the United States?
7439	Under which policy are labor unions encouraged?
7441	What does the U.S. economic and social model have substantial levels of?
7446	What do weak labor movement correlate with?
7447	What has had a negative impact on the labor markets in the US?
7448	What has presented problems to the US economy more than other nations?
7449	What is the profession of Jake Rosenfield?
7451	What does Rosenfield feel plays the most significant role in expanding the income gap?
7453	What does high inequality go hand-in-hand with?
7455	What effect does trade with richer countries have on the workers in poorer countries?
7456	What has a bigger impact on the United States' economy more than trade?
7464	What is the gender income inequality in Bahrain?
7465	What is attributed to the income inequality in the United States?
7470	Who is the author of the book, "Knowledge and Decisions"?
7478	What does a country acquire as it develops?
7489	What may be possible for multiple Kuznets' cycles to be in at any given time?
7493	What tends to lead to more money?
7495	Who is best able to leverage the accumulation of wealth?
7498	What do larger fortunes generate?
7499	What forces should serve as a brake on wealth concentration?
7501	What type of skills does the market bid up compensation for?
7510	What is the most important problem in the United States and elsewhere?
7518	Health problems were lower in places with higher levels of what?
7519	What did higher material living standards lead to for most of human history?
7520	Where does the pattern of higher income-longer lives still hold true?
7522	Who lives no longer on average than Greeks and New Zealanders?
7528	What does child well-being in rich countries correlate most to?
7530	What is almost identical across all nations and jurisdictions?
7535	An adobe that provides less utility to one person than another is an example of reduced what?
7536	A dollar spent by a poor person is likely to provide what for them?
7538	What will a society with more equality have?
7542	Who wrote "The Hidden Prosperity of the Poor"?
7545	What does Rajan feel has created deep financial fault lines?
7546	What is the most recent example of financial fault lines?
7547	What does political pressure push to extend to compensate for stagnating purchasing power?
7548	What has given the American economy a tendency to go "from bubble to bubble"?
7550	What do high levels of inequality  prevent beyond economic prosperity?
7554	What do David Castlles-Quintana and Vicente Royuela do for a living?
7557	Why does unemployment harm growth?
7558	Policies which try to control unemployment support economic growth because they reduce what?
7563	What has become the secret to economic growth?
7566	What did a 1996 study by Perotti examine?
7568	What do extremely unequal societies tend to be?
7573	When was a study conducted of Swedish counties?
7580	According to a 1955 review, what were savings by the wealthy thought to offset?
7581	What does a 2013 report on Nigeria suggest it's growth has done?
7590	How is unregistered property held in informal form?
7591	Excessive bureaucratic red tape is one of the reasons for what type of ownership?
7592	In some countries over how many steps can it take to build on government land?
7593	What can it sometimes take up to 14 years to get permission to build on?
7595	What decreased in number between 1984 and 1991?
7596	Why did the demand for rentals decrease?
7598	What combined with ricing prices to make it difficult or impossible for poor people to keep pace?
7599	How are the certain costs which are difficult to avoid shared?
7601	What is the term when middle income earners aspire to obtain the same standards of living as people wealthier than themselves?
7602	What is one method of achieving aspirational consumption?
7603	When people take on debt, it leads potentially to what?
7607	How could human inequality be addressed without resulting in an increase of environmental damage?
7609	What does private ownership create a situation of?
7610	What type of income is the vast majority of the population dependent on?
7612	What would income differentials be if individual contributions were relevant to the social product?
7617	When are inequalities in wealth justified, according to John Rawls?
7620	What is the goal of the capabilities approach?
7621	How would the capabilities approach achieve it's goal?
7622	What is the definition of agency as it relates to capabilities?
7623	What happens when a person's capabilities aer lowered, as it relates to their income?
7624	What can and old, ill man not do?
7625	What issues may prevent women from working outside the home or receiving education?
7626	Why would rampant violence prevent people from going to work?
7627	What can people work towards if they aren't denied their functionings, capabilities and agency?
7641	When does Doctor Who transition to a new body?
7642	In addition to a new body, what else changes about the Doctor?
7644	What vehicle did Doctor Who use for his escape from Gallifrey?
7647	Why does Doctor Who's TARDIS always look the same?
7650	What does Doctor Who do when his body is mortally damaged?
7654	What creatures were the most popular monsters in the series?
7656	Who wrote The Mutants?
7659	Who ended the series in 1989?
7660	What documentary was shown about Doctor Who?
7676	Name two series that have been reboots rather than plot continuations.
7677	What other series mentioned returned with a plot continuation?
7679	How long was the broadcast delay the first time the series premiered?
7680	Who long was the broadcast delay claimed to be the first time the series premiered?
7681	What major event U.S. occurred that made the BBC delay the broadcast?
7683	What popular phrase is associated with the Doctor Who series?
7684	Who put on a Doctor Who exhibition in 1991?
7685	What was the name of the 1991 Doctor Who exhibition?
7686	What did people vote the Doctor Who series as in a 2011 online vote?
7687	Who conducted the 2011 online vote?
7689	How many of the survey respondents considered Doctor Who very unsuitable for family viewing?
7690	What journalist wrote an article defending Doctor Who?
7691	In his defense of Doctor Who, what did Philip Howard compare to the London property market?
7692	What publication did Philip Howard work for?
7693	What image has become linked to Doctor Who?
7702	What was the focus of Season 20 of Doctor Who?
7706	Which episode in 2008 was over an hour long?
7708	How many Doctor Who episodes have been shown, in total?
7709	What is the most common length of Doctor Who episodes?
7710	How many Doctor Who Christmas Specials have been shown?
7717	What years saw the most loss of old shows in the BBC archives?
7718	How did other countries have copies of the show?
7721	What type of film were excerpts from the show film on?
7726	What animation company worked on some of The Reign of Terror episodes?
7728	What term is used to explain a change in the appearance of Doctor Who?
7729	When was the term "regeneration" first used?
7730	What first prompted the regeneration concept?
7732	What term was used for the second regeneration?
7739	What was the name of the 50th Anniversary show?
7746	In which episode does the First Doctor see himself?
7748	Which three doctors were in The Sirens of Time?
7749	What special audio recording was released for the 40th anniversary?
7750	Which Doctors were featured in The Four Doctors?
7751	Which Doctors were in Project: Lazarus?
7753	In what episode does the "Fall of the Eleventh" happen?
7762	In what episode did Doctor Who acknowledge having had a brother?
7763	What type of creature is usually Doctor Who's companion?
7766	What was the occupation of Doctor Who's other (non-related) companions?
7767	What was the name of the character known as the Time Lady?
7770	Who was the first Doctor to travel with a married couple?
7775	What icons were reintroduced in series 2 of the revival show?
7776	In what series was the Master reintroduced?
7777	Who was reintroduced for the 50th Anniversary special?
7778	Who are the oldest villains from the Doctor Who series?
7780	What is the primary mission of the Daleks?
7782	What is the Daleks' main weakness?
7783	Who is the archenemy of Doctor Who?
7786	What literary reference compares the Master to Doctor Who?
7790	In what year did the Master reincarnate into a female body?
7791	What is the nickname of the female Master?
7792	What actress plays the female Master?
7795	What kind of techniques were used to create the theme?
7797	Upon hearing the final product, what was the creator quoted as saying?
7803	What was the name of the 2007 Christmas special?
7805	Which series version had a negative reception from some Doctor Who viewers?
7806	How high did the Doctor Who theme go on the radio charts?
7810	How high on the charts did the Mankind version of the theme go?
7815	In what decades was Dudley Simpson most active in contributing to Doctor Who?
7817	In what episode did Dudley Simpson play a music conductor?
7819	Who performed a benefit concert for the charity Children in Need?
7820	When was a Doctor Who Prom performed?
7823	How many Doctor Who soundtracks have been released since 2005?
7825	What music did the fourth soundtrack feature?
7827	When was the soundtrack for series 5 released?
7829	Which logo had the DW Tardis insignia removed?
7830	What logo is used for all merchandise that features past Doctors?
7831	Which logo was used for the third Doctor Who's last season?
7838	When was Doctor Who viewing at its highest level?
7839	What was the main reason for the show's suspension in 1989?
7840	Fans blame the poor viewership of the late 80's to competition from what show?
7841	How popular was Coronation Street in the late 80's?
7844	What country showed all three episodes of Silver Nemesis before the BBC did?
7845	In what area did the 1996 television film premier?
7851	What did ABC do that was special in 2003?
7853	What year did TVOntario start showing Doctor Who episodes?
7854	What was the first Doctor Who show that TVOntario ran?
7855	What Canadian cable station started showing Doctor Who in 2009?
7856	Which Doctor Who show was cancelled because it was considered racist?
7858	Who taped video intros for Doctor Who shows in Canada, that included a trivia question?
7861	On what date was series two first shown by the CBC?
7863	What countries are the Doctor Who DVDs available to purchase?
7864	What shows were released on Laserdisc?
7865	What is the only episode released on VCD?
7867	What series years are available on Blu-ray?
7868	Who played Doctor Who on stage in the 70's?
7870	What Doctor Who was written without Doctor Who in it?
7871	What was the name of the play performed in the 1970's?
7874	When did Torchwood premier?
7877	Was is the name of the Torchwood series that was mostly based in the US?
7879	When did the Sarah Jane series begin?
7882	Why did the series end in 2011?
7883	What special was created for the show's 30th anniversary?
7884	What charity benefited from the 30th anniversary show?
7886	What type of lenses were needed to see the 3D effects in Dimension in Time?
7888	What was the name of the Doctor Who special created for Comic Relief?
7893	What Star Trek episode has a nod to Doctor Who?
7896	What character on Coupling is a Doctor Who fan?
7897	Which fantasy books have references to Doctor Who?
7900	What was the name of the first Doctor Who story released as an LP?
7901	In what year was the first Doctor Who audiobook released?
7903	Which Doctors were highlighted on the first audio releases on CD?
7907	When did the Fourth Doctor appear on CD?
7909	When were the earliest Doctor Who books available?
7910	How long has the Doctor Who Magazine been in circulation?
7911	Who is the publisher of the Doctor Who Adventures magazine?
7913	When was Doctor Who created?
7914	What company created Doctor Who?
7915	Who has expressed distaste for the canonicity of Doctor Who stories by other media?
7918	What years did Doctor Who win five consecutive awards?
7920	What Doctor Who actress was nominated for an award in 2016?
7925	What year did Doctor Who win a Peabody award?
7929	What spot does Doctor Who hold in the 100 Greatest British TV Programs of the 20th Century?
7931	What rank does Doctor Who hold in a list of the 100 Greatest Kids' TV Shows?
7932	What was the most revered award that Doctor Who has won?
7933	How many BAFTA TV awards has Doctor Who won?
7934	How many BAFTA Cymru Awards has Doctor Who received?
7935	In what year was Doctor Who rated the third greatest show of the 2000's?
7936	A Doctor Who show featuring Vincent Van Gogh was recognized by what award?
7937	How many times has Doctor Who won the Hugo for Best Dramatic Presentation?
7939	How many awards has Doctor Who won?
7940	What Doctor Who actor won a Best Actor award in 2012?
7943	Who often plays the Fourth Doctor in comedy parodies?
7944	What weapon does Spike Milligan use against a Dalek?
7947	What kind of university is the University of Chicago?
7949	How many professional schools does the University of Chicago have?
7951	How many students does the University of Chicago have enlisted?
7953	Who helped develop the first man-made self-sustaining nuclear reaction?
7956	In what year will the Barack Obama Presidential Center be finished?
7958	What person helped establish the school with a donation?
7963	Who helped pay for the university's first building structure?
7964	What was the name of the first building built on campus grounds?
7967	In 1890, who did the university decide to team up with?
7969	The university agreed to grant a degree to any graduate of affiliate schoos that did what?
7972	Who was the university's 5th president?
7974	Why did the 5th president of the university decide to get rid of the football program?
7975	How long did the 5th president's tenure last?
7977	In what year did the university first see a drop in applications?
7978	Why did the university see a drop in applicants?
7979	When were Shimer College students allowed to transfer to the University of Chicago?
7981	What did the early entrant program do for potential students?
7982	In what year did student decide to occupy the president's office?
7983	What made the student decide to occupy the president's office in protest?
7985	How many pages was the Kalven Report statement?
7986	What policy did the Kelven Report contain?
7987	When did the university decide to start multimillion-dollar expansion projects?
7988	What institute did the university announced to everyone in 2008?
7989	How much did the Milton Friedman Institute roughly cost?
7990	What buildings held the Milton Friedman Institute?
7992	What are the first buildings the university built knows as today?
7995	The Mitchell Tower is designed to look like what Oxford tower?
7998	Who was assigned to design a second master plan?
8000	What public policy school found it's home in the building that Ludwig Mies van der Rohe designed?
8002	What other locations can the Booth School of Business be found?
8006	What year did the university open a center in Hong Kong?
8008	How many people belong to the university's Board of Trustees?
8010	What is the name of the Chairman of the Board of Trustees?
8011	Who took Isaacs place as Provost in 2016?
8018	What division offers more then one branch of studies that don't fit in with the other four?
8020	During 2012-2013, how many student were able to take the Core classes at a single time?
8021	UChicago claims to have what kind of learning experience compared to other universities?
8022	What guide states the Univeristy of Chicago is known for their heavy workload and academic difficulty?
8024	What is the name of the residential treatment program the university runs?
8026	What does the Urban Education Institute help run?
8027	Where is the Hyde Park Day School located?
8028	The University of Chicago Library system has how many libraries in total?
8030	What is the name given to the university's main library?
8032	How many volumes does the John Crerar Library roughly hold?
8033	How many research institutes does the university run on campus?
8034	How many research centers does the university run on campus?
8038	What role in economics did the university play a major part in?
8044	When did the university start having a bachelor's degree program in Cinema & Media studies?
8045	When did the university start having a bachelor's degree program in theater & performance studies?
8046	Around roughly how many students enroll yearly in creative and performing arts classes?
8047	In the fall quarter of 2014, how many students signed up for the college?
8050	In the fall quarter of 2014, how many students signed up for the university's  in total?
8052	The Maroons are apart of what association?
8053	The Maroons compete in what league division?
8054	The university was a founding force behind what conference?
8056	Why did the university eventually leave the conference?
8057	Roughly how many clubs are ran at the university?
8058	What is the name of the organization in charge of running the clubs at the university?
8059	What club won 118 tournaments and 15 national championships?
8061	What is the name of the student improvisational theater troupe?
8062	Who makes up the Student Government?
8063	Who leads the Student Government?
8065	Roughly how much is the Student Government's budget?
8066	How many fraternities are apart of the university?
8070	How many fraternities form the University of Chicago Interfraternity Council?
8072	In what year did the scavenger hunt begin?
8073	What does FOTA stand for?
8074	What is the name of the winter festival held in January that is based on fitness?
8075	What is the name of the university's summer festival?
8083	What alumni was also an Attorney General and a federal judge?
8085	What prohibition agent was also an alumni at the university?
8086	What alumni wrote "The Closing of the American Mind"?
8088	What alumni member also write the bestseller Before I Fall?
8089	What alumni wrote "The Good War"?
8092	What is the name of the Bungie Inc. founder who is also a university graduate?
8094	What American actor is also a university graduate?
8095	What comedian is also a university graduate?
8098	What popular environmentalist is also a university alumni member?
8102	What British Prime minister advisor is also a university alumni member?
8105	What anthropologists are also university alumni members?
8107	What conservative international relations scholar is also a university alumni?
8114	What mathematician was also apart of the university's faculty?
8117	What cancer researchers were also apart of the university's faculty?
8120	What Shakespeare scholar is currently on the university's faculty?
8121	What well known political scientists are currently on the university's faculty?
8122	What paleontologists are currently on the university's faculty?
8141	What was Kublai Khan's relation to Ogedei Khan?
8164	Who would have been the lowest-ranked class?
8174	Where did the Grand Canal start?
8183	When did Kublai attack Xiangyang?
8188	What interfered with Kublai's second invasion of Japan?
8203	When was Geegen the emperor?
8205	What did 'Da Yuan Tong Zhi' mean?
8206	How many rival princes were involved in assassinating Gegeen?
8225	What were the Yuan armies too weak to stop?
8245	How did some suspect that Polo learned about China instead of by actually visiting it?
8247	How accurate did Guo make the reformed lunisolar calendar?
8256	What cultures were part of Kublai's administration?
8262	When had the Six Ministries existed?
8263	Who were exempt from the Ministry of Justice?
8266	Which languages used the Phags-pa script?
8268	The mother of which emperor was a concubine?
8286	What type of math was advanced during the Yuan?
8288	What did Guo Shoujing do for calendars?
8289	What did Gou use for astronomy?
8290	What was the Chinese name of Gou's calendar?
8291	What was the English name of Gou's calendar?
8297	Why did Confucians like the medical field?
8300	How did Chinese medicine spread?
8301	What techniques did Chinese medicine include?
8303	What was huihui?
8304	Who founded the Office of Western Medicine?
8305	When was the Office of Western Medicine founded?
8306	What aspect of Western medicine did the Chinese dislike?
8312	When was the Imperial Library Directorate established?
8314	What were chao made out of?
8326	What types of work did the Han do in Central Asia?
8327	Who was made Governor of Samarqand?
8331	What was the second meaning of a Chinese word for 'barracks'?
8335	There were many Chinese with what unexpected status?
8336	There were many Mongols with what unexpected status?
8348	Where was the Central Secretariat based?
8358	What mountain has snow on it all year round?
8359	What regions do the north-eastern part of the country boarder?
8360	What is Kenya known for?
8363	Where is 97% of the population located?
8367	What words to they think are linked to the work Kenya?
8370	What do some believe about this pronunciation?
8376	When does the annual animal migration occur?
8377	How far do the wildebeest migrate searching for food and water?
8384	What is the name of the port city that was created?
8386	Where do many merchants and explorers go?
8387	What is an important Swahili settlement along the coast?
8390	What two governors agreed to a truce to protect their young colonies?
8391	Who was in command of the German military forces?
8396	How did the settlers protect their interests?
8399	What did this help accomplish?
8400	When did Operation Anvil open?
8402	What was the most important governmental change to land tenure?
8412	What titles are the President given?
8414	Who is in control of legislative power?
8419	How does Kenya curb coruption?
8424	What did the government and civil society organisations start after the riots?
8425	What group initiated the community dialogues?
8426	What group started peace meetings?
8427	What was started after these new programs were in place?
8430	Where did the president appoint cabinet members from?
8431	How was it determined how many from each camp would be appointed?
8432	How long would this coalition last?
8433	What will the Prime Minister have power over?
8434	Who brought together the former rivals at the signing ceremony?
8435	Where was the signing held?
8436	When did representatives start working on the finer details of the deal?
8437	What was the goal of the grand coalition?
8438	What constitutional change was considered?
8439	When was a vote help to ratify the change to the constitution?
8440	What else did the new consitution change?
8444	Why was this bill nessecary?
8445	Who criticised the security bill?
8446	Why did so many not approve of the bill?
8448	What was the result of the 2007 election?
8450	Where did Kenyatta visit at the invitation of the President?
8455	What other forces were tainted by corruption allegations?
8456	Why has the corruption not be in the public view?
8457	What were the claims of corruption in the armed forces?
8458	What else was publically questioned?
8461	How much does 17.7% of the population live on a day?
8465	What is the smalled work force sector?
8467	How much does the services sector contribute to GDP?
8470	What attracts the tourists to Kenya?
8471	Where is the largest number of tourist coming from?
8477	Why did they teach them to grow peas?
8478	How did the project encourage the commercialisation of legumes?
8480	What has the increase of prices caused?
8481	Where is the most successful agricultural prodcution regions?
8482	What is grown in the fertile highlands?
8483	Where does the livestock of the country normally dominate?
8484	What percent live below the povertly line?
8485	What program did Red Cross put together in 2011?
8486	What country is the most industrially developed country in the African Great Lakes Region?
8487	How much of GDP does manufactoriing account for?
8489	What does the sector known as Jua Kali engage in?
8490	What has given a boost to manufacturing in recent years?
8493	Where are these dams located?
8498	How much does petroleum account for of the national import bill?
8499	How much is China's investment in Kenya?
8500	What does China's investment mean for Kenya?
8501	What did the Kenyan business people hope for when meeting with the Chinese?
8502	Where did the first shipment of minerals ship from?
8503	What has caused China to suspend their railway project?
8505	What is Vision 2030?
8506	What was their first plan that was launched?
8507	Why did Vision 2030 add the NCCAP?
8508	What will ensure and create the framework for the Action Plan to work?
8512	What are some of the causes of child labor?
8514	What are the two official languages?
8515	Where is English spoken the most?
8519	How many followers does The Presbyterian Church of East Africa have?
8520	Where is the only Jewish synagogue located?
8524	How much of the population is Hindu?
8526	Who sees a patient after a nurse can not help anymore?
8529	What directly correlates with the country's economic performance and wealth distribution?
8531	What are the biggest burdens?
8533	How many cases of malaria did Kenya report in 2006?
8534	Who introduced the first system of education?
8536	What was formed to introduce changes that would reflect the nation's sovereignty?
8538	What system was adopted for education?
8539	What was the Presidential Working Party on the Second University commissioned to do?
8540	What did they want the educational system to be?
8541	What is the edcuation system currently?
8542	When did the last batch of students that followed the former system graudate?
8543	When was the 8-4-4 system launched?
8544	What was the emphasis focuses on?
8545	Why were vocational subjects most important?
8549	What is the break down of years at different level of education?
8550	What do students do after primary school?
8551	What can students that complete high school have opportunites to do?
8554	What is preschool required for?
8555	What does the KCPE determine?
8556	What is the exam at the end of Form Four?
8557	Who leads the National and Public Library Servies?
8558	What is the KNLS responsible for?
8559	What is the public library seen as to Kenyans?
8560	Why is the public library known as a people's university?
8562	What is the country known for?
8569	Why do these defections occur?
8573	Who is the current captian of the cricket team?
8574	When was the suspension by FIFA lifted?
8575	What is Kenya the home of?
8576	What is the Safair Rally known as?
8579	What time do they normally have tea?
8580	What are some normal breakfast foods?
8581	What is normally eaten for lunch and supper?
8584	What does the UN want to stabilize?
8595	How much of the IPCC attendees are government representatives?
8597	Who started the IPCC Trust Fund?
8599	What rules does the IPCC have to follow?
8602	Where do IPCC reports get their information?
8603	What is 'grey literature'?
8609	Who do coordinating lead authors report to?
8611	What do increased greenhouse gases cause?
8614	How much has global mean surface air temperature changed in the last century?
8619	How much did the statement predict global surface temperature would increase by 2100?
8623	What was Houghton's role?
8628	Why were the 2011 Special Reports issued?
8631	Levels of what things are used to determine emission factors?
8635	What was the source of the mistake?
8636	What report had the correct date?
8638	What direction did Watson say the mistake went in?
8640	What was the topic of the error?
8641	What was the verdict on other alleged errors?
8646	What range of years was the current warming compared to?
8648	Where did Singer hold a press conference in May 2000?
8650	What Senate committee did Singer speak to in July 2000?
8658	How many Medieval Warm Period reconstructions covered 1,000+ years?
8667	How much do researchers now think sea levels will rise from 1990 to 2100?
8669	What role did Michael Oppenheimer have in the IPCC's reports?
8670	Who published the State of the Planet 2008-2009 report?
8671	What approach did Oppenheimer advocate?
8674	Whose goals often still oppose the IPCC?
8676	What remain unsolved problems with the Kyoto Protocol?
8677	What conflicts did the ozone mitigation reduce?
8679	What does the IPCC rely on for research?
8683	Where was the Feb 2010 call for change published?
8684	What was one proposal to let the IPCC respond to new evidence faster?
8703	What does 'gram-negative' mean?
8710	What happened when cyanobacteria was assimilated?
8713	What does rhodophyte mean?
8715	Which lineage includes land plants?
8723	What makes red algae red?
8724	What is the benefit of red algae being red?
8725	What is floridean?
8727	Why aren't some forms of Hæmatococcus pluvialis green?
8733	What was the secondary endosymbiotic event?
8737	What kind of protists are Euglenophytes?
8746	What are Apicomplexans similar to?
8749	What is an apicoplast?
8751	What do apicoplasts synthesize?
8752	What kind of diseases do drugs target apicoplasts for?
8753	What is the most important thing apicoplasts do?
8760	What lineage is Karlodinium in?
8761	What lineage is Karenia in?
8768	What is another word for diatom?
8775	What did Lepidodinium viride lose?
8777	What is a prasinophyte?
8782	How many base pairs are there in Synechococcus DNA?
8785	When was the plastome discovered?
8787	Who sequenced the first plastome?
8788	What seldom mutates?
8790	What could inverted repeats help do?
8792	How many major chloroplast replication models have been suggested?
8794	What is a D-loop?
8797	What makes DNA vulnerable to deamination?
8800	Where does the secondary theory say most genes are kept?
8806	What do donated genes give evidence of?
8809	What is the status of most chloroplast genes in the mitochondrion?
8811	What new tasks do the protein products of transferred genes take on?
8815	What does Phosphorylation do?
8816	What is the benefit of polypeptide binding?
8818	How large across are chloroplasts in land plants?
8826	What does the inner mitochondria membrane do?
8827	What does oxidative phosphorylation do?
8828	What chloroplast structure is similar to the inner mitochondria membrane?
8829	What part of chloroplasts isn't similar to mitochondria?
8833	When were stromules discovered?
8836	What is a maze of membranous tubes?
8838	Where do transport vesicles move between?
8840	How large are Chloroplast ribosomes?
8842	What are some Chlorophyta and euglenid chloroplasts missing?
8855	What do pyrenoids look like?
8862	What are frets?
8867	What is ATP synthase similar to?
8873	How many photosynthetic carotenoids are there?
8874	What do photosynthetic carotenoids do?
8875	Why do carotenoids make leaves change color in the fall?
8876	What is beta carotene?
8878	What are Phycobilins?
8881	What are phycobilisomes?
8882	How big are phycobilisomes?
8883	What do chloroplasts use to fix carbon dioxide into sugar?
8885	What effect does rubisco's flaw have?
8887	What is wasted by rubisco's flaw?
8897	What is a chlorenchyma cell?
8904	When do chloroplasts arrange in vertical columns or turn sideways?
8907	What sometimes follows moving chloroplasts?
8910	What is the systemic acquired resistance response of a plant immune system?
8916	What is retrograde signaling?
8920	What are the molecular inputs for photosynthesis?
8921	What are the molecular outputs for photosynthesis?
8922	What do chloroplasts do like mitochondria?
8925	What does ATP synthase change into ATP?
8928	In what process are electrons recycled?
8929	Where is cyclic photophosphorylation common?
8930	What do C4 plants need?
8932	What is the result of the Calvin cycle?
8934	How many G3P molecules leave the cycle?
8935	What is an alternate way to make starch?
8936	When might starch grains become overly large?
8937	What happens when starch grains become overly large?
8938	What root problem can cause starch buildup?
8939	What might starch grains be a side effect of?
8940	What can rubisco do by mistake?
8941	When does photorespiration happen?
8942	Why is using O2 instead of CO2 less efficient?
8943	How much carbon gets wasted by using O2 instead of CO2?
8944	What is unusual about C4 plants' chloroplasts?
8947	What is the problem with cysteine?
8952	What is more often seen in root tip maristems?
8953	What happens if angiosperm shoots don't get enough light?
8954	What is an etioplast?
8957	What plants don't need light to make chloroplasts?
8959	What are chromoplasts?
8966	Where is the Z-ring?
8968	What are PD rings?
8970	How large are the outer PD ring's filaments?
8971	How far apart are the outer PD ring's filaments?
8977	Why are chloroplasts of interest in GMO crops?
8978	What is reduced by using plastid transformation for gene modification?
8984	Any number larger than 1 can be represented as a product of what?
8993	What type of behavior in primes is it possible to determine?
9002	What are the specific divisors of all even numbers larger than 2?
9006	What number did early Greeks not regard as a true number?
9010	What type of number do modern mathematicians consider 1 to be?
9012	The sieve of Eratosthenes would not be valid if what were true?
9015	If 1 were to be considered as prime what would the sieve of Eratosthenes yield for all other numbers?
9024	Of what form do Mersenne primes take?
9027	What makes the method of trial division more efficient?
9036	What is one straightforward case of a probabilistic test?
9053	For what size natural number does Bertrand's postulate hold?
9054	How is the prime number p in Bertrand's postulate expressed mathematically?
9058	What is the density of all primes compatible with a modulo 9?
9064	What does it mean when a harmonic series diverges?
9065	Of what mathematical nature is the Basel problem?
9068	What does the Riemann hypothesis state the source of irregularity in the distribution of points comes from?
9073	As of February 2011, how many numbers has Goldbach's conjecture been proven to?
9077	What is a twin prime?
9084	Besides public key cryptography, what is another application for prime numbers?
9085	What type of number generators make use of prime numbers?
9087	According to Fermat's theorem, what period does 1/p always have assuming p is prime that is not 2 or 5?
9090	What condition what must be satisfied in order for 1/p to be expressed in base q instead of base 10 and still have a period of p - 1?
9101	What does the word prime generally suggest?
9103	How can any knot be distinctively indicated?
9104	What is an additional meaning intended when the word prime is used?
9110	Under what condition is an element irreducible?
9114	What do a and b represent in a Gaussian integer expression?
9116	In what theory is the idea of a number exchanged with that of an ideal?
9121	What are the points of algebro-geometric objects?
9126	To what may general global fields be transferred to or from?
9128	What principle highlights the significance of primes in number theory
9167	How long is the section that turns north?
9168	What is the height of the section that turns north?
9169	What is the glacial alpine valley known as?
9180	What is the Almannic dialect to describe the islands outside in Austria?
9187	Why was the Rhine regulated?
9199	Where is the border of Swiss and Austria?
9203	Where does the cold and warm water meet the warm water?
9209	What does the word Rheinrinne translate to?
9230	What is the legal boundary behind the High and Upper Rind?
9262	What does the Ruhr provide to it's community?
9266	What country has the most factories that pollute the Rhine?
9282	How wide is the Rhine in Germany between Emmrich and Cleves?
9286	What is the name of the longest bridge in Germany?
9297	What does the Nederrikn's name change into?
9298	Where does the Lek join?
9305	The smaller streams are used for what?
9311	What is the nickname for the Delta in the Netherlands?
9322	What do closed rivers serve as after they close?
9324	What is the term for closing off rivers that are no longer connected?
9328	What does a high tide risk near lands?
9332	Microplates squeezing and rotating created the features of what?
9335	What rift system developed in the Alpine orogeny?
9347	When did the last glacial start?
9348	When did the last glacial end?
9354	When was the Last Glacial Maximum?
9357	When did Europe slowly begin to warm up from the last Ice Age?
9359	Where did the discharge from glaciers go in Europe in the last Ice Age?
9360	When did rapid warming begin and help vegetation?
9361	When was Europe fully forested and recovered from the last Ice Age?
9362	When did tides and currents similar to our current system begin?
9365	Why is the current sea level rising?
9366	How quickly is the sea level rising?
9371	When have humans started impacting the delta?
9375	How many avulsions have occurred in the past 6000 yeas?
9393	What did the number of legions in Roman times depend on?
9397	What is the translation of Siebengebirge?
9413	What do some believe the Treaty of Versailles assisted in?
9424	When was the Rhine measurement corrected back to the original?
9427	The legislative competence of the Parliament species what areas?
9430	What remained an important issue in Scottish national identity for many years?
9434	What did Kllbrandon's report in 1973 recommend establishing?
9438	What did the SNP publicly opine about the oil revenues?
9444	What percentage of Scotland's voting population failed to actually vote?
9445	In the range between 1980 and 1990, what did demand for grow?
9454	What was the building vacated twice to allow for?
9457	In May 2002, where would you go to address the Parliament?
9458	Where was Parliament temporarily relocated to in May of 2000?
9459	Who did the Parliament rent additional buildings from?
9461	What happened to the building on George IV Bridge when the Parliament was done with it?
9462	What do the former Midlothian County Buildings face?
9470	Who sets the work agenda and allocates time in the chamber?
9474	Why is the seating of the debating chamber arranged as it is?
9483	Which month is the first in the year Parliament takes a two week vacation?
9486	How much does it cost to gain entry to a parliament meeting?
9488	What day of the week does the Time for Reflection take place?
9489	How long might a speaker address the members during the Time of Reflection?
9490	Who decides who gets to address the members of Parliament to share their thoughts on issues of faith?
9492	What can faith groups ask the Presiding Officer to do for them?
9494	What is also decided by the Presiding Officer?
9495	What does the Presiding Officer try to achieve a balance of between speakers?
9499	What is heralded by the sounding of the division bell?
9501	How do members vote when there is a division?
9502	How long does it take to know the outcome of a division?
9507	What happens if a member doesn't vote the party line?
9512	What does the minister who was the catalyst of the Members Business do by speaking after everyone else?
9515	What is one avenue being compensated for by having committees serve such a large role?
9517	Where might committees meet outside of Parliament?
9518	Who are committees comprised of?
9519	What do the membership of the committees reflect?
9523	When are subject committees established?
9524	How many ministries of the Scottish government does a committee typically correspond to?
9525	Economy, Energy and Tourism is one of the what?
9528	What topic do private bills typically have?
9529	Who decides how land or property is allowed to be used?
9533	What does the Scotland Act of 2012 extend?
9534	What body constitutes the supreme legislature of Scotland?
9539	How much can the SP alter income tax in Scotland?
9540	Setting speed limits was one of the further devolutions which was conferred by what act?
9546	Who may introduce new laws or amendments to laws already on the books as a bill?
9548	Who may also submit private bills to Parliament?
9550	What is stage 1 in the life of a bill?
9551	What are presented to parliament in addition to the bill itself?
9552	What do statements from the PO and member in charge of the bill also indicate?
9559	When do members proceed to vote on whether they agree to the principles of the final bill?
9560	Who does the Presiding Officer submit the final bill to?
9562	What is the minimum amount of time before a bill can go into law?
9564	What does the template for bills passed by the Scottish Parliament include?
9566	Who is eligible to toss their name in the hat to be First Minister?
9567	Who is elected at the beginning of each term?
9572	Who may change the date by up to a month, on the proposal of the PO?
9579	What is set aside for question periods in the debating chamber?
9581	Who may members direct questions towards during General Question Time?
9587	Why do the island archipelagos comprise a smaller number of electors?
9589	How are the total numbers of seats allocated to parties?
9592	What set is a seat added to after being allocated?
9598	What act sets the term for judging the boundaries of sanity to which individuals wishing to sit on the SP must adhere?
9599	When the election produced an SNP majority government, what was it the first occurrence of?
9604	The loss of Edinburgh Pentlands really disappointed whom the most?
9607	Who announced she would step down as leader of the Conservatives?
9610	What are MPs unable to vote upon?
9611	What phenomenon has led to criticism?
9616	What goal does Islamism have when it comes to society and government?
9618	One strategy of Islamization is to seize power by what methods?
9625	What did Olivier Roy state underwent a remarkable shift in the second half of the 20th century?
9628	Why do Islamists need democratic elections?
9632	What does the inability to separate Islam from Islamism lead many in the West to support?
9638	What, rather than Islamism, requires explanation?
9658	What are incompetent government's commitment to social justice limited to?
9662	Who was Iqbal a critic of?
9670	Who was an important figure in the twentieth-century Islamic revival in India?
9691	Who was Al-Banna's assassination a retaliation for the prior assassination of?
9694	What status has the Brotherhood obtained in the Islamic world?
9695	What percentage of seats did political parties identifying as Islamist win in the Egyptian parliamentary election of 2011-2012?
9696	For many years, what was the Brotherhood described as?
9700	The defeat of the Arab troops in the Six-Day War constituted what for the Arab Muslim world?
9702	What happened to the credibility of secular politics as a result of the Six-Day War?
9703	What gained ground when Arab nationalism suffered?
9707	Who was it essential to Islam to imitate?
9710	Iran has assisted what type of groups in Iraq?
9715	What was the Soviet Union trying to suppress with its army?
9716	What did the conflict galvanize Muslims around the world to do?
9718	How many Muslims came from around the world to fight in Afghanistan?
9719	What did the Gulf War inadvertently do in the early 1990s?
9724	Who did the attacks resonate most with?
9725	What did Saudi Arabia try to repress to compensate for its loss of stature?
9727	Where did a bloody civil war break out?
9729	Whose ideas became increasingly radical during his imprisonment?
9734	Who took up the path of violence?
9737	What sin were the leaders the extremists attacked guilty of?
9738	Who wrote a pamphlet outlining the radical ideas of the extremists?
9750	How many people did Hamas kill between 2000 to 2007?
9753	What have Muslims praised Hamas for doing?
9757	How did Turabi build a strong economic base?
9764	One of FIS' agenda items was to force women to start doing what?
9765	When was the FIS founded?
9766	Where was the FIS formed?
9767	What does the acronym FIS stand for?
9769	Unsurprisingly, the mujahideen's victory against the Soviets in the 1980s failed to produce what?
9772	What did the civil war leave the state of Afghanistan's economy in?
9776	The Taliban was so different from other moments that they could be more accurately described as being what?
9780	What had Bhutto planned on banning within six months, before he was overthrown?
9782	What was Zia-ul-Haq accused of using Islamization to legitimize?
9784	What type of group is The Islamic State?
9785	Who leads The Islamic State?
9797	The abolition of the Ottoman Caliphate is believed to have ended what system?
9798	What are colonial powers blamed for?
9800	How does HT strive to amass power?
9801	Who specifically does HT target to change the opinion of?
9805	What type of outlook do some of the Muslims in London have?
9808	What was Abu Hamaz al-Masri charged with when he was arrested?
9813	What was the U.S. Information Agency charged with doing during the Cold War?
9817	Imperialism is responsible for the rapid spread of what?
9820	imperialism often divides countries by using which technique?
9822	A forced trade agreement between two countries would be an example of what?
9824	Some have generalized the meaning of the word imperialism down to general-purpose what?
9825	What subtle tool can be used in an informal imperialistic situation to expand a controlled area?
9827	The amount of land a country controls is its greatest what?
9837	Political advantage is an attribute of which state policies?
9838	Colonialism often means a country doing what?
9841	what do conquering people pass down to native populations?
9842	what is the most controversial aspect of imperialism?
9863	Early Western texts referencing the East describe the people as being what?
9864	The West saw the East as what?
9867	bassett focuses on what to illustrate his idea?
9869	What were blank spaces used for on nineteenth-century maps?
9870	What did Basset analyze before coming to his conclusions?
9874	How many Muslim empires have used imperialism?
9881	How do regimes fight against cultural imperialism?
9887	When was John Gallagher born?
9888	When did Ronald Robinson die?
9891	Who was made rich and prosperous prior to World War 1
9895	Who did Britain exploit in India?
9899	What weapons were the Zulus using during the Anglo-Zulu War of 1879?
9902	When did the term imperialism first come to be used by its current definition?
9903	What was the idealized value of imperialism?
9904	According to Lenin why must capitalistic countries have an imperialistic policy?
9912	Humans in tropical environments were considered what?
9914	What were the two forms of environmental determinism?
9915	Who thought the world could be split into climatic zones?
9916	Which regions have temperate climates?
9919	Who did the geographic scholars work for?
9920	When is the earliest Britain had an imperialist policy?
9932	How did france differ from Britain in managing its colonies?
9941	What was the only region in Europe not conquered by the Germanic tribes?
9942	When did the Germanic tribes claim territory in north and west Europe?
9944	Germany referred to which area more so than an actual country?
9947	When was the the second German empire founded?
9953	What was the name of the first German settlement?
9954	Who influenced Bismark besides his neighbors?
9955	What happened as a result of the Russo-Japanese War?
9960	When was the Russian Policy "Indigenization" defunded?
9962	After WW-II where did Russia apply its old Tsarist regimes?
9963	Who had established the Russian empire to its former glory prior to 1921?
9983	Who was the director of the American Geographical Society in 1914?
9985	Who besides Woodrow Wilson himself had the idea for the inquiry?
9986	What was the premise of Woodrow Wilson's inquiry?
9990	How many Africans were brought into the United States during the slave trade?
10002	What is the United Methodist Church?
10005	What is the church's theological orientation?
10012	Why was the student group called "the Methodists?"
10016	What did "The Holy Club's" teachings emphasize?
10036	Who was one man who joined hands and said "Lord of the Church, we are united in Thee...?"
10039	What is the concept of the visible and invisible Church?
10049	What is Prevenient grace?
10053	What is justifying grace also known as today?
10056	What is Sanctifying Grace?
10058	What is Christian Perfection?
10059	What is a genuine love of God with heart, soul and mind?
10072	Who is the president of TUMAS?
10080	What part of the UMC calls for its bishops to uphold opposition to capital punishment?
10082	In what year was the trial of Rev. Jimmy Creech?
10084	What is the governing committee  that voted in favor of a proposal that would permit ministers to officiate same-sex weddings?
10086	Many conferences have taking a position by voting in favor of what?
10091	The church states that, as Christians, they are aware that neither the way of what is righteous before God?"
10094	The Church rejects was as an instrument of what?
10096	Which task force states that pornography is harmful?
10102	What is the revised version of The Book of Common Prayer called?
10108	What may be named after a biblical figure?
10115	How often does the General Conference meet?
10120	What consist of one ore more Annual Conferences?
10121	Who makes decisions in between the four-year meetings?
10122	The Mission Council usually consists of whom?
10124	Why was the 36 acres leased?
10130	Where does The Council meet?
10132	The term Annual Conference is often used to refer to what?
10138	Which committee has the exclusive power to set pastors' salaries?
10140	How many schools and institutions does the church operate overseas?
10148	No appointment is official fixed until what occurs?
10152	Who may assign Elders?
10158	What is the title for a seminary graduate who serves a two-three-year term in full-time appointment after being commissioned?
10160	What is a local pastor's official title?
10162	How many years must a local pastor attend a course of study at United Methodist approved seminary?
10168	How do students learn about the church?
10169	What directions the local church to offer membership preparation to all people?
10170	What do students learn about in confirmation and membership preparation classes?
10173	How often must local lay servant reapply?
10196	Where was war fought?
10197	How did war start?
10198	When did violence start in war?
10201	Why did British operation fail in 1755, 56, 57?
10205	How much resources were French placing in North America?
10206	Where was France concentraing efforts?
10207	Where were British defeated in Canada?
10210	What was the significance of British win?
10211	When was King George's war?
10215	What time framd does the Seven Years War cover?
10221	Where did French fur trappers travel?
10226	What tribes were in Father Le Loutre's War?
10227	Where did Iroquois Confederation control?
10232	What was Frensh military presence at start of war?
10234	What was normal British defense?
10235	What was extent of Celeron's expedition?
10236	Who was on Celeron's expedition?
10237	How did Celeron handle business on trip?
10239	Where did Old Briton call home?
10240	How did Celeron handle meeting with Old Briton?
10241	What was Old Briton's response to Celeron?
10242	How did Celeron feel about Native relations?
10243	How were leaders back in Europe feeling about news from Celeron expedition?
10248	What agreement was made for trade with natives and British?
10252	What issues were not addressed in the Treaty of Aix-la-Chapelle?
10253	When a commission reached no decision, what happened?
10256	Was was the plan for Langlades mission?
10257	What was result of French attack of trading centre?
10259	Where did Marin build first fort?
10261	What was Marin's orders?
10264	What was William Johnson's Iroquois name?
10265	What title did Iroquois give Johnson?
10266	Who was the speaker of the tribal council?
10269	Who was added to party as Washington went on the way?
10271	Who invited Washington to dine with him?
10274	Why did French feel they had right to Ohio claim?
10279	What were casualties of battle?
10282	When did French learn about Braddock's plans?
10283	How did King Louis XV respond to British plans?
10286	What was the goal of congress?
10287	Was the plan formalized?
10288	What was the importance of the congress?
10292	What future Revolutionary key figures participated in this attack?
10293	Whose activities were the French able to gain knowledge of?
10294	What difficulties was Shirly having?
10299	Who won the battle of Lake George?
10300	Where did Johnson stop?
10301	Where was French withdrawal to?
10304	What other clashes were involved in taking Louisbourg?
10311	When did England formally declare war on France?
10312	Where was there a weakness in British supply chain?
10313	What was the attack on the British weakness?
10314	How much gun powder was destroyed in attack?
10315	What plans of the British did this attach on Oneida Carry set back?
10320	What was Loudoun's plans for 1757?
10327	What was causing New France to have issues with resupplying?
10328	What other reason caused poor supply of New France from a difficult winter?
10332	Pitt's plan called for what attacks?
10337	What impact did this loss have on Abercrombie?
10339	How successful was the French revised efforts?
10342	What was the significance of victory at Forth Niagara for British?
10344	What victory at thwarted efforts of French relief ships.
10346	What were requests made to British?
10350	What choice did French have for surrendering land?
10351	Why did France choose to give up continental lands?
10352	How many French colonists were gained by British?
10354	Where did British resettle many Acadians?
10358	What lands were reserved for natives?
10365	What was the belief that maintaining motion required force?
10366	Who had mathmatical insite?
10368	Who develped the theory of relativity?
10373	What are weak and electromatic forces expressions of?
10375	What was the concept of force an integral part of?
10391	What sate are things inside of a moving vehicle as seen by a  person inside the vehicle?
10394	What makes day length constant on Earth?
10396	What do astronaughts experience while in free-fall?
10399	What kind of measurements define accelerlations?
10411	What is used to quantify the intuitive undestanding of forces?
10412	What offers a conceptual definition of force?
10413	How are laboratory measurements of forces determined?
10416	How do you avoid problems when determining forces involved on an object from two or more sources?
10424	Whwn forces are at right ngles to each other what can they be broken down to?
10426	What do you get when you figure the sum of forces with vector addition?
10432	What makes static friction go up or down in responce to contact characteristics between an object and the surface it is on?
10438	Who first described dynamic equilibrium?
10441	Where will a canonball dropped from the crow's nest of a ship land according to Aristotle?
10442	Where does a canonball dropped from the crow's nest of a ship actually land?
10443	What occurs when traveling across a surface at a constant velocity with regard to friction?
10447	What equation currently decribes the physics of force.
10449	How are the forces derived from fields treated similarly to?
10457	How are the particle forces and accelerations explained as by gauge bosons exchange?
10458	What is the redundant concept coming from momentum conservation?
10459	What is more fundamental than force in quanton field theory?
10470	What type of physics model did Einstein fail to make?
10473	How fast do objects fall on Earth?
10476	How might gravity effects be observed differently according to Newton?
10480	What is used to figure the relative strengh of gravity?
10495	What is the law named that defines a charge moving through a magnetic field?
10507	What is often misunderstood as the cause of matter rigidity?
10508	What actually causes rigidity in matter?
10510	How is the Pauli exclusion priciple manifested in the macro world?
10511	What is often misunderstood as the cause of matter rigidity?
10512	What actually causes rigidity in matter?
10514	How is the Pauli exclusion priciple manifested in the macro world?
10515	What does stong force act upon?
10516	What can be seen between hadrons?
10518	How are nuclear forces transmitted?
10524	At what temperature do weak and electromagnetic forces appear the same?
10526	What occurs when electron clouds overlap from different atoms?
10527	What causes Pauli repulsion?
10529	What can be used to model tension forces?
10530	What do you use to let idea strings switch direction?
10531	In what way do idea strings transmit tesion forces?
10532	What is the final effect of adding more and more idea strings to a load?
10533	What can increase the tension force on a load?
10534	What did Newton's mechanics affect?
10535	What didn't Newton's mechanics affext?
10536	In what kind of fluid are pressure differences caused by direction of forces over gradients?
10538	What does matter actually have that Newtonian mechanics doesn't address?
10540	What is used to calculate cross section area in the volume of an object?
10542	What includes pressure terms when calculating area in volume?
10545	To calculate instant angular acceleration of a rigid body what would you use?
10546	Where does centripetal force go?
10550	What is resposible for speeding up or slowing down an object?
10553	What is preserved in a closed system of forces when acted upon?
10555	What is the force called rgarding a potential field between two locations?
10557	Why are some forces due to that are impossible to model?
10558	What do electrostatic gradiient potentials create?
10559	Tension, compression, and drag are what kind of forces?
10561	What changes macroscopic closed system energies?
10562	What is the exchange of heat associated with?
10564	What makes energy changes in a closed system?
10569	What is the seldom used force unit equal to one thousand newtons?
